[2026-06-26 07:27:35] local.ERROR: Call to undefined function escape() {"view":{"view":"R:\\SoftwareFiles\\laragon\\www\\richminis\\resources\\views\\frontend\\product_details.blade.php","data":{"errors":"<pre class=sf-dump id=sf-dump-455888664 data-indent-pad=\"  \"><span class=sf-dump-note>Illuminate\\Support\\ViewErrorBag</span> {<a class=sf-dump-ref>#3230</a><samp data-depth=1 class=sf-dump-expanded>
  #<span class=sf-dump-protected title=\"Protected property\">bags</span>: []
</samp>}
</pre><script>Sfdump(\"sf-dump-455888664\", {\"maxDepth\":3,\"maxStringLength\":160})</script>
","detailedProduct":"<pre class=sf-dump id=sf-dump-2015387046 data-indent-pad=\"  \"><span class=sf-dump-note>App\\Models\\Product</span> {<a class=sf-dump-ref>#4333</a><samp data-depth=1 class=sf-dump-expanded>
  #<span class=sf-dump-protected title=\"Protected property\">connection</span>: \"<span class=sf-dump-str title=\"5 characters\">mysql</span>\"
  #<span class=sf-dump-protected title=\"Protected property\">table</span>: \"<span class=sf-dump-str title=\"8 characters\">products</span>\"
  #<span class=sf-dump-protected title=\"Protected property\">primaryKey</span>: \"<span class=sf-dump-str title=\"2 characters\">id</span>\"
  #<span class=sf-dump-protected title=\"Protected property\">keyType</span>: \"<span class=sf-dump-str title=\"3 characters\">int</span>\"
  +<span class=sf-dump-public title=\"Public property\">incrementing</span>: <span class=sf-dump-const>true</span>
  #<span class=sf-dump-protected title=\"Protected property\">with</span>: <span class=sf-dump-note>array:3</span> [<samp data-depth=2 class=sf-dump-compact>
    <span class=sf-dump-index>0</span> => \"<span class=sf-dump-str title=\"20 characters\">product_translations</span>\"
    <span class=sf-dump-index>1</span> => \"<span class=sf-dump-str title=\"5 characters\">taxes</span>\"
    <span class=sf-dump-index>2</span> => \"<span class=sf-dump-str title=\"9 characters\">thumbnail</span>\"
  </samp>]
  #<span class=sf-dump-protected title=\"Protected property\">withCount</span>: []
  +<span class=sf-dump-public title=\"Public property\">preventsLazyLoading</span>: <span class=sf-dump-const>false</span>
  #<span class=sf-dump-protected title=\"Protected property\">perPage</span>: <span class=sf-dump-num>15</span>
  +<span class=sf-dump-public title=\"Public property\">exists</span>: <span class=sf-dump-const>true</span>
  +<span class=sf-dump-public title=\"Public property\">wasRecentlyCreated</span>: <span class=sf-dump-const>false</span>
  #<span class=sf-dump-protected title=\"Protected property\">escapeWhenCastingToString</span>: <span class=sf-dump-const>false</span>
  #<span class=sf-dump-protected title=\"Protected property\">attributes</span>: <span class=sf-dump-note>array:70</span> [<samp data-depth=2 class=sf-dump-compact>
    \"<span class=sf-dump-key>id</span>\" => <span class=sf-dump-num>39</span>
    \"<span class=sf-dump-key>name</span>\" => \"<span class=sf-dump-str title=\"22 characters\">Kids Woven Cross Strap</span>\"
    \"<span class=sf-dump-key>added_by</span>\" => \"<span class=sf-dump-str title=\"5 characters\">admin</span>\"
    \"<span class=sf-dump-key>user_id</span>\" => <span class=sf-dump-num>9</span>
    \"<span class=sf-dump-key>category_id</span>\" => <span class=sf-dump-num>1</span>
    \"<span class=sf-dump-key>brand_id</span>\" => <span class=sf-dump-const>null</span>
    \"<span class=sf-dump-key>photos</span>\" => \"<span class=sf-dump-str title=\"11 characters\">374,372,373</span>\"
    \"<span class=sf-dump-key>thumbnail_img</span>\" => \"<span class=sf-dump-str title=\"3 characters\">372</span>\"
    \"<span class=sf-dump-key>short_video</span>\" => <span class=sf-dump-const>null</span>
    \"<span class=sf-dump-key>short_video_thumbnail</span>\" => <span class=sf-dump-const>null</span>
    \"<span class=sf-dump-key>video_provider</span>\" => <span class=sf-dump-const>null</span>
    \"<span class=sf-dump-key>video_link</span>\" => <span class=sf-dump-const>null</span>
    \"<span class=sf-dump-key>tags</span>\" => \"<span class=sf-dump-str title=\"68 characters\">Kids Woven Cross Strap,kid sandals,baby sandals,kid shoes,baby shoes</span>\"
    \"<span class=sf-dump-key>description</span>\" => \"<span class=sf-dump-str title=\"3146 characters\">&lt;h6&gt;&lt;b data-path-to-node=&quot;0&quot; data-index-in-node=&quot;0&quot;&gt;RICHMINIS - Kids Woven Cross Strap&lt;/b&gt;&lt;/h6&gt;&lt;p data-path-to-node=&quot;1&quot;&gt;Embrace high-end resort styling with our Jacquard Criss-Cross Sandals. Striking the perfect balance between global luxury trends and everyday functional comfort, these sandals feature an elegant, monochromatic print that brings a sophisticated, runway-ready look to your little one&#039;s warm-weather wardrobe.&lt;/p&gt;&lt;h6&gt;&lt;b data-path-to-node=&quot;3&quot; data-index-in-node=&quot;0&quot;&gt;Key Features&lt;/b&gt;&lt;/h6&gt;&lt;ul data-path-to-node=&quot;4&quot;&gt;&lt;li&gt;&lt;p data-path-to-node=&quot;4,0,0&quot;&gt;&lt;b data-path-to-node=&quot;4,0,0&quot; data-index-in-node=&quot;0&quot;&gt;Premium Jacquard Weave&lt;/b&gt;: Designed with wide, criss-cross straps featuring an intricately woven black-and-ivory tapestry pattern for a distinct luxury-boutique feel.&lt;/p&gt;&lt;/li&gt;&lt;li&gt;&lt;p data-path-to-node=&quot;4,1,0&quot;&gt;&lt;b data-path-to-node=&quot;4,1,0&quot; data-index-in-node=&quot;0&quot;&gt;Ergonomic Contoured Footbed&lt;/b&gt;: Outfitted with a plush, smooth black leather-style footbed designed to gently cradle growing feet for all-day comfort.&lt;/p&gt;&lt;/li&gt;&lt;li&gt;&lt;p data-path-to-node=&quot;4,2,0&quot;&gt;&lt;b data-path-to-node=&quot;4,2,0&quot; data-index-in-node=&quot;0&quot;&gt;Adjustable Hook-and-Loop Backstrap&lt;/b&gt;: Features a durable black leather-style ankle strap with a heavy-duty metal loop and secure closure, ensuring a customizable fit that&#039;s easy to adjust.&lt;/p&gt;&lt;/li&gt;&lt;li&gt;&lt;p data-path-to-node=&quot;4,3,0&quot;&gt;&lt;b data-path-to-node=&quot;4,3,0&quot; data-index-in-node=&quot;0&quot;&gt;Chunky Protective Outsole&lt;/b&gt;: Built with a lightweight, flexible thick rubber sole that wraps slightly around the footbed for premium impact protection and stability.&lt;/p&gt;&lt;/li&gt;&lt;li&gt;&lt;p data-path-to-node=&quot;4,4,0&quot;&gt;&lt;b data-path-to-node=&quot;4,4,0&quot; data-index-in-node=&quot;0&quot;&gt;High-Grip Traction&lt;/b&gt;: The textured under-sole is engineered to prevent slipping, making them perfect for resort strolls, weekend outings, or active city play.&lt;/p&gt;&lt;/li&gt;&lt;/ul&gt;&lt;h6&gt;&lt;b data-path-to-node=&quot;6&quot; data-index-in-node=&quot;0&quot;&gt;Product Specifications&lt;/b&gt;&lt;/h6&gt;&lt;ul data-path-to-node=&quot;7&quot;&gt;&lt;li&gt;&lt;p data-path-to-node=&quot;7,0,0&quot;&gt;&lt;b data-path-to-node=&quot;7,0,0&quot; data-index-in-node=&quot;0&quot;&gt;Style&lt;/b&gt;: Criss-Cross Jacquard Slingback Sandal.&lt;/p&gt;&lt;/li&gt;&lt;li&gt;&lt;p data-path-to-node=&quot;7,1,0&quot;&gt;&lt;b data-path-to-node=&quot;7,1,0&quot; data-index-in-node=&quot;0&quot;&gt;Upper Material&lt;/b&gt;: High-quality woven cotton jacquard and premium synthetic leather.&lt;/p&gt;&lt;/li&gt;&lt;li&gt;&lt;p data-path-to-node=&quot;7,2,0&quot;&gt;&lt;b data-path-to-node=&quot;7,2,0&quot; data-index-in-node=&quot;0&quot;&gt;Sole Material&lt;/b&gt;: High-density flexible rubber.&lt;/p&gt;&lt;/li&gt;&lt;li&gt;&lt;p data-path-to-node=&quot;7,3,0&quot;&gt;&lt;b data-path-to-node=&quot;7,3,0&quot; data-index-in-node=&quot;0&quot;&gt;Colorway&lt;/b&gt;: Natural Ivory.&lt;/p&gt;&lt;/li&gt;&lt;li&gt;&lt;p data-path-to-node=&quot;7,4,0&quot;&gt;&lt;b data-path-to-node=&quot;7,4,0&quot; data-index-in-node=&quot;0&quot;&gt;Closure&lt;/b&gt;: Adjustable hook-and-loop backstrap.&lt;/p&gt;&lt;/li&gt;&lt;/ul&gt;&lt;h6&gt;&lt;b data-path-to-node=&quot;9&quot; data-index-in-node=&quot;0&quot;&gt;Brand Insight&lt;/b&gt;&lt;/h6&gt;&lt;p data-path-to-node=&quot;10&quot;&gt;These sandals are designed for mothers who value a minimalist, international-class aesthetic over loud, cartoonish children&#039;s designs. Offering an upscale look reminiscent of high-fashion house aesthetics, they transition effortlessly from a casual day at the beach to an elegant family dinner, maintaining the premium standard your lifestyle ecosystem demands.&lt;/p&gt;</span>\"
    \"<span class=sf-dump-key>unit_price</span>\" => <span class=sf-dump-num>1750.0</span>
    \"<span class=sf-dump-key>purchase_price</span>\" => <span class=sf-dump-const>null</span>
    \"<span class=sf-dump-key>variant_product</span>\" => <span class=sf-dump-num>1</span>
    \"<span class=sf-dump-key>attributes</span>\" => \"<span class=sf-dump-str title=\"5 characters\">[&quot;1&quot;]</span>\"
    \"<span class=sf-dump-key>choice_options</span>\" => \"<span class=sf-dump-str title=\"83 characters\">[{&quot;attribute_id&quot;:&quot;1&quot;,&quot;values&quot;:[&quot;21&quot;,&quot;22&quot;,&quot;23&quot;,&quot;24&quot;,&quot;25&quot;,&quot;26&quot;,&quot;27&quot;,&quot;28&quot;,&quot;29&quot;,&quot;30&quot;]}]</span>\"
    \"<span class=sf-dump-key>colors</span>\" => \"<span class=sf-dump-str title=\"11 characters\">[&quot;#FFFFFF&quot;]</span>\"
    \"<span class=sf-dump-key>variations</span>\" => <span class=sf-dump-const>null</span>
    \"<span class=sf-dump-key>custom_label_id</span>\" => <span class=sf-dump-const>null</span>
    \"<span class=sf-dump-key>todays_deal</span>\" => <span class=sf-dump-num>0</span>
    \"<span class=sf-dump-key>published</span>\" => <span class=sf-dump-num>1</span>
    \"<span class=sf-dump-key>draft</span>\" => <span class=sf-dump-num>0</span>
    \"<span class=sf-dump-key>pos</span>\" => <span class=sf-dump-num>0</span>
    \"<span class=sf-dump-key>approved</span>\" => <span class=sf-dump-num>1</span>
    \"<span class=sf-dump-key>stock_visibility_state</span>\" => \"<span class=sf-dump-str title=\"8 characters\">quantity</span>\"
    \"<span class=sf-dump-key>cash_on_delivery</span>\" => <span class=sf-dump-num>1</span>
    \"<span class=sf-dump-key>featured</span>\" => <span class=sf-dump-num>0</span>
    \"<span class=sf-dump-key>seller_featured</span>\" => <span class=sf-dump-num>0</span>
    \"<span class=sf-dump-key>current_stock</span>\" => <span class=sf-dump-num>10</span>
    \"<span class=sf-dump-key>unit</span>\" => \"<span class=sf-dump-str title=\"2 characters\">Pc</span>\"
    \"<span class=sf-dump-key>weight</span>\" => <span class=sf-dump-num>0.0</span>
    \"<span class=sf-dump-key>min_qty</span>\" => <span class=sf-dump-num>1</span>
    \"<span class=sf-dump-key>low_stock_quantity</span>\" => <span class=sf-dump-num>1</span>
    \"<span class=sf-dump-key>discount</span>\" => <span class=sf-dump-num>0.0</span>
    \"<span class=sf-dump-key>discount_type</span>\" => \"<span class=sf-dump-str title=\"6 characters\">amount</span>\"
    \"<span class=sf-dump-key>discount_start_date</span>\" => <span class=sf-dump-const>null</span>
    \"<span class=sf-dump-key>discount_end_date</span>\" => <span class=sf-dump-const>null</span>
    \"<span class=sf-dump-key>tax</span>\" => <span class=sf-dump-const>null</span>
    \"<span class=sf-dump-key>tax_type</span>\" => <span class=sf-dump-const>null</span>
    \"<span class=sf-dump-key>hsn_code</span>\" => <span class=sf-dump-const>null</span>
    \"<span class=sf-dump-key>gst_rate</span>\" => <span class=sf-dump-num>0.0</span>
    \"<span class=sf-dump-key>shipping_type</span>\" => \"<span class=sf-dump-str title=\"9 characters\">flat_rate</span>\"
    \"<span class=sf-dump-key>shipping_cost</span>\" => <span class=sf-dump-num>0.0</span>
    \"<span class=sf-dump-key>is_quantity_multiplied</span>\" => <span class=sf-dump-num>0</span>
    \"<span class=sf-dump-key>est_shipping_days</span>\" => <span class=sf-dump-const>null</span>
    \"<span class=sf-dump-key>num_of_sale</span>\" => <span class=sf-dump-num>2</span>
    \"<span class=sf-dump-key>meta_title</span>\" => \"<span class=sf-dump-str title=\"22 characters\">Kids Woven Cross Strap</span>\"
    \"<span class=sf-dump-key>meta_description</span>\" => \"\"\"
      <span class=sf-dump-str title=\"342 characters\">RICHMINIS - Kids Woven Cross Strap<span class=\"sf-dump-default sf-dump-ns\">\\r\\n</span></span>
      <span class=sf-dump-str title=\"342 characters\">Embrace high-end resort styling with our Jacquard Criss-Cross Sandals. Striking the perfect balance between global luxury trends and everyday functional comfort, these sandals feature an elegant, monochromatic print that brings a sophisticated, runway-ready look to your little one&#039;s warm-weather wardrobe.</span>
      \"\"\"
    \"<span class=sf-dump-key>meta_keywords</span>\" => \"<span class=sf-dump-str title=\"46 characters\">Kids Woven Cross Strap, kid shoes, baby shoes,</span>\"
    \"<span class=sf-dump-key>meta_img</span>\" => \"<span class=sf-dump-str title=\"3 characters\">374</span>\"
    \"<span class=sf-dump-key>pdf</span>\" => <span class=sf-dump-const>null</span>
    \"<span class=sf-dump-key>slug</span>\" => \"<span class=sf-dump-str title=\"22 characters\">kids-woven-cross-strap</span>\"
    \"<span class=sf-dump-key>rating</span>\" => <span class=sf-dump-num>0.0</span>
    \"<span class=sf-dump-key>barcode</span>\" => <span class=sf-dump-const>null</span>
    \"<span class=sf-dump-key>digital</span>\" => <span class=sf-dump-num>0</span>
    \"<span class=sf-dump-key>auction_product</span>\" => <span class=sf-dump-num>0</span>
    \"<span class=sf-dump-key>file_name</span>\" => <span class=sf-dump-const>null</span>
    \"<span class=sf-dump-key>file_path</span>\" => <span class=sf-dump-const>null</span>
    \"<span class=sf-dump-key>external_link</span>\" => <span class=sf-dump-const>null</span>
    \"<span class=sf-dump-key>external_link_btn</span>\" => <span class=sf-dump-const>null</span>
    \"<span class=sf-dump-key>wholesale_product</span>\" => <span class=sf-dump-num>0</span>
    \"<span class=sf-dump-key>frequently_bought_selection_type</span>\" => \"<span class=sf-dump-str title=\"7 characters\">product</span>\"
    \"<span class=sf-dump-key>has_warranty</span>\" => <span class=sf-dump-num>0</span>
    \"<span class=sf-dump-key>warranty_id</span>\" => <span class=sf-dump-const>null</span>
    \"<span class=sf-dump-key>warranty_note_id</span>\" => <span class=sf-dump-const>null</span>
    \"<span class=sf-dump-key>created_at</span>\" => \"<span class=sf-dump-str title=\"19 characters\">2026-05-21 04:46:29</span>\"
    \"<span class=sf-dump-key>updated_at</span>\" => \"<span class=sf-dump-str title=\"19 characters\">2026-05-31 01:53:42</span>\"
  </samp>]
  #<span class=sf-dump-protected title=\"Protected property\">original</span>: <span class=sf-dump-note>array:70</span> [<samp data-depth=2 class=sf-dump-compact>
    \"<span class=sf-dump-key>id</span>\" => <span class=sf-dump-num>39</span>
    \"<span class=sf-dump-key>name</span>\" => \"<span class=sf-dump-str title=\"22 characters\">Kids Woven Cross Strap</span>\"
    \"<span class=sf-dump-key>added_by</span>\" => \"<span class=sf-dump-str title=\"5 characters\">admin</span>\"
    \"<span class=sf-dump-key>user_id</span>\" => <span class=sf-dump-num>9</span>
    \"<span class=sf-dump-key>category_id</span>\" => <span class=sf-dump-num>1</span>
    \"<span class=sf-dump-key>brand_id</span>\" => <span class=sf-dump-const>null</span>
    \"<span class=sf-dump-key>photos</span>\" => \"<span class=sf-dump-str title=\"11 characters\">374,372,373</span>\"
    \"<span class=sf-dump-key>thumbnail_img</span>\" => \"<span class=sf-dump-str title=\"3 characters\">372</span>\"
    \"<span class=sf-dump-key>short_video</span>\" => <span class=sf-dump-const>null</span>
    \"<span class=sf-dump-key>short_video_thumbnail</span>\" => <span class=sf-dump-const>null</span>
    \"<span class=sf-dump-key>video_provider</span>\" => <span class=sf-dump-const>null</span>
    \"<span class=sf-dump-key>video_link</span>\" => <span class=sf-dump-const>null</span>
    \"<span class=sf-dump-key>tags</span>\" => \"<span class=sf-dump-str title=\"68 characters\">Kids Woven Cross Strap,kid sandals,baby sandals,kid shoes,baby shoes</span>\"
    \"<span class=sf-dump-key>description</span>\" => \"<span class=sf-dump-str title=\"3146 characters\">&lt;h6&gt;&lt;b data-path-to-node=&quot;0&quot; data-index-in-node=&quot;0&quot;&gt;RICHMINIS - Kids Woven Cross Strap&lt;/b&gt;&lt;/h6&gt;&lt;p data-path-to-node=&quot;1&quot;&gt;Embrace high-end resort styling with our Jacquard Criss-Cross Sandals. Striking the perfect balance between global luxury trends and everyday functional comfort, these sandals feature an elegant, monochromatic print that brings a sophisticated, runway-ready look to your little one&#039;s warm-weather wardrobe.&lt;/p&gt;&lt;h6&gt;&lt;b data-path-to-node=&quot;3&quot; data-index-in-node=&quot;0&quot;&gt;Key Features&lt;/b&gt;&lt;/h6&gt;&lt;ul data-path-to-node=&quot;4&quot;&gt;&lt;li&gt;&lt;p data-path-to-node=&quot;4,0,0&quot;&gt;&lt;b data-path-to-node=&quot;4,0,0&quot; data-index-in-node=&quot;0&quot;&gt;Premium Jacquard Weave&lt;/b&gt;: Designed with wide, criss-cross straps featuring an intricately woven black-and-ivory tapestry pattern for a distinct luxury-boutique feel.&lt;/p&gt;&lt;/li&gt;&lt;li&gt;&lt;p data-path-to-node=&quot;4,1,0&quot;&gt;&lt;b data-path-to-node=&quot;4,1,0&quot; data-index-in-node=&quot;0&quot;&gt;Ergonomic Contoured Footbed&lt;/b&gt;: Outfitted with a plush, smooth black leather-style footbed designed to gently cradle growing feet for all-day comfort.&lt;/p&gt;&lt;/li&gt;&lt;li&gt;&lt;p data-path-to-node=&quot;4,2,0&quot;&gt;&lt;b data-path-to-node=&quot;4,2,0&quot; data-index-in-node=&quot;0&quot;&gt;Adjustable Hook-and-Loop Backstrap&lt;/b&gt;: Features a durable black leather-style ankle strap with a heavy-duty metal loop and secure closure, ensuring a customizable fit that&#039;s easy to adjust.&lt;/p&gt;&lt;/li&gt;&lt;li&gt;&lt;p data-path-to-node=&quot;4,3,0&quot;&gt;&lt;b data-path-to-node=&quot;4,3,0&quot; data-index-in-node=&quot;0&quot;&gt;Chunky Protective Outsole&lt;/b&gt;: Built with a lightweight, flexible thick rubber sole that wraps slightly around the footbed for premium impact protection and stability.&lt;/p&gt;&lt;/li&gt;&lt;li&gt;&lt;p data-path-to-node=&quot;4,4,0&quot;&gt;&lt;b data-path-to-node=&quot;4,4,0&quot; data-index-in-node=&quot;0&quot;&gt;High-Grip Traction&lt;/b&gt;: The textured under-sole is engineered to prevent slipping, making them perfect for resort strolls, weekend outings, or active city play.&lt;/p&gt;&lt;/li&gt;&lt;/ul&gt;&lt;h6&gt;&lt;b data-path-to-node=&quot;6&quot; data-index-in-node=&quot;0&quot;&gt;Product Specifications&lt;/b&gt;&lt;/h6&gt;&lt;ul data-path-to-node=&quot;7&quot;&gt;&lt;li&gt;&lt;p data-path-to-node=&quot;7,0,0&quot;&gt;&lt;b data-path-to-node=&quot;7,0,0&quot; data-index-in-node=&quot;0&quot;&gt;Style&lt;/b&gt;: Criss-Cross Jacquard Slingback Sandal.&lt;/p&gt;&lt;/li&gt;&lt;li&gt;&lt;p data-path-to-node=&quot;7,1,0&quot;&gt;&lt;b data-path-to-node=&quot;7,1,0&quot; data-index-in-node=&quot;0&quot;&gt;Upper Material&lt;/b&gt;: High-quality woven cotton jacquard and premium synthetic leather.&lt;/p&gt;&lt;/li&gt;&lt;li&gt;&lt;p data-path-to-node=&quot;7,2,0&quot;&gt;&lt;b data-path-to-node=&quot;7,2,0&quot; data-index-in-node=&quot;0&quot;&gt;Sole Material&lt;/b&gt;: High-density flexible rubber.&lt;/p&gt;&lt;/li&gt;&lt;li&gt;&lt;p data-path-to-node=&quot;7,3,0&quot;&gt;&lt;b data-path-to-node=&quot;7,3,0&quot; data-index-in-node=&quot;0&quot;&gt;Colorway&lt;/b&gt;: Natural Ivory.&lt;/p&gt;&lt;/li&gt;&lt;li&gt;&lt;p data-path-to-node=&quot;7,4,0&quot;&gt;&lt;b data-path-to-node=&quot;7,4,0&quot; data-index-in-node=&quot;0&quot;&gt;Closure&lt;/b&gt;: Adjustable hook-and-loop backstrap.&lt;/p&gt;&lt;/li&gt;&lt;/ul&gt;&lt;h6&gt;&lt;b data-path-to-node=&quot;9&quot; data-index-in-node=&quot;0&quot;&gt;Brand Insight&lt;/b&gt;&lt;/h6&gt;&lt;p data-path-to-node=&quot;10&quot;&gt;These sandals are designed for mothers who value a minimalist, international-class aesthetic over loud, cartoonish children&#039;s designs. Offering an upscale look reminiscent of high-fashion house aesthetics, they transition effortlessly from a casual day at the beach to an elegant family dinner, maintaining the premium standard your lifestyle ecosystem demands.&lt;/p&gt;</span>\"
    \"<span class=sf-dump-key>unit_price</span>\" => <span class=sf-dump-num>1750.0</span>
    \"<span class=sf-dump-key>purchase_price</span>\" => <span class=sf-dump-const>null</span>
    \"<span class=sf-dump-key>variant_product</span>\" => <span class=sf-dump-num>1</span>
    \"<span class=sf-dump-key>attributes</span>\" => \"<span class=sf-dump-str title=\"5 characters\">[&quot;1&quot;]</span>\"
    \"<span class=sf-dump-key>choice_options</span>\" => \"<span class=sf-dump-str title=\"83 characters\">[{&quot;attribute_id&quot;:&quot;1&quot;,&quot;values&quot;:[&quot;21&quot;,&quot;22&quot;,&quot;23&quot;,&quot;24&quot;,&quot;25&quot;,&quot;26&quot;,&quot;27&quot;,&quot;28&quot;,&quot;29&quot;,&quot;30&quot;]}]</span>\"
    \"<span class=sf-dump-key>colors</span>\" => \"<span class=sf-dump-str title=\"11 characters\">[&quot;#FFFFFF&quot;]</span>\"
    \"<span class=sf-dump-key>variations</span>\" => <span class=sf-dump-const>null</span>
    \"<span class=sf-dump-key>custom_label_id</span>\" => <span class=sf-dump-const>null</span>
    \"<span class=sf-dump-key>todays_deal</span>\" => <span class=sf-dump-num>0</span>
    \"<span class=sf-dump-key>published</span>\" => <span class=sf-dump-num>1</span>
    \"<span class=sf-dump-key>draft</span>\" => <span class=sf-dump-num>0</span>
    \"<span class=sf-dump-key>pos</span>\" => <span class=sf-dump-num>0</span>
    \"<span class=sf-dump-key>approved</span>\" => <span class=sf-dump-num>1</span>
    \"<span class=sf-dump-key>stock_visibility_state</span>\" => \"<span class=sf-dump-str title=\"8 characters\">quantity</span>\"
    \"<span class=sf-dump-key>cash_on_delivery</span>\" => <span class=sf-dump-num>1</span>
    \"<span class=sf-dump-key>featured</span>\" => <span class=sf-dump-num>0</span>
    \"<span class=sf-dump-key>seller_featured</span>\" => <span class=sf-dump-num>0</span>
    \"<span class=sf-dump-key>current_stock</span>\" => <span class=sf-dump-num>10</span>
    \"<span class=sf-dump-key>unit</span>\" => \"<span class=sf-dump-str title=\"2 characters\">Pc</span>\"
    \"<span class=sf-dump-key>weight</span>\" => <span class=sf-dump-num>0.0</span>
    \"<span class=sf-dump-key>min_qty</span>\" => <span class=sf-dump-num>1</span>
    \"<span class=sf-dump-key>low_stock_quantity</span>\" => <span class=sf-dump-num>1</span>
    \"<span class=sf-dump-key>discount</span>\" => <span class=sf-dump-num>0.0</span>
    \"<span class=sf-dump-key>discount_type</span>\" => \"<span class=sf-dump-str title=\"6 characters\">amount</span>\"
    \"<span class=sf-dump-key>discount_start_date</span>\" => <span class=sf-dump-const>null</span>
    \"<span class=sf-dump-key>discount_end_date</span>\" => <span class=sf-dump-const>null</span>
    \"<span class=sf-dump-key>tax</span>\" => <span class=sf-dump-const>null</span>
    \"<span class=sf-dump-key>tax_type</span>\" => <span class=sf-dump-const>null</span>
    \"<span class=sf-dump-key>hsn_code</span>\" => <span class=sf-dump-const>null</span>
    \"<span class=sf-dump-key>gst_rate</span>\" => <span class=sf-dump-num>0.0</span>
    \"<span class=sf-dump-key>shipping_type</span>\" => \"<span class=sf-dump-str title=\"9 characters\">flat_rate</span>\"
    \"<span class=sf-dump-key>shipping_cost</span>\" => <span class=sf-dump-num>0.0</span>
    \"<span class=sf-dump-key>is_quantity_multiplied</span>\" => <span class=sf-dump-num>0</span>
    \"<span class=sf-dump-key>est_shipping_days</span>\" => <span class=sf-dump-const>null</span>
    \"<span class=sf-dump-key>num_of_sale</span>\" => <span class=sf-dump-num>2</span>
    \"<span class=sf-dump-key>meta_title</span>\" => \"<span class=sf-dump-str title=\"22 characters\">Kids Woven Cross Strap</span>\"
    \"<span class=sf-dump-key>meta_description</span>\" => \"\"\"
      <span class=sf-dump-str title=\"342 characters\">RICHMINIS - Kids Woven Cross Strap<span class=\"sf-dump-default sf-dump-ns\">\\r\\n</span></span>
      <span class=sf-dump-str title=\"342 characters\">Embrace high-end resort styling with our Jacquard Criss-Cross Sandals. Striking the perfect balance between global luxury trends and everyday functional comfort, these sandals feature an elegant, monochromatic print that brings a sophisticated, runway-ready look to your little one&#039;s warm-weather wardrobe.</span>
      \"\"\"
    \"<span class=sf-dump-key>meta_keywords</span>\" => \"<span class=sf-dump-str title=\"46 characters\">Kids Woven Cross Strap, kid shoes, baby shoes,</span>\"
    \"<span class=sf-dump-key>meta_img</span>\" => \"<span class=sf-dump-str title=\"3 characters\">374</span>\"
    \"<span class=sf-dump-key>pdf</span>\" => <span class=sf-dump-const>null</span>
    \"<span class=sf-dump-key>slug</span>\" => \"<span class=sf-dump-str title=\"22 characters\">kids-woven-cross-strap</span>\"
    \"<span class=sf-dump-key>rating</span>\" => <span class=sf-dump-num>0.0</span>
    \"<span class=sf-dump-key>barcode</span>\" => <span class=sf-dump-const>null</span>
    \"<span class=sf-dump-key>digital</span>\" => <span class=sf-dump-num>0</span>
    \"<span class=sf-dump-key>auction_product</span>\" => <span class=sf-dump-num>0</span>
    \"<span class=sf-dump-key>file_name</span>\" => <span class=sf-dump-const>null</span>
    \"<span class=sf-dump-key>file_path</span>\" => <span class=sf-dump-const>null</span>
    \"<span class=sf-dump-key>external_link</span>\" => <span class=sf-dump-const>null</span>
    \"<span class=sf-dump-key>external_link_btn</span>\" => <span class=sf-dump-const>null</span>
    \"<span class=sf-dump-key>wholesale_product</span>\" => <span class=sf-dump-num>0</span>
    \"<span class=sf-dump-key>frequently_bought_selection_type</span>\" => \"<span class=sf-dump-str title=\"7 characters\">product</span>\"
    \"<span class=sf-dump-key>has_warranty</span>\" => <span class=sf-dump-num>0</span>
    \"<span class=sf-dump-key>warranty_id</span>\" => <span class=sf-dump-const>null</span>
    \"<span class=sf-dump-key>warranty_note_id</span>\" => <span class=sf-dump-const>null</span>
    \"<span class=sf-dump-key>created_at</span>\" => \"<span class=sf-dump-str title=\"19 characters\">2026-05-21 04:46:29</span>\"
    \"<span class=sf-dump-key>updated_at</span>\" => \"<span class=sf-dump-str title=\"19 characters\">2026-05-31 01:53:42</span>\"
  </samp>]
  #<span class=sf-dump-protected title=\"Protected property\">changes</span>: []
  #<span class=sf-dump-protected title=\"Protected property\">casts</span>: []
  #<span class=sf-dump-protected title=\"Protected property\">classCastCache</span>: []
  #<span class=sf-dump-protected title=\"Protected property\">attributeCastCache</span>: []
  #<span class=sf-dump-protected title=\"Protected property\">dateFormat</span>: <span class=sf-dump-const>null</span>
  #<span class=sf-dump-protected title=\"Protected property\">appends</span>: []
  #<span class=sf-dump-protected title=\"Protected property\">dispatchesEvents</span>: []
  #<span class=sf-dump-protected title=\"Protected property\">observables</span>: []
  #<span class=sf-dump-protected title=\"Protected property\">relations</span>: <span class=sf-dump-note>array:8</span> [<samp data-depth=2 class=sf-dump-compact>
    \"<span class=sf-dump-key>product_translations</span>\" => <span class=sf-dump-note title=\"Illuminate\\Database\\Eloquent\\Collection
\"><span class=\"sf-dump-ellipsis sf-dump-ellipsis-note\">Illuminate\\Database\\Eloquent</span><span class=\"sf-dump-ellipsis sf-dump-ellipsis-note\">\\</span>Collection</span> {<a class=sf-dump-ref>#4338</a><samp data-depth=3 class=sf-dump-compact>
      #<span class=sf-dump-protected title=\"Protected property\">items</span>: <span class=sf-dump-note>array:1</span> [ &#8230;1]
      #<span class=sf-dump-protected title=\"Protected property\">escapeWhenCastingToString</span>: <span class=sf-dump-const>false</span>
    </samp>}
    \"<span class=sf-dump-key>taxes</span>\" => <span class=sf-dump-note title=\"Illuminate\\Database\\Eloquent\\Collection
\"><span class=\"sf-dump-ellipsis sf-dump-ellipsis-note\">Illuminate\\Database\\Eloquent</span><span class=\"sf-dump-ellipsis sf-dump-ellipsis-note\">\\</span>Collection</span> {<a class=sf-dump-ref>#4339</a><samp data-depth=3 class=sf-dump-compact>
      #<span class=sf-dump-protected title=\"Protected property\">items</span>: <span class=sf-dump-note>array:1</span> [ &#8230;1]
      #<span class=sf-dump-protected title=\"Protected property\">escapeWhenCastingToString</span>: <span class=sf-dump-const>false</span>
    </samp>}
    \"<span class=sf-dump-key>thumbnail</span>\" => <span class=sf-dump-note title=\"App\\Models\\Upload
\"><span class=\"sf-dump-ellipsis sf-dump-ellipsis-note\">App\\Models</span><span class=\"sf-dump-ellipsis sf-dump-ellipsis-note\">\\</span>Upload</span> {<a class=sf-dump-ref>#4365</a><samp data-depth=3 class=sf-dump-compact>
      #<span class=sf-dump-protected title=\"Protected property\">connection</span>: \"<span class=sf-dump-str title=\"5 characters\">mysql</span>\"
      #<span class=sf-dump-protected title=\"Protected property\">table</span>: \"<span class=sf-dump-str title=\"7 characters\">uploads</span>\"
      #<span class=sf-dump-protected title=\"Protected property\">primaryKey</span>: \"<span class=sf-dump-str title=\"2 characters\">id</span>\"
      #<span class=sf-dump-protected title=\"Protected property\">keyType</span>: \"<span class=sf-dump-str title=\"3 characters\">int</span>\"
      +<span class=sf-dump-public title=\"Public property\">incrementing</span>: <span class=sf-dump-const>true</span>
      #<span class=sf-dump-protected title=\"Protected property\">with</span>: []
      #<span class=sf-dump-protected title=\"Protected property\">withCount</span>: []
      +<span class=sf-dump-public title=\"Public property\">preventsLazyLoading</span>: <span class=sf-dump-const>false</span>
      #<span class=sf-dump-protected title=\"Protected property\">perPage</span>: <span class=sf-dump-num>15</span>
      +<span class=sf-dump-public title=\"Public property\">exists</span>: <span class=sf-dump-const>true</span>
      +<span class=sf-dump-public title=\"Public property\">wasRecentlyCreated</span>: <span class=sf-dump-const>false</span>
      #<span class=sf-dump-protected title=\"Protected property\">escapeWhenCastingToString</span>: <span class=sf-dump-const>false</span>
      #<span class=sf-dump-protected title=\"Protected property\">attributes</span>: <span class=sf-dump-note>array:11</span> [ &#8230;11]
      #<span class=sf-dump-protected title=\"Protected property\">original</span>: <span class=sf-dump-note>array:11</span> [ &#8230;11]
      #<span class=sf-dump-protected title=\"Protected property\">changes</span>: []
      #<span class=sf-dump-protected title=\"Protected property\">casts</span>: <span class=sf-dump-note>array:1</span> [ &#8230;1]
      #<span class=sf-dump-protected title=\"Protected property\">classCastCache</span>: []
      #<span class=sf-dump-protected title=\"Protected property\">attributeCastCache</span>: []
      #<span class=sf-dump-protected title=\"Protected property\">dateFormat</span>: <span class=sf-dump-const>null</span>
      #<span class=sf-dump-protected title=\"Protected property\">appends</span>: []
      #<span class=sf-dump-protected title=\"Protected property\">dispatchesEvents</span>: []
      #<span class=sf-dump-protected title=\"Protected property\">observables</span>: []
      #<span class=sf-dump-protected title=\"Protected property\">relations</span>: []
      #<span class=sf-dump-protected title=\"Protected property\">touches</span>: []
      +<span class=sf-dump-public title=\"Public property\">timestamps</span>: <span class=sf-dump-const>true</span>
      +<span class=sf-dump-public title=\"Public property\">usesUniqueIds</span>: <span class=sf-dump-const>false</span>
      #<span class=sf-dump-protected title=\"Protected property\">hidden</span>: []
      #<span class=sf-dump-protected title=\"Protected property\">visible</span>: []
      #<span class=sf-dump-protected title=\"Protected property\">fillable</span>: <span class=sf-dump-note>array:6</span> [ &#8230;6]
      #<span class=sf-dump-protected title=\"Protected property\">guarded</span>: <span class=sf-dump-note>array:1</span> [ &#8230;1]
      #<span class=sf-dump-protected title=\"Protected property\">forceDeleting</span>: <span class=sf-dump-const>false</span>
    </samp>}
    \"<span class=sf-dump-key>reviews</span>\" => <span class=sf-dump-note title=\"Illuminate\\Database\\Eloquent\\Collection
\"><span class=\"sf-dump-ellipsis sf-dump-ellipsis-note\">Illuminate\\Database\\Eloquent</span><span class=\"sf-dump-ellipsis sf-dump-ellipsis-note\">\\</span>Collection</span> {<a class=sf-dump-ref>#4350</a><samp data-depth=3 class=sf-dump-compact>
      #<span class=sf-dump-protected title=\"Protected property\">items</span>: []
      #<span class=sf-dump-protected title=\"Protected property\">escapeWhenCastingToString</span>: <span class=sf-dump-const>false</span>
    </samp>}
    \"<span class=sf-dump-key>brand</span>\" => <span class=sf-dump-const>null</span>
    \"<span class=sf-dump-key>stocks</span>\" => <span class=sf-dump-note title=\"Illuminate\\Database\\Eloquent\\Collection
\"><span class=\"sf-dump-ellipsis sf-dump-ellipsis-note\">Illuminate\\Database\\Eloquent</span><span class=\"sf-dump-ellipsis sf-dump-ellipsis-note\">\\</span>Collection</span> {<a class=sf-dump-ref>#4363</a><samp data-depth=3 class=sf-dump-compact>
      #<span class=sf-dump-protected title=\"Protected property\">items</span>: <span class=sf-dump-note>array:10</span> [ &#8230;10]
      #<span class=sf-dump-protected title=\"Protected property\">escapeWhenCastingToString</span>: <span class=sf-dump-const>false</span>
    </samp>}
    \"<span class=sf-dump-key>user</span>\" => <span class=sf-dump-note title=\"App\\Models\\User
\"><span class=\"sf-dump-ellipsis sf-dump-ellipsis-note\">App\\Models</span><span class=\"sf-dump-ellipsis sf-dump-ellipsis-note\">\\</span>User</span> {<a class=sf-dump-ref>#4360</a><samp data-depth=3 class=sf-dump-compact>
      #<span class=sf-dump-protected title=\"Protected property\">connection</span>: \"<span class=sf-dump-str title=\"5 characters\">mysql</span>\"
      #<span class=sf-dump-protected title=\"Protected property\">table</span>: \"<span class=sf-dump-str title=\"5 characters\">users</span>\"
      #<span class=sf-dump-protected title=\"Protected property\">primaryKey</span>: \"<span class=sf-dump-str title=\"2 characters\">id</span>\"
      #<span class=sf-dump-protected title=\"Protected property\">keyType</span>: \"<span class=sf-dump-str title=\"3 characters\">int</span>\"
      +<span class=sf-dump-public title=\"Public property\">incrementing</span>: <span class=sf-dump-const>true</span>
      #<span class=sf-dump-protected title=\"Protected property\">with</span>: []
      #<span class=sf-dump-protected title=\"Protected property\">withCount</span>: []
      +<span class=sf-dump-public title=\"Public property\">preventsLazyLoading</span>: <span class=sf-dump-const>false</span>
      #<span class=sf-dump-protected title=\"Protected property\">perPage</span>: <span class=sf-dump-num>15</span>
      +<span class=sf-dump-public title=\"Public property\">exists</span>: <span class=sf-dump-const>true</span>
      +<span class=sf-dump-public title=\"Public property\">wasRecentlyCreated</span>: <span class=sf-dump-const>false</span>
      #<span class=sf-dump-protected title=\"Protected property\">escapeWhenCastingToString</span>: <span class=sf-dump-const>false</span>
      #<span class=sf-dump-protected title=\"Protected property\">attributes</span>: <span class=sf-dump-note>array:33</span> [ &#8230;33]
      #<span class=sf-dump-protected title=\"Protected property\">original</span>: <span class=sf-dump-note>array:33</span> [ &#8230;33]
      #<span class=sf-dump-protected title=\"Protected property\">changes</span>: []
      #<span class=sf-dump-protected title=\"Protected property\">casts</span>: []
      #<span class=sf-dump-protected title=\"Protected property\">classCastCache</span>: []
      #<span class=sf-dump-protected title=\"Protected property\">attributeCastCache</span>: []
      #<span class=sf-dump-protected title=\"Protected property\">dateFormat</span>: <span class=sf-dump-const>null</span>
      #<span class=sf-dump-protected title=\"Protected property\">appends</span>: []
      #<span class=sf-dump-protected title=\"Protected property\">dispatchesEvents</span>: []
      #<span class=sf-dump-protected title=\"Protected property\">observables</span>: []
      #<span class=sf-dump-protected title=\"Protected property\">relations</span>: <span class=sf-dump-note>array:1</span> [ &#8230;1]
      #<span class=sf-dump-protected title=\"Protected property\">touches</span>: []
      +<span class=sf-dump-public title=\"Public property\">timestamps</span>: <span class=sf-dump-const>true</span>
      +<span class=sf-dump-public title=\"Public property\">usesUniqueIds</span>: <span class=sf-dump-const>false</span>
      #<span class=sf-dump-protected title=\"Protected property\">hidden</span>: <span class=sf-dump-note>array:2</span> [ &#8230;2]
      #<span class=sf-dump-protected title=\"Protected property\">visible</span>: []
      #<span class=sf-dump-protected title=\"Protected property\">fillable</span>: <span class=sf-dump-note>array:12</span> [ &#8230;12]
      #<span class=sf-dump-protected title=\"Protected property\">guarded</span>: <span class=sf-dump-note>array:1</span> [ &#8230;1]
      #<span class=sf-dump-protected title=\"Protected property\">rememberTokenName</span>: \"<span class=sf-dump-str title=\"14 characters\">remember_token</span>\"
      #<span class=sf-dump-protected title=\"Protected property\">accessToken</span>: <span class=sf-dump-const>null</span>
      -<span class=sf-dump-private title=\"Private property defined in class:&#10;`App\\Models\\User`\">roleClass</span>: <span class=sf-dump-const>null</span>
      -<span class=sf-dump-private title=\"Private property defined in class:&#10;`App\\Models\\User`\">permissionClass</span>: <span class=sf-dump-const>null</span>
      -<span class=sf-dump-private title=\"Private property defined in class:&#10;`App\\Models\\User`\">wildcardClass</span>: <span class=sf-dump-const>null</span>
    </samp>}
    \"<span class=sf-dump-key>main_category</span>\" => <span class=sf-dump-note title=\"App\\Models\\Category
\"><span class=\"sf-dump-ellipsis sf-dump-ellipsis-note\">App\\Models</span><span class=\"sf-dump-ellipsis sf-dump-ellipsis-note\">\\</span>Category</span> {<a class=sf-dump-ref>#4608</a><samp data-depth=3 class=sf-dump-compact>
      #<span class=sf-dump-protected title=\"Protected property\">connection</span>: \"<span class=sf-dump-str title=\"5 characters\">mysql</span>\"
      #<span class=sf-dump-protected title=\"Protected property\">table</span>: \"<span class=sf-dump-str title=\"10 characters\">categories</span>\"
      #<span class=sf-dump-protected title=\"Protected property\">primaryKey</span>: \"<span class=sf-dump-str title=\"2 characters\">id</span>\"
      #<span class=sf-dump-protected title=\"Protected property\">keyType</span>: \"<span class=sf-dump-str title=\"3 characters\">int</span>\"
      +<span class=sf-dump-public title=\"Public property\">incrementing</span>: <span class=sf-dump-const>true</span>
      #<span class=sf-dump-protected title=\"Protected property\">with</span>: <span class=sf-dump-note>array:1</span> [ &#8230;1]
      #<span class=sf-dump-protected title=\"Protected property\">withCount</span>: []
      +<span class=sf-dump-public title=\"Public property\">preventsLazyLoading</span>: <span class=sf-dump-const>false</span>
      #<span class=sf-dump-protected title=\"Protected property\">perPage</span>: <span class=sf-dump-num>15</span>
      +<span class=sf-dump-public title=\"Public property\">exists</span>: <span class=sf-dump-const>true</span>
      +<span class=sf-dump-public title=\"Public property\">wasRecentlyCreated</span>: <span class=sf-dump-const>false</span>
      #<span class=sf-dump-protected title=\"Protected property\">escapeWhenCastingToString</span>: <span class=sf-dump-const>false</span>
      #<span class=sf-dump-protected title=\"Protected property\">attributes</span>: <span class=sf-dump-note>array:23</span> [ &#8230;23]
      #<span class=sf-dump-protected title=\"Protected property\">original</span>: <span class=sf-dump-note>array:23</span> [ &#8230;23]
      #<span class=sf-dump-protected title=\"Protected property\">changes</span>: []
      #<span class=sf-dump-protected title=\"Protected property\">casts</span>: []
      #<span class=sf-dump-protected title=\"Protected property\">classCastCache</span>: []
      #<span class=sf-dump-protected title=\"Protected property\">attributeCastCache</span>: []
      #<span class=sf-dump-protected title=\"Protected property\">dateFormat</span>: <span class=sf-dump-const>null</span>
      #<span class=sf-dump-protected title=\"Protected property\">appends</span>: []
      #<span class=sf-dump-protected title=\"Protected property\">dispatchesEvents</span>: []
      #<span class=sf-dump-protected title=\"Protected property\">observables</span>: []
      #<span class=sf-dump-protected title=\"Protected property\">relations</span>: <span class=sf-dump-note>array:2</span> [ &#8230;2]
      #<span class=sf-dump-protected title=\"Protected property\">touches</span>: []
      +<span class=sf-dump-public title=\"Public property\">timestamps</span>: <span class=sf-dump-const>true</span>
      +<span class=sf-dump-public title=\"Public property\">usesUniqueIds</span>: <span class=sf-dump-const>false</span>
      #<span class=sf-dump-protected title=\"Protected property\">hidden</span>: []
      #<span class=sf-dump-protected title=\"Protected property\">visible</span>: []
      #<span class=sf-dump-protected title=\"Protected property\">fillable</span>: <span class=sf-dump-note>array:3</span> [ &#8230;3]
      #<span class=sf-dump-protected title=\"Protected property\">guarded</span>: <span class=sf-dump-note>array:1</span> [ &#8230;1]
    </samp>}
  </samp>]
  #<span class=sf-dump-protected title=\"Protected property\">touches</span>: []
  +<span class=sf-dump-public title=\"Public property\">timestamps</span>: <span class=sf-dump-const>true</span>
  +<span class=sf-dump-public title=\"Public property\">usesUniqueIds</span>: <span class=sf-dump-const>false</span>
  #<span class=sf-dump-protected title=\"Protected property\">hidden</span>: []
  #<span class=sf-dump-protected title=\"Protected property\">visible</span>: []
  #<span class=sf-dump-protected title=\"Protected property\">fillable</span>: []
  #<span class=sf-dump-protected title=\"Protected property\">guarded</span>: <span class=sf-dump-note>array:1</span> [<samp data-depth=2 class=sf-dump-compact>
    <span class=sf-dump-index>0</span> => \"<span class=sf-dump-str title=\"17 characters\">choice_attributes</span>\"
  </samp>]
</samp>}
</pre><script>Sfdump(\"sf-dump-2015387046\", {\"maxDepth\":3,\"maxStringLength\":160})</script>
","product_queries":"<pre class=sf-dump id=sf-dump-1756313130 data-indent-pad=\"  \"><span class=sf-dump-note>Illuminate\\Pagination\\LengthAwarePaginator</span> {<a class=sf-dump-ref>#4588</a><samp data-depth=1 class=sf-dump-expanded>
  #<span class=sf-dump-protected title=\"Protected property\">items</span>: <span class=sf-dump-note title=\"Illuminate\\Database\\Eloquent\\Collection
\"><span class=\"sf-dump-ellipsis sf-dump-ellipsis-note\">Illuminate\\Database\\Eloquent</span><span class=\"sf-dump-ellipsis sf-dump-ellipsis-note\">\\</span>Collection</span> {<a class=sf-dump-ref>#4593</a><samp data-depth=2 class=sf-dump-compact>
    #<span class=sf-dump-protected title=\"Protected property\">items</span>: []
    #<span class=sf-dump-protected title=\"Protected property\">escapeWhenCastingToString</span>: <span class=sf-dump-const>false</span>
  </samp>}
  #<span class=sf-dump-protected title=\"Protected property\">perPage</span>: <span class=sf-dump-num>3</span>
  #<span class=sf-dump-protected title=\"Protected property\">currentPage</span>: <span class=sf-dump-num>1</span>
  #<span class=sf-dump-protected title=\"Protected property\">path</span>: \"<span class=sf-dump-str title=\"53 characters\">https://richminis.test/product/kids-woven-cross-strap</span>\"
  #<span class=sf-dump-protected title=\"Protected property\">query</span>: []
  #<span class=sf-dump-protected title=\"Protected property\">fragment</span>: <span class=sf-dump-const>null</span>
  #<span class=sf-dump-protected title=\"Protected property\">pageName</span>: \"<span class=sf-dump-str title=\"4 characters\">page</span>\"
  +<span class=sf-dump-public title=\"Public property\">onEachSide</span>: <span class=sf-dump-num>3</span>
  #<span class=sf-dump-protected title=\"Protected property\">options</span>: <span class=sf-dump-note>array:2</span> [<samp data-depth=2 class=sf-dump-compact>
    \"<span class=sf-dump-key>path</span>\" => \"<span class=sf-dump-str title=\"53 characters\">https://richminis.test/product/kids-woven-cross-strap</span>\"
    \"<span class=sf-dump-key>pageName</span>\" => \"<span class=sf-dump-str title=\"4 characters\">page</span>\"
  </samp>]
  #<span class=sf-dump-protected title=\"Protected property\">total</span>: <span class=sf-dump-num>0</span>
  #<span class=sf-dump-protected title=\"Protected property\">lastPage</span>: <span class=sf-dump-num>1</span>
</samp>}
</pre><script>Sfdump(\"sf-dump-1756313130\", {\"maxDepth\":3,\"maxStringLength\":160})</script>
","total_query":"<pre class=sf-dump id=sf-dump-1880826550 data-indent-pad=\"  \"><span class=sf-dump-num>0</span>
</pre><script>Sfdump(\"sf-dump-1880826550\", {\"maxDepth\":3,\"maxStringLength\":160})</script>
","reviews":"<pre class=sf-dump id=sf-dump-256459350 data-indent-pad=\"  \"><span class=sf-dump-note>Illuminate\\Pagination\\LengthAwarePaginator</span> {<a class=sf-dump-ref>#4582</a><samp data-depth=1 class=sf-dump-expanded>
  #<span class=sf-dump-protected title=\"Protected property\">items</span>: <span class=sf-dump-note title=\"Illuminate\\Database\\Eloquent\\Collection
\"><span class=\"sf-dump-ellipsis sf-dump-ellipsis-note\">Illuminate\\Database\\Eloquent</span><span class=\"sf-dump-ellipsis sf-dump-ellipsis-note\">\\</span>Collection</span> {<a class=sf-dump-ref>#4587</a><samp data-depth=2 class=sf-dump-compact>
    #<span class=sf-dump-protected title=\"Protected property\">items</span>: []
    #<span class=sf-dump-protected title=\"Protected property\">escapeWhenCastingToString</span>: <span class=sf-dump-const>false</span>
  </samp>}
  #<span class=sf-dump-protected title=\"Protected property\">perPage</span>: <span class=sf-dump-num>3</span>
  #<span class=sf-dump-protected title=\"Protected property\">currentPage</span>: <span class=sf-dump-num>1</span>
  #<span class=sf-dump-protected title=\"Protected property\">path</span>: \"<span class=sf-dump-str title=\"53 characters\">https://richminis.test/product/kids-woven-cross-strap</span>\"
  #<span class=sf-dump-protected title=\"Protected property\">query</span>: []
  #<span class=sf-dump-protected title=\"Protected property\">fragment</span>: <span class=sf-dump-const>null</span>
  #<span class=sf-dump-protected title=\"Protected property\">pageName</span>: \"<span class=sf-dump-str title=\"4 characters\">page</span>\"
  +<span class=sf-dump-public title=\"Public property\">onEachSide</span>: <span class=sf-dump-num>3</span>
  #<span class=sf-dump-protected title=\"Protected property\">options</span>: <span class=sf-dump-note>array:2</span> [<samp data-depth=2 class=sf-dump-compact>
    \"<span class=sf-dump-key>path</span>\" => \"<span class=sf-dump-str title=\"53 characters\">https://richminis.test/product/kids-woven-cross-strap</span>\"
    \"<span class=sf-dump-key>pageName</span>\" => \"<span class=sf-dump-str title=\"4 characters\">page</span>\"
  </samp>]
  #<span class=sf-dump-protected title=\"Protected property\">total</span>: <span class=sf-dump-num>0</span>
  #<span class=sf-dump-protected title=\"Protected property\">lastPage</span>: <span class=sf-dump-num>1</span>
</samp>}
</pre><script>Sfdump(\"sf-dump-256459350\", {\"maxDepth\":3,\"maxStringLength\":160})</script>
","review_status":"<pre class=sf-dump id=sf-dump-1581110995 data-indent-pad=\"  \"><span class=sf-dump-num>0</span>
</pre><script>Sfdump(\"sf-dump-1581110995\", {\"maxDepth\":3,\"maxStringLength\":160})</script>
","order_id":"<pre class=sf-dump id=sf-dump-666562699 data-indent-pad=\"  \">\"\"
</pre><script>Sfdump(\"sf-dump-666562699\", {\"maxDepth\":3,\"maxStringLength\":160})</script>
","capiEventId":"<pre class=sf-dump id=sf-dump-1044601192 data-indent-pad=\"  \">\"<span class=sf-dump-str title=\"23 characters\">view_item_6a3dd5863560f</span>\"
</pre><script>Sfdump(\"sf-dump-1044601192\", {\"maxDepth\":3,\"maxStringLength\":160})</script>
"}},"exception":"[object] (Spatie\\LaravelIgnition\\Exceptions\\ViewException(code: 0): Call to undefined function escape() at R:\\SoftwareFiles\\laragon\\www\\richminis\\resources\\views\\frontend\\product_details.blade.php:849)
[stacktrace]
#0 R:\\SoftwareFiles\\laragon\\www\\richminis\\vendor\\laravel\\framework\\src\\Illuminate\\Filesystem\\Filesystem.php(123): require()
#1 R:\\SoftwareFiles\\laragon\\www\\richminis\\vendor\\laravel\\framework\\src\\Illuminate\\Filesystem\\Filesystem.php(124): Illuminate\\Filesystem\\Filesystem::Illuminate\\Filesystem\\{closure}()
#2 R:\\SoftwareFiles\\laragon\\www\\richminis\\vendor\\laravel\\framework\\src\\Illuminate\\View\\Engines\\PhpEngine.php(58): Illuminate\\Filesystem\\Filesystem->getRequire('R:\\\\SoftwareFile...', Array)
#3 R:\\SoftwareFiles\\laragon\\www\\richminis\\vendor\\laravel\\framework\\src\\Illuminate\\View\\Engines\\CompilerEngine.php(72): Illuminate\\View\\Engines\\PhpEngine->evaluatePath('R:\\\\SoftwareFile...', Array)
#4 R:\\SoftwareFiles\\laragon\\www\\richminis\\vendor\\laravel\\framework\\src\\Illuminate\\View\\View.php(207): Illuminate\\View\\Engines\\CompilerEngine->get('R:\\\\SoftwareFile...', Array)
#5 R:\\SoftwareFiles\\laragon\\www\\richminis\\vendor\\laravel\\framework\\src\\Illuminate\\View\\View.php(190): Illuminate\\View\\View->getContents()
#6 R:\\SoftwareFiles\\laragon\\www\\richminis\\vendor\\laravel\\framework\\src\\Illuminate\\View\\View.php(159): Illuminate\\View\\View->renderContents()
#7 R:\\SoftwareFiles\\laragon\\www\\richminis\\vendor\\laravel\\framework\\src\\Illuminate\\Http\\Response.php(69): Illuminate\\View\\View->render()
#8 R:\\SoftwareFiles\\laragon\\www\\richminis\\vendor\\laravel\\framework\\src\\Illuminate\\Http\\Response.php(35): Illuminate\\Http\\Response->setContent(Object(Illuminate\\View\\View))
#9 R:\\SoftwareFiles\\laragon\\www\\richminis\\vendor\\laravel\\framework\\src\\Illuminate\\Routing\\Router.php(918): Illuminate\\Http\\Response->__construct(Object(Illuminate\\View\\View), 200, Array)
#10 R:\\SoftwareFiles\\laragon\\www\\richminis\\vendor\\laravel\\framework\\src\\Illuminate\\Routing\\Router.php(885): Illuminate\\Routing\\Router::toResponse(Object(Illuminate\\Http\\Request), Object(Illuminate\\View\\View))
#11 R:\\SoftwareFiles\\laragon\\www\\richminis\\vendor\\laravel\\framework\\src\\Illuminate\\Routing\\Router.php(805): Illuminate\\Routing\\Router->prepareResponse(Object(Illuminate\\Http\\Request), Object(Illuminate\\View\\View))
#12 R:\\SoftwareFiles\\laragon\\www\\richminis\\vendor\\laravel\\framework\\src\\Illuminate\\Pipeline\\Pipeline.php(144): Illuminate\\Routing\\Router->Illuminate\\Routing\\{closure}(Object(Illuminate\\Http\\Request))
#13 R:\\SoftwareFiles\\laragon\\www\\richminis\\app\\Http\\Middleware\\PortfolioView.php(21): Illuminate\\Pipeline\\Pipeline->Illuminate\\Pipeline\\{closure}(Object(Illuminate\\Http\\Request))
#14 R:\\SoftwareFiles\\laragon\\www\\richminis\\vendor\\laravel\\framework\\src\\Illuminate\\Pipeline\\Pipeline.php(183): App\\Http\\Middleware\\PortfolioView->handle(Object(Illuminate\\Http\\Request), Object(Closure))
#15 R:\\SoftwareFiles\\laragon\\www\\richminis\\app\\Http\\Middleware\\CheckForMaintenanceMode.php(64): Illuminate\\Pipeline\\Pipeline->Illuminate\\Pipeline\\{closure}(Object(Illuminate\\Http\\Request))
#16 R:\\SoftwareFiles\\laragon\\www\\richminis\\vendor\\laravel\\framework\\src\\Illuminate\\Pipeline\\Pipeline.php(183): App\\Http\\Middleware\\CheckForMaintenanceMode->handle(Object(Illuminate\\Http\\Request), Object(Closure))
#17 R:\\SoftwareFiles\\laragon\\www\\richminis\\app\\Http\\Middleware\\HttpsProtocol.php(20): Illuminate\\Pipeline\\Pipeline->Illuminate\\Pipeline\\{closure}(Object(Illuminate\\Http\\Request))
#18 R:\\SoftwareFiles\\laragon\\www\\richminis\\vendor\\laravel\\framework\\src\\Illuminate\\Pipeline\\Pipeline.php(183): App\\Http\\Middleware\\HttpsProtocol->handle(Object(Illuminate\\Http\\Request), Object(Closure))
#19 R:\\SoftwareFiles\\laragon\\www\\richminis\\app\\Http\\Middleware\\Language.php(35): Illuminate\\Pipeline\\Pipeline->Illuminate\\Pipeline\\{closure}(Object(Illuminate\\Http\\Request))
#20 R:\\SoftwareFiles\\laragon\\www\\richminis\\vendor\\laravel\\framework\\src\\Illuminate\\Pipeline\\Pipeline.php(183): App\\Http\\Middleware\\Language->handle(Object(Illuminate\\Http\\Request), Object(Closure))
#21 R:\\SoftwareFiles\\laragon\\www\\richminis\\vendor\\laravel\\framework\\src\\Illuminate\\Routing\\Middleware\\SubstituteBindings.php(50): Illuminate\\Pipeline\\Pipeline->Illuminate\\Pipeline\\{closure}(Object(Illuminate\\Http\\Request))
#22 R:\\SoftwareFiles\\laragon\\www\\richminis\\vendor\\laravel\\framework\\src\\Illuminate\\Pipeline\\Pipeline.php(183): Illuminate\\Routing\\Middleware\\SubstituteBindings->handle(Object(Illuminate\\Http\\Request), Object(Closure))
#23 R:\\SoftwareFiles\\laragon\\www\\richminis\\vendor\\laravel\\framework\\src\\Illuminate\\Foundation\\Http\\Middleware\\VerifyCsrfToken.php(78): Illuminate\\Pipeline\\Pipeline->Illuminate\\Pipeline\\{closure}(Object(Illuminate\\Http\\Request))
#24 R:\\SoftwareFiles\\laragon\\www\\richminis\\vendor\\laravel\\framework\\src\\Illuminate\\Pipeline\\Pipeline.php(183): Illuminate\\Foundation\\Http\\Middleware\\VerifyCsrfToken->handle(Object(Illuminate\\Http\\Request), Object(Closure))
#25 R:\\SoftwareFiles\\laragon\\www\\richminis\\vendor\\laravel\\framework\\src\\Illuminate\\Cookie\\Middleware\\AddQueuedCookiesToResponse.php(37): Illuminate\\Pipeline\\Pipeline->Illuminate\\Pipeline\\{closure}(Object(Illuminate\\Http\\Request))
#26 R:\\SoftwareFiles\\laragon\\www\\richminis\\vendor\\laravel\\framework\\src\\Illuminate\\Pipeline\\Pipeline.php(183): Illuminate\\Cookie\\Middleware\\AddQueuedCookiesToResponse->handle(Object(Illuminate\\Http\\Request), Object(Closure))
#27 R:\\SoftwareFiles\\laragon\\www\\richminis\\vendor\\laravel\\framework\\src\\Illuminate\\Pipeline\\Pipeline.php(119): Illuminate\\Pipeline\\Pipeline->Illuminate\\Pipeline\\{closure}(Object(Illuminate\\Http\\Request))
#28 R:\\SoftwareFiles\\laragon\\www\\richminis\\vendor\\laravel\\framework\\src\\Illuminate\\Routing\\Router.php(805): Illuminate\\Pipeline\\Pipeline->then(Object(Closure))
#29 R:\\SoftwareFiles\\laragon\\www\\richminis\\vendor\\laravel\\framework\\src\\Illuminate\\Routing\\Router.php(784): Illuminate\\Routing\\Router->runRouteWithinStack(Object(Illuminate\\Routing\\Route), Object(Illuminate\\Http\\Request))
#30 R:\\SoftwareFiles\\laragon\\www\\richminis\\vendor\\laravel\\framework\\src\\Illuminate\\Routing\\Router.php(748): Illuminate\\Routing\\Router->runRoute(Object(Illuminate\\Http\\Request), Object(Illuminate\\Routing\\Route))
#31 R:\\SoftwareFiles\\laragon\\www\\richminis\\vendor\\laravel\\framework\\src\\Illuminate\\Routing\\Router.php(737): Illuminate\\Routing\\Router->dispatchToRoute(Object(Illuminate\\Http\\Request))
#32 R:\\SoftwareFiles\\laragon\\www\\richminis\\vendor\\laravel\\framework\\src\\Illuminate\\Foundation\\Http\\Kernel.php(200): Illuminate\\Routing\\Router->dispatch(Object(Illuminate\\Http\\Request))
#33 R:\\SoftwareFiles\\laragon\\www\\richminis\\vendor\\laravel\\framework\\src\\Illuminate\\Pipeline\\Pipeline.php(144): Illuminate\\Foundation\\Http\\Kernel->Illuminate\\Foundation\\Http\\{closure}(Object(Illuminate\\Http\\Request))
#34 R:\\SoftwareFiles\\laragon\\www\\richminis\\vendor\\barryvdh\\laravel-debugbar\\src\\Middleware\\InjectDebugbar.php(59): Illuminate\\Pipeline\\Pipeline->Illuminate\\Pipeline\\{closure}(Object(Illuminate\\Http\\Request))
#35 R:\\SoftwareFiles\\laragon\\www\\richminis\\vendor\\laravel\\framework\\src\\Illuminate\\Pipeline\\Pipeline.php(183): Barryvdh\\Debugbar\\Middleware\\InjectDebugbar->handle(Object(Illuminate\\Http\\Request), Object(Closure))
#36 R:\\SoftwareFiles\\laragon\\www\\richminis\\vendor\\laravel\\framework\\src\\Illuminate\\View\\Middleware\\ShareErrorsFromSession.php(49): Illuminate\\Pipeline\\Pipeline->Illuminate\\Pipeline\\{closure}(Object(Illuminate\\Http\\Request))
#37 R:\\SoftwareFiles\\laragon\\www\\richminis\\vendor\\laravel\\framework\\src\\Illuminate\\Pipeline\\Pipeline.php(183): Illuminate\\View\\Middleware\\ShareErrorsFromSession->handle(Object(Illuminate\\Http\\Request), Object(Closure))
#38 R:\\SoftwareFiles\\laragon\\www\\richminis\\vendor\\laravel\\framework\\src\\Illuminate\\Session\\Middleware\\StartSession.php(121): Illuminate\\Pipeline\\Pipeline->Illuminate\\Pipeline\\{closure}(Object(Illuminate\\Http\\Request))
#39 R:\\SoftwareFiles\\laragon\\www\\richminis\\vendor\\laravel\\framework\\src\\Illuminate\\Session\\Middleware\\StartSession.php(64): Illuminate\\Session\\Middleware\\StartSession->handleStatefulRequest(Object(Illuminate\\Http\\Request), Object(Illuminate\\Session\\Store), Object(Closure))
#40 R:\\SoftwareFiles\\laragon\\www\\richminis\\vendor\\laravel\\framework\\src\\Illuminate\\Pipeline\\Pipeline.php(183): Illuminate\\Session\\Middleware\\StartSession->handle(Object(Illuminate\\Http\\Request), Object(Closure))
#41 R:\\SoftwareFiles\\laragon\\www\\richminis\\vendor\\laravel\\framework\\src\\Illuminate\\Http\\Middleware\\TrustProxies.php(39): Illuminate\\Pipeline\\Pipeline->Illuminate\\Pipeline\\{closure}(Object(Illuminate\\Http\\Request))
#42 R:\\SoftwareFiles\\laragon\\www\\richminis\\vendor\\laravel\\framework\\src\\Illuminate\\Pipeline\\Pipeline.php(183): Illuminate\\Http\\Middleware\\TrustProxies->handle(Object(Illuminate\\Http\\Request), Object(Closure))
#43 R:\\SoftwareFiles\\laragon\\www\\richminis\\vendor\\laravel\\framework\\src\\Illuminate\\Foundation\\Http\\Middleware\\TransformsRequest.php(21): Illuminate\\Pipeline\\Pipeline->Illuminate\\Pipeline\\{closure}(Object(Illuminate\\Http\\Request))
#44 R:\\SoftwareFiles\\laragon\\www\\richminis\\vendor\\laravel\\framework\\src\\Illuminate\\Foundation\\Http\\Middleware\\ConvertEmptyStringsToNull.php(31): Illuminate\\Foundation\\Http\\Middleware\\TransformsRequest->handle(Object(Illuminate\\Http\\Request), Object(Closure))
#45 R:\\SoftwareFiles\\laragon\\www\\richminis\\vendor\\laravel\\framework\\src\\Illuminate\\Pipeline\\Pipeline.php(183): Illuminate\\Foundation\\Http\\Middleware\\ConvertEmptyStringsToNull->handle(Object(Illuminate\\Http\\Request), Object(Closure))
#46 R:\\SoftwareFiles\\laragon\\www\\richminis\\vendor\\laravel\\framework\\src\\Illuminate\\Foundation\\Http\\Middleware\\TransformsRequest.php(21): Illuminate\\Pipeline\\Pipeline->Illuminate\\Pipeline\\{closure}(Object(Illuminate\\Http\\Request))
#47 R:\\SoftwareFiles\\laragon\\www\\richminis\\vendor\\laravel\\framework\\src\\Illuminate\\Foundation\\Http\\Middleware\\TrimStrings.php(40): Illuminate\\Foundation\\Http\\Middleware\\TransformsRequest->handle(Object(Illuminate\\Http\\Request), Object(Closure))
#48 R:\\SoftwareFiles\\laragon\\www\\richminis\\vendor\\laravel\\framework\\src\\Illuminate\\Pipeline\\Pipeline.php(183): Illuminate\\Foundation\\Http\\Middleware\\TrimStrings->handle(Object(Illuminate\\Http\\Request), Object(Closure))
#49 R:\\SoftwareFiles\\laragon\\www\\richminis\\vendor\\laravel\\framework\\src\\Illuminate\\Foundation\\Http\\Middleware\\ValidatePostSize.php(27): Illuminate\\Pipeline\\Pipeline->Illuminate\\Pipeline\\{closure}(Object(Illuminate\\Http\\Request))
#50 R:\\SoftwareFiles\\laragon\\www\\richminis\\vendor\\laravel\\framework\\src\\Illuminate\\Pipeline\\Pipeline.php(183): Illuminate\\Foundation\\Http\\Middleware\\ValidatePostSize->handle(Object(Illuminate\\Http\\Request), Object(Closure))
#51 R:\\SoftwareFiles\\laragon\\www\\richminis\\vendor\\laravel\\framework\\src\\Illuminate\\Pipeline\\Pipeline.php(119): Illuminate\\Pipeline\\Pipeline->Illuminate\\Pipeline\\{closure}(Object(Illuminate\\Http\\Request))
#52 R:\\SoftwareFiles\\laragon\\www\\richminis\\vendor\\laravel\\framework\\src\\Illuminate\\Foundation\\Http\\Kernel.php(175): Illuminate\\Pipeline\\Pipeline->then(Object(Closure))
#53 R:\\SoftwareFiles\\laragon\\www\\richminis\\vendor\\laravel\\framework\\src\\Illuminate\\Foundation\\Http\\Kernel.php(144): Illuminate\\Foundation\\Http\\Kernel->sendRequestThroughRouter(Object(Illuminate\\Http\\Request))
#54 R:\\SoftwareFiles\\laragon\\www\\richminis\\index.php(56): Illuminate\\Foundation\\Http\\Kernel->handle(Object(Illuminate\\Http\\Request))
#55 {main}

[previous exception] [object] (Error(code: 0): Call to undefined function escape() at R:\\SoftwareFiles\\laragon\\www\\richminis\\storage\\framework\\views\\7ee9f02743bda15f52b648b873f7d459.php:850)
[stacktrace]
#0 R:\\SoftwareFiles\\laragon\\www\\richminis\\vendor\\laravel\\framework\\src\\Illuminate\\Filesystem\\Filesystem.php(123): require()
#1 R:\\SoftwareFiles\\laragon\\www\\richminis\\vendor\\laravel\\framework\\src\\Illuminate\\Filesystem\\Filesystem.php(124): Illuminate\\Filesystem\\Filesystem::Illuminate\\Filesystem\\{closure}()
#2 R:\\SoftwareFiles\\laragon\\www\\richminis\\vendor\\laravel\\framework\\src\\Illuminate\\View\\Engines\\PhpEngine.php(58): Illuminate\\Filesystem\\Filesystem->getRequire('R:\\\\SoftwareFile...', Array)
#3 R:\\SoftwareFiles\\laragon\\www\\richminis\\vendor\\laravel\\framework\\src\\Illuminate\\View\\Engines\\CompilerEngine.php(72): Illuminate\\View\\Engines\\PhpEngine->evaluatePath('R:\\\\SoftwareFile...', Array)
#4 R:\\SoftwareFiles\\laragon\\www\\richminis\\vendor\\laravel\\framework\\src\\Illuminate\\View\\View.php(207): Illuminate\\View\\Engines\\CompilerEngine->get('R:\\\\SoftwareFile...', Array)
#5 R:\\SoftwareFiles\\laragon\\www\\richminis\\vendor\\laravel\\framework\\src\\Illuminate\\View\\View.php(190): Illuminate\\View\\View->getContents()
#6 R:\\SoftwareFiles\\laragon\\www\\richminis\\vendor\\laravel\\framework\\src\\Illuminate\\View\\View.php(159): Illuminate\\View\\View->renderContents()
#7 R:\\SoftwareFiles\\laragon\\www\\richminis\\vendor\\laravel\\framework\\src\\Illuminate\\Http\\Response.php(69): Illuminate\\View\\View->render()
#8 R:\\SoftwareFiles\\laragon\\www\\richminis\\vendor\\laravel\\framework\\src\\Illuminate\\Http\\Response.php(35): Illuminate\\Http\\Response->setContent(Object(Illuminate\\View\\View))
#9 R:\\SoftwareFiles\\laragon\\www\\richminis\\vendor\\laravel\\framework\\src\\Illuminate\\Routing\\Router.php(918): Illuminate\\Http\\Response->__construct(Object(Illuminate\\View\\View), 200, Array)
#10 R:\\SoftwareFiles\\laragon\\www\\richminis\\vendor\\laravel\\framework\\src\\Illuminate\\Routing\\Router.php(885): Illuminate\\Routing\\Router::toResponse(Object(Illuminate\\Http\\Request), Object(Illuminate\\View\\View))
#11 R:\\SoftwareFiles\\laragon\\www\\richminis\\vendor\\laravel\\framework\\src\\Illuminate\\Routing\\Router.php(805): Illuminate\\Routing\\Router->prepareResponse(Object(Illuminate\\Http\\Request), Object(Illuminate\\View\\View))
#12 R:\\SoftwareFiles\\laragon\\www\\richminis\\vendor\\laravel\\framework\\src\\Illuminate\\Pipeline\\Pipeline.php(144): Illuminate\\Routing\\Router->Illuminate\\Routing\\{closure}(Object(Illuminate\\Http\\Request))
#13 R:\\SoftwareFiles\\laragon\\www\\richminis\\app\\Http\\Middleware\\PortfolioView.php(21): Illuminate\\Pipeline\\Pipeline->Illuminate\\Pipeline\\{closure}(Object(Illuminate\\Http\\Request))
#14 R:\\SoftwareFiles\\laragon\\www\\richminis\\vendor\\laravel\\framework\\src\\Illuminate\\Pipeline\\Pipeline.php(183): App\\Http\\Middleware\\PortfolioView->handle(Object(Illuminate\\Http\\Request), Object(Closure))
#15 R:\\SoftwareFiles\\laragon\\www\\richminis\\app\\Http\\Middleware\\CheckForMaintenanceMode.php(64): Illuminate\\Pipeline\\Pipeline->Illuminate\\Pipeline\\{closure}(Object(Illuminate\\Http\\Request))
#16 R:\\SoftwareFiles\\laragon\\www\\richminis\\vendor\\laravel\\framework\\src\\Illuminate\\Pipeline\\Pipeline.php(183): App\\Http\\Middleware\\CheckForMaintenanceMode->handle(Object(Illuminate\\Http\\Request), Object(Closure))
#17 R:\\SoftwareFiles\\laragon\\www\\richminis\\app\\Http\\Middleware\\HttpsProtocol.php(20): Illuminate\\Pipeline\\Pipeline->Illuminate\\Pipeline\\{closure}(Object(Illuminate\\Http\\Request))
#18 R:\\SoftwareFiles\\laragon\\www\\richminis\\vendor\\laravel\\framework\\src\\Illuminate\\Pipeline\\Pipeline.php(183): App\\Http\\Middleware\\HttpsProtocol->handle(Object(Illuminate\\Http\\Request), Object(Closure))
#19 R:\\SoftwareFiles\\laragon\\www\\richminis\\app\\Http\\Middleware\\Language.php(35): Illuminate\\Pipeline\\Pipeline->Illuminate\\Pipeline\\{closure}(Object(Illuminate\\Http\\Request))
#20 R:\\SoftwareFiles\\laragon\\www\\richminis\\vendor\\laravel\\framework\\src\\Illuminate\\Pipeline\\Pipeline.php(183): App\\Http\\Middleware\\Language->handle(Object(Illuminate\\Http\\Request), Object(Closure))
#21 R:\\SoftwareFiles\\laragon\\www\\richminis\\vendor\\laravel\\framework\\src\\Illuminate\\Routing\\Middleware\\SubstituteBindings.php(50): Illuminate\\Pipeline\\Pipeline->Illuminate\\Pipeline\\{closure}(Object(Illuminate\\Http\\Request))
#22 R:\\SoftwareFiles\\laragon\\www\\richminis\\vendor\\laravel\\framework\\src\\Illuminate\\Pipeline\\Pipeline.php(183): Illuminate\\Routing\\Middleware\\SubstituteBindings->handle(Object(Illuminate\\Http\\Request), Object(Closure))
#23 R:\\SoftwareFiles\\laragon\\www\\richminis\\vendor\\laravel\\framework\\src\\Illuminate\\Foundation\\Http\\Middleware\\VerifyCsrfToken.php(78): Illuminate\\Pipeline\\Pipeline->Illuminate\\Pipeline\\{closure}(Object(Illuminate\\Http\\Request))
#24 R:\\SoftwareFiles\\laragon\\www\\richminis\\vendor\\laravel\\framework\\src\\Illuminate\\Pipeline\\Pipeline.php(183): Illuminate\\Foundation\\Http\\Middleware\\VerifyCsrfToken->handle(Object(Illuminate\\Http\\Request), Object(Closure))
#25 R:\\SoftwareFiles\\laragon\\www\\richminis\\vendor\\laravel\\framework\\src\\Illuminate\\Cookie\\Middleware\\AddQueuedCookiesToResponse.php(37): Illuminate\\Pipeline\\Pipeline->Illuminate\\Pipeline\\{closure}(Object(Illuminate\\Http\\Request))
#26 R:\\SoftwareFiles\\laragon\\www\\richminis\\vendor\\laravel\\framework\\src\\Illuminate\\Pipeline\\Pipeline.php(183): Illuminate\\Cookie\\Middleware\\AddQueuedCookiesToResponse->handle(Object(Illuminate\\Http\\Request), Object(Closure))
#27 R:\\SoftwareFiles\\laragon\\www\\richminis\\vendor\\laravel\\framework\\src\\Illuminate\\Pipeline\\Pipeline.php(119): Illuminate\\Pipeline\\Pipeline->Illuminate\\Pipeline\\{closure}(Object(Illuminate\\Http\\Request))
#28 R:\\SoftwareFiles\\laragon\\www\\richminis\\vendor\\laravel\\framework\\src\\Illuminate\\Routing\\Router.php(805): Illuminate\\Pipeline\\Pipeline->then(Object(Closure))
#29 R:\\SoftwareFiles\\laragon\\www\\richminis\\vendor\\laravel\\framework\\src\\Illuminate\\Routing\\Router.php(784): Illuminate\\Routing\\Router->runRouteWithinStack(Object(Illuminate\\Routing\\Route), Object(Illuminate\\Http\\Request))
#30 R:\\SoftwareFiles\\laragon\\www\\richminis\\vendor\\laravel\\framework\\src\\Illuminate\\Routing\\Router.php(748): Illuminate\\Routing\\Router->runRoute(Object(Illuminate\\Http\\Request), Object(Illuminate\\Routing\\Route))
#31 R:\\SoftwareFiles\\laragon\\www\\richminis\\vendor\\laravel\\framework\\src\\Illuminate\\Routing\\Router.php(737): Illuminate\\Routing\\Router->dispatchToRoute(Object(Illuminate\\Http\\Request))
#32 R:\\SoftwareFiles\\laragon\\www\\richminis\\vendor\\laravel\\framework\\src\\Illuminate\\Foundation\\Http\\Kernel.php(200): Illuminate\\Routing\\Router->dispatch(Object(Illuminate\\Http\\Request))
#33 R:\\SoftwareFiles\\laragon\\www\\richminis\\vendor\\laravel\\framework\\src\\Illuminate\\Pipeline\\Pipeline.php(144): Illuminate\\Foundation\\Http\\Kernel->Illuminate\\Foundation\\Http\\{closure}(Object(Illuminate\\Http\\Request))
#34 R:\\SoftwareFiles\\laragon\\www\\richminis\\vendor\\barryvdh\\laravel-debugbar\\src\\Middleware\\InjectDebugbar.php(59): Illuminate\\Pipeline\\Pipeline->Illuminate\\Pipeline\\{closure}(Object(Illuminate\\Http\\Request))
#35 R:\\SoftwareFiles\\laragon\\www\\richminis\\vendor\\laravel\\framework\\src\\Illuminate\\Pipeline\\Pipeline.php(183): Barryvdh\\Debugbar\\Middleware\\InjectDebugbar->handle(Object(Illuminate\\Http\\Request), Object(Closure))
#36 R:\\SoftwareFiles\\laragon\\www\\richminis\\vendor\\laravel\\framework\\src\\Illuminate\\View\\Middleware\\ShareErrorsFromSession.php(49): Illuminate\\Pipeline\\Pipeline->Illuminate\\Pipeline\\{closure}(Object(Illuminate\\Http\\Request))
#37 R:\\SoftwareFiles\\laragon\\www\\richminis\\vendor\\laravel\\framework\\src\\Illuminate\\Pipeline\\Pipeline.php(183): Illuminate\\View\\Middleware\\ShareErrorsFromSession->handle(Object(Illuminate\\Http\\Request), Object(Closure))
#38 R:\\SoftwareFiles\\laragon\\www\\richminis\\vendor\\laravel\\framework\\src\\Illuminate\\Session\\Middleware\\StartSession.php(121): Illuminate\\Pipeline\\Pipeline->Illuminate\\Pipeline\\{closure}(Object(Illuminate\\Http\\Request))
#39 R:\\SoftwareFiles\\laragon\\www\\richminis\\vendor\\laravel\\framework\\src\\Illuminate\\Session\\Middleware\\StartSession.php(64): Illuminate\\Session\\Middleware\\StartSession->handleStatefulRequest(Object(Illuminate\\Http\\Request), Object(Illuminate\\Session\\Store), Object(Closure))
#40 R:\\SoftwareFiles\\laragon\\www\\richminis\\vendor\\laravel\\framework\\src\\Illuminate\\Pipeline\\Pipeline.php(183): Illuminate\\Session\\Middleware\\StartSession->handle(Object(Illuminate\\Http\\Request), Object(Closure))
#41 R:\\SoftwareFiles\\laragon\\www\\richminis\\vendor\\laravel\\framework\\src\\Illuminate\\Http\\Middleware\\TrustProxies.php(39): Illuminate\\Pipeline\\Pipeline->Illuminate\\Pipeline\\{closure}(Object(Illuminate\\Http\\Request))
#42 R:\\SoftwareFiles\\laragon\\www\\richminis\\vendor\\laravel\\framework\\src\\Illuminate\\Pipeline\\Pipeline.php(183): Illuminate\\Http\\Middleware\\TrustProxies->handle(Object(Illuminate\\Http\\Request), Object(Closure))
#43 R:\\SoftwareFiles\\laragon\\www\\richminis\\vendor\\laravel\\framework\\src\\Illuminate\\Foundation\\Http\\Middleware\\TransformsRequest.php(21): Illuminate\\Pipeline\\Pipeline->Illuminate\\Pipeline\\{closure}(Object(Illuminate\\Http\\Request))
#44 R:\\SoftwareFiles\\laragon\\www\\richminis\\vendor\\laravel\\framework\\src\\Illuminate\\Foundation\\Http\\Middleware\\ConvertEmptyStringsToNull.php(31): Illuminate\\Foundation\\Http\\Middleware\\TransformsRequest->handle(Object(Illuminate\\Http\\Request), Object(Closure))
#45 R:\\SoftwareFiles\\laragon\\www\\richminis\\vendor\\laravel\\framework\\src\\Illuminate\\Pipeline\\Pipeline.php(183): Illuminate\\Foundation\\Http\\Middleware\\ConvertEmptyStringsToNull->handle(Object(Illuminate\\Http\\Request), Object(Closure))
#46 R:\\SoftwareFiles\\laragon\\www\\richminis\\vendor\\laravel\\framework\\src\\Illuminate\\Foundation\\Http\\Middleware\\TransformsRequest.php(21): Illuminate\\Pipeline\\Pipeline->Illuminate\\Pipeline\\{closure}(Object(Illuminate\\Http\\Request))
#47 R:\\SoftwareFiles\\laragon\\www\\richminis\\vendor\\laravel\\framework\\src\\Illuminate\\Foundation\\Http\\Middleware\\TrimStrings.php(40): Illuminate\\Foundation\\Http\\Middleware\\TransformsRequest->handle(Object(Illuminate\\Http\\Request), Object(Closure))
#48 R:\\SoftwareFiles\\laragon\\www\\richminis\\vendor\\laravel\\framework\\src\\Illuminate\\Pipeline\\Pipeline.php(183): Illuminate\\Foundation\\Http\\Middleware\\TrimStrings->handle(Object(Illuminate\\Http\\Request), Object(Closure))
#49 R:\\SoftwareFiles\\laragon\\www\\richminis\\vendor\\laravel\\framework\\src\\Illuminate\\Foundation\\Http\\Middleware\\ValidatePostSize.php(27): Illuminate\\Pipeline\\Pipeline->Illuminate\\Pipeline\\{closure}(Object(Illuminate\\Http\\Request))
#50 R:\\SoftwareFiles\\laragon\\www\\richminis\\vendor\\laravel\\framework\\src\\Illuminate\\Pipeline\\Pipeline.php(183): Illuminate\\Foundation\\Http\\Middleware\\ValidatePostSize->handle(Object(Illuminate\\Http\\Request), Object(Closure))
#51 R:\\SoftwareFiles\\laragon\\www\\richminis\\vendor\\laravel\\framework\\src\\Illuminate\\Pipeline\\Pipeline.php(119): Illuminate\\Pipeline\\Pipeline->Illuminate\\Pipeline\\{closure}(Object(Illuminate\\Http\\Request))
#52 R:\\SoftwareFiles\\laragon\\www\\richminis\\vendor\\laravel\\framework\\src\\Illuminate\\Foundation\\Http\\Kernel.php(175): Illuminate\\Pipeline\\Pipeline->then(Object(Closure))
#53 R:\\SoftwareFiles\\laragon\\www\\richminis\\vendor\\laravel\\framework\\src\\Illuminate\\Foundation\\Http\\Kernel.php(144): Illuminate\\Foundation\\Http\\Kernel->sendRequestThroughRouter(Object(Illuminate\\Http\\Request))
#54 R:\\SoftwareFiles\\laragon\\www\\richminis\\index.php(56): Illuminate\\Foundation\\Http\\Kernel->handle(Object(Illuminate\\Http\\Request))
#55 {main}
"} 
[2026-06-26 07:27:35] local.ERROR: Call to undefined function escape() {"view":{"view":"R:\\SoftwareFiles\\laragon\\www\\richminis\\resources\\views\\frontend\\product_details.blade.php","data":{"errors":"<pre class=sf-dump id=sf-dump-1873605999 data-indent-pad=\"  \"><span class=sf-dump-note>Illuminate\\Support\\ViewErrorBag</span> {<a class=sf-dump-ref>#3230</a><samp data-depth=1 class=sf-dump-expanded>
  #<span class=sf-dump-protected title=\"Protected property\">bags</span>: []
</samp>}
</pre><script>Sfdump(\"sf-dump-1873605999\", {\"maxDepth\":3,\"maxStringLength\":160})</script>
","detailedProduct":"<pre class=sf-dump id=sf-dump-2039794949 data-indent-pad=\"  \"><span class=sf-dump-note>App\\Models\\Product</span> {<a class=sf-dump-ref>#4333</a><samp data-depth=1 class=sf-dump-expanded>
  #<span class=sf-dump-protected title=\"Protected property\">connection</span>: \"<span class=sf-dump-str title=\"5 characters\">mysql</span>\"
  #<span class=sf-dump-protected title=\"Protected property\">table</span>: \"<span class=sf-dump-str title=\"8 characters\">products</span>\"
  #<span class=sf-dump-protected title=\"Protected property\">primaryKey</span>: \"<span class=sf-dump-str title=\"2 characters\">id</span>\"
  #<span class=sf-dump-protected title=\"Protected property\">keyType</span>: \"<span class=sf-dump-str title=\"3 characters\">int</span>\"
  +<span class=sf-dump-public title=\"Public property\">incrementing</span>: <span class=sf-dump-const>true</span>
  #<span class=sf-dump-protected title=\"Protected property\">with</span>: <span class=sf-dump-note>array:3</span> [<samp data-depth=2 class=sf-dump-compact>
    <span class=sf-dump-index>0</span> => \"<span class=sf-dump-str title=\"20 characters\">product_translations</span>\"
    <span class=sf-dump-index>1</span> => \"<span class=sf-dump-str title=\"5 characters\">taxes</span>\"
    <span class=sf-dump-index>2</span> => \"<span class=sf-dump-str title=\"9 characters\">thumbnail</span>\"
  </samp>]
  #<span class=sf-dump-protected title=\"Protected property\">withCount</span>: []
  +<span class=sf-dump-public title=\"Public property\">preventsLazyLoading</span>: <span class=sf-dump-const>false</span>
  #<span class=sf-dump-protected title=\"Protected property\">perPage</span>: <span class=sf-dump-num>15</span>
  +<span class=sf-dump-public title=\"Public property\">exists</span>: <span class=sf-dump-const>true</span>
  +<span class=sf-dump-public title=\"Public property\">wasRecentlyCreated</span>: <span class=sf-dump-const>false</span>
  #<span class=sf-dump-protected title=\"Protected property\">escapeWhenCastingToString</span>: <span class=sf-dump-const>false</span>
  #<span class=sf-dump-protected title=\"Protected property\">attributes</span>: <span class=sf-dump-note>array:70</span> [<samp data-depth=2 class=sf-dump-compact>
    \"<span class=sf-dump-key>id</span>\" => <span class=sf-dump-num>39</span>
    \"<span class=sf-dump-key>name</span>\" => \"<span class=sf-dump-str title=\"22 characters\">Kids Woven Cross Strap</span>\"
    \"<span class=sf-dump-key>added_by</span>\" => \"<span class=sf-dump-str title=\"5 characters\">admin</span>\"
    \"<span class=sf-dump-key>user_id</span>\" => <span class=sf-dump-num>9</span>
    \"<span class=sf-dump-key>category_id</span>\" => <span class=sf-dump-num>1</span>
    \"<span class=sf-dump-key>brand_id</span>\" => <span class=sf-dump-const>null</span>
    \"<span class=sf-dump-key>photos</span>\" => \"<span class=sf-dump-str title=\"11 characters\">374,372,373</span>\"
    \"<span class=sf-dump-key>thumbnail_img</span>\" => \"<span class=sf-dump-str title=\"3 characters\">372</span>\"
    \"<span class=sf-dump-key>short_video</span>\" => <span class=sf-dump-const>null</span>
    \"<span class=sf-dump-key>short_video_thumbnail</span>\" => <span class=sf-dump-const>null</span>
    \"<span class=sf-dump-key>video_provider</span>\" => <span class=sf-dump-const>null</span>
    \"<span class=sf-dump-key>video_link</span>\" => <span class=sf-dump-const>null</span>
    \"<span class=sf-dump-key>tags</span>\" => \"<span class=sf-dump-str title=\"68 characters\">Kids Woven Cross Strap,kid sandals,baby sandals,kid shoes,baby shoes</span>\"
    \"<span class=sf-dump-key>description</span>\" => \"<span class=sf-dump-str title=\"3146 characters\">&lt;h6&gt;&lt;b data-path-to-node=&quot;0&quot; data-index-in-node=&quot;0&quot;&gt;RICHMINIS - Kids Woven Cross Strap&lt;/b&gt;&lt;/h6&gt;&lt;p data-path-to-node=&quot;1&quot;&gt;Embrace high-end resort styling with our Jacquard Criss-Cross Sandals. Striking the perfect balance between global luxury trends and everyday functional comfort, these sandals feature an elegant, monochromatic print that brings a sophisticated, runway-ready look to your little one&#039;s warm-weather wardrobe.&lt;/p&gt;&lt;h6&gt;&lt;b data-path-to-node=&quot;3&quot; data-index-in-node=&quot;0&quot;&gt;Key Features&lt;/b&gt;&lt;/h6&gt;&lt;ul data-path-to-node=&quot;4&quot;&gt;&lt;li&gt;&lt;p data-path-to-node=&quot;4,0,0&quot;&gt;&lt;b data-path-to-node=&quot;4,0,0&quot; data-index-in-node=&quot;0&quot;&gt;Premium Jacquard Weave&lt;/b&gt;: Designed with wide, criss-cross straps featuring an intricately woven black-and-ivory tapestry pattern for a distinct luxury-boutique feel.&lt;/p&gt;&lt;/li&gt;&lt;li&gt;&lt;p data-path-to-node=&quot;4,1,0&quot;&gt;&lt;b data-path-to-node=&quot;4,1,0&quot; data-index-in-node=&quot;0&quot;&gt;Ergonomic Contoured Footbed&lt;/b&gt;: Outfitted with a plush, smooth black leather-style footbed designed to gently cradle growing feet for all-day comfort.&lt;/p&gt;&lt;/li&gt;&lt;li&gt;&lt;p data-path-to-node=&quot;4,2,0&quot;&gt;&lt;b data-path-to-node=&quot;4,2,0&quot; data-index-in-node=&quot;0&quot;&gt;Adjustable Hook-and-Loop Backstrap&lt;/b&gt;: Features a durable black leather-style ankle strap with a heavy-duty metal loop and secure closure, ensuring a customizable fit that&#039;s easy to adjust.&lt;/p&gt;&lt;/li&gt;&lt;li&gt;&lt;p data-path-to-node=&quot;4,3,0&quot;&gt;&lt;b data-path-to-node=&quot;4,3,0&quot; data-index-in-node=&quot;0&quot;&gt;Chunky Protective Outsole&lt;/b&gt;: Built with a lightweight, flexible thick rubber sole that wraps slightly around the footbed for premium impact protection and stability.&lt;/p&gt;&lt;/li&gt;&lt;li&gt;&lt;p data-path-to-node=&quot;4,4,0&quot;&gt;&lt;b data-path-to-node=&quot;4,4,0&quot; data-index-in-node=&quot;0&quot;&gt;High-Grip Traction&lt;/b&gt;: The textured under-sole is engineered to prevent slipping, making them perfect for resort strolls, weekend outings, or active city play.&lt;/p&gt;&lt;/li&gt;&lt;/ul&gt;&lt;h6&gt;&lt;b data-path-to-node=&quot;6&quot; data-index-in-node=&quot;0&quot;&gt;Product Specifications&lt;/b&gt;&lt;/h6&gt;&lt;ul data-path-to-node=&quot;7&quot;&gt;&lt;li&gt;&lt;p data-path-to-node=&quot;7,0,0&quot;&gt;&lt;b data-path-to-node=&quot;7,0,0&quot; data-index-in-node=&quot;0&quot;&gt;Style&lt;/b&gt;: Criss-Cross Jacquard Slingback Sandal.&lt;/p&gt;&lt;/li&gt;&lt;li&gt;&lt;p data-path-to-node=&quot;7,1,0&quot;&gt;&lt;b data-path-to-node=&quot;7,1,0&quot; data-index-in-node=&quot;0&quot;&gt;Upper Material&lt;/b&gt;: High-quality woven cotton jacquard and premium synthetic leather.&lt;/p&gt;&lt;/li&gt;&lt;li&gt;&lt;p data-path-to-node=&quot;7,2,0&quot;&gt;&lt;b data-path-to-node=&quot;7,2,0&quot; data-index-in-node=&quot;0&quot;&gt;Sole Material&lt;/b&gt;: High-density flexible rubber.&lt;/p&gt;&lt;/li&gt;&lt;li&gt;&lt;p data-path-to-node=&quot;7,3,0&quot;&gt;&lt;b data-path-to-node=&quot;7,3,0&quot; data-index-in-node=&quot;0&quot;&gt;Colorway&lt;/b&gt;: Natural Ivory.&lt;/p&gt;&lt;/li&gt;&lt;li&gt;&lt;p data-path-to-node=&quot;7,4,0&quot;&gt;&lt;b data-path-to-node=&quot;7,4,0&quot; data-index-in-node=&quot;0&quot;&gt;Closure&lt;/b&gt;: Adjustable hook-and-loop backstrap.&lt;/p&gt;&lt;/li&gt;&lt;/ul&gt;&lt;h6&gt;&lt;b data-path-to-node=&quot;9&quot; data-index-in-node=&quot;0&quot;&gt;Brand Insight&lt;/b&gt;&lt;/h6&gt;&lt;p data-path-to-node=&quot;10&quot;&gt;These sandals are designed for mothers who value a minimalist, international-class aesthetic over loud, cartoonish children&#039;s designs. Offering an upscale look reminiscent of high-fashion house aesthetics, they transition effortlessly from a casual day at the beach to an elegant family dinner, maintaining the premium standard your lifestyle ecosystem demands.&lt;/p&gt;</span>\"
    \"<span class=sf-dump-key>unit_price</span>\" => <span class=sf-dump-num>1750.0</span>
    \"<span class=sf-dump-key>purchase_price</span>\" => <span class=sf-dump-const>null</span>
    \"<span class=sf-dump-key>variant_product</span>\" => <span class=sf-dump-num>1</span>
    \"<span class=sf-dump-key>attributes</span>\" => \"<span class=sf-dump-str title=\"5 characters\">[&quot;1&quot;]</span>\"
    \"<span class=sf-dump-key>choice_options</span>\" => \"<span class=sf-dump-str title=\"83 characters\">[{&quot;attribute_id&quot;:&quot;1&quot;,&quot;values&quot;:[&quot;21&quot;,&quot;22&quot;,&quot;23&quot;,&quot;24&quot;,&quot;25&quot;,&quot;26&quot;,&quot;27&quot;,&quot;28&quot;,&quot;29&quot;,&quot;30&quot;]}]</span>\"
    \"<span class=sf-dump-key>colors</span>\" => \"<span class=sf-dump-str title=\"11 characters\">[&quot;#FFFFFF&quot;]</span>\"
    \"<span class=sf-dump-key>variations</span>\" => <span class=sf-dump-const>null</span>
    \"<span class=sf-dump-key>custom_label_id</span>\" => <span class=sf-dump-const>null</span>
    \"<span class=sf-dump-key>todays_deal</span>\" => <span class=sf-dump-num>0</span>
    \"<span class=sf-dump-key>published</span>\" => <span class=sf-dump-num>1</span>
    \"<span class=sf-dump-key>draft</span>\" => <span class=sf-dump-num>0</span>
    \"<span class=sf-dump-key>pos</span>\" => <span class=sf-dump-num>0</span>
    \"<span class=sf-dump-key>approved</span>\" => <span class=sf-dump-num>1</span>
    \"<span class=sf-dump-key>stock_visibility_state</span>\" => \"<span class=sf-dump-str title=\"8 characters\">quantity</span>\"
    \"<span class=sf-dump-key>cash_on_delivery</span>\" => <span class=sf-dump-num>1</span>
    \"<span class=sf-dump-key>featured</span>\" => <span class=sf-dump-num>0</span>
    \"<span class=sf-dump-key>seller_featured</span>\" => <span class=sf-dump-num>0</span>
    \"<span class=sf-dump-key>current_stock</span>\" => <span class=sf-dump-num>10</span>
    \"<span class=sf-dump-key>unit</span>\" => \"<span class=sf-dump-str title=\"2 characters\">Pc</span>\"
    \"<span class=sf-dump-key>weight</span>\" => <span class=sf-dump-num>0.0</span>
    \"<span class=sf-dump-key>min_qty</span>\" => <span class=sf-dump-num>1</span>
    \"<span class=sf-dump-key>low_stock_quantity</span>\" => <span class=sf-dump-num>1</span>
    \"<span class=sf-dump-key>discount</span>\" => <span class=sf-dump-num>0.0</span>
    \"<span class=sf-dump-key>discount_type</span>\" => \"<span class=sf-dump-str title=\"6 characters\">amount</span>\"
    \"<span class=sf-dump-key>discount_start_date</span>\" => <span class=sf-dump-const>null</span>
    \"<span class=sf-dump-key>discount_end_date</span>\" => <span class=sf-dump-const>null</span>
    \"<span class=sf-dump-key>tax</span>\" => <span class=sf-dump-const>null</span>
    \"<span class=sf-dump-key>tax_type</span>\" => <span class=sf-dump-const>null</span>
    \"<span class=sf-dump-key>hsn_code</span>\" => <span class=sf-dump-const>null</span>
    \"<span class=sf-dump-key>gst_rate</span>\" => <span class=sf-dump-num>0.0</span>
    \"<span class=sf-dump-key>shipping_type</span>\" => \"<span class=sf-dump-str title=\"9 characters\">flat_rate</span>\"
    \"<span class=sf-dump-key>shipping_cost</span>\" => <span class=sf-dump-num>0.0</span>
    \"<span class=sf-dump-key>is_quantity_multiplied</span>\" => <span class=sf-dump-num>0</span>
    \"<span class=sf-dump-key>est_shipping_days</span>\" => <span class=sf-dump-const>null</span>
    \"<span class=sf-dump-key>num_of_sale</span>\" => <span class=sf-dump-num>2</span>
    \"<span class=sf-dump-key>meta_title</span>\" => \"<span class=sf-dump-str title=\"22 characters\">Kids Woven Cross Strap</span>\"
    \"<span class=sf-dump-key>meta_description</span>\" => \"\"\"
      <span class=sf-dump-str title=\"342 characters\">RICHMINIS - Kids Woven Cross Strap<span class=\"sf-dump-default sf-dump-ns\">\\r\\n</span></span>
      <span class=sf-dump-str title=\"342 characters\">Embrace high-end resort styling with our Jacquard Criss-Cross Sandals. Striking the perfect balance between global luxury trends and everyday functional comfort, these sandals feature an elegant, monochromatic print that brings a sophisticated, runway-ready look to your little one&#039;s warm-weather wardrobe.</span>
      \"\"\"
    \"<span class=sf-dump-key>meta_keywords</span>\" => \"<span class=sf-dump-str title=\"46 characters\">Kids Woven Cross Strap, kid shoes, baby shoes,</span>\"
    \"<span class=sf-dump-key>meta_img</span>\" => \"<span class=sf-dump-str title=\"3 characters\">374</span>\"
    \"<span class=sf-dump-key>pdf</span>\" => <span class=sf-dump-const>null</span>
    \"<span class=sf-dump-key>slug</span>\" => \"<span class=sf-dump-str title=\"22 characters\">kids-woven-cross-strap</span>\"
    \"<span class=sf-dump-key>rating</span>\" => <span class=sf-dump-num>0.0</span>
    \"<span class=sf-dump-key>barcode</span>\" => <span class=sf-dump-const>null</span>
    \"<span class=sf-dump-key>digital</span>\" => <span class=sf-dump-num>0</span>
    \"<span class=sf-dump-key>auction_product</span>\" => <span class=sf-dump-num>0</span>
    \"<span class=sf-dump-key>file_name</span>\" => <span class=sf-dump-const>null</span>
    \"<span class=sf-dump-key>file_path</span>\" => <span class=sf-dump-const>null</span>
    \"<span class=sf-dump-key>external_link</span>\" => <span class=sf-dump-const>null</span>
    \"<span class=sf-dump-key>external_link_btn</span>\" => <span class=sf-dump-const>null</span>
    \"<span class=sf-dump-key>wholesale_product</span>\" => <span class=sf-dump-num>0</span>
    \"<span class=sf-dump-key>frequently_bought_selection_type</span>\" => \"<span class=sf-dump-str title=\"7 characters\">product</span>\"
    \"<span class=sf-dump-key>has_warranty</span>\" => <span class=sf-dump-num>0</span>
    \"<span class=sf-dump-key>warranty_id</span>\" => <span class=sf-dump-const>null</span>
    \"<span class=sf-dump-key>warranty_note_id</span>\" => <span class=sf-dump-const>null</span>
    \"<span class=sf-dump-key>created_at</span>\" => \"<span class=sf-dump-str title=\"19 characters\">2026-05-21 04:46:29</span>\"
    \"<span class=sf-dump-key>updated_at</span>\" => \"<span class=sf-dump-str title=\"19 characters\">2026-05-31 01:53:42</span>\"
  </samp>]
  #<span class=sf-dump-protected title=\"Protected property\">original</span>: <span class=sf-dump-note>array:70</span> [<samp data-depth=2 class=sf-dump-compact>
    \"<span class=sf-dump-key>id</span>\" => <span class=sf-dump-num>39</span>
    \"<span class=sf-dump-key>name</span>\" => \"<span class=sf-dump-str title=\"22 characters\">Kids Woven Cross Strap</span>\"
    \"<span class=sf-dump-key>added_by</span>\" => \"<span class=sf-dump-str title=\"5 characters\">admin</span>\"
    \"<span class=sf-dump-key>user_id</span>\" => <span class=sf-dump-num>9</span>
    \"<span class=sf-dump-key>category_id</span>\" => <span class=sf-dump-num>1</span>
    \"<span class=sf-dump-key>brand_id</span>\" => <span class=sf-dump-const>null</span>
    \"<span class=sf-dump-key>photos</span>\" => \"<span class=sf-dump-str title=\"11 characters\">374,372,373</span>\"
    \"<span class=sf-dump-key>thumbnail_img</span>\" => \"<span class=sf-dump-str title=\"3 characters\">372</span>\"
    \"<span class=sf-dump-key>short_video</span>\" => <span class=sf-dump-const>null</span>
    \"<span class=sf-dump-key>short_video_thumbnail</span>\" => <span class=sf-dump-const>null</span>
    \"<span class=sf-dump-key>video_provider</span>\" => <span class=sf-dump-const>null</span>
    \"<span class=sf-dump-key>video_link</span>\" => <span class=sf-dump-const>null</span>
    \"<span class=sf-dump-key>tags</span>\" => \"<span class=sf-dump-str title=\"68 characters\">Kids Woven Cross Strap,kid sandals,baby sandals,kid shoes,baby shoes</span>\"
    \"<span class=sf-dump-key>description</span>\" => \"<span class=sf-dump-str title=\"3146 characters\">&lt;h6&gt;&lt;b data-path-to-node=&quot;0&quot; data-index-in-node=&quot;0&quot;&gt;RICHMINIS - Kids Woven Cross Strap&lt;/b&gt;&lt;/h6&gt;&lt;p data-path-to-node=&quot;1&quot;&gt;Embrace high-end resort styling with our Jacquard Criss-Cross Sandals. Striking the perfect balance between global luxury trends and everyday functional comfort, these sandals feature an elegant, monochromatic print that brings a sophisticated, runway-ready look to your little one&#039;s warm-weather wardrobe.&lt;/p&gt;&lt;h6&gt;&lt;b data-path-to-node=&quot;3&quot; data-index-in-node=&quot;0&quot;&gt;Key Features&lt;/b&gt;&lt;/h6&gt;&lt;ul data-path-to-node=&quot;4&quot;&gt;&lt;li&gt;&lt;p data-path-to-node=&quot;4,0,0&quot;&gt;&lt;b data-path-to-node=&quot;4,0,0&quot; data-index-in-node=&quot;0&quot;&gt;Premium Jacquard Weave&lt;/b&gt;: Designed with wide, criss-cross straps featuring an intricately woven black-and-ivory tapestry pattern for a distinct luxury-boutique feel.&lt;/p&gt;&lt;/li&gt;&lt;li&gt;&lt;p data-path-to-node=&quot;4,1,0&quot;&gt;&lt;b data-path-to-node=&quot;4,1,0&quot; data-index-in-node=&quot;0&quot;&gt;Ergonomic Contoured Footbed&lt;/b&gt;: Outfitted with a plush, smooth black leather-style footbed designed to gently cradle growing feet for all-day comfort.&lt;/p&gt;&lt;/li&gt;&lt;li&gt;&lt;p data-path-to-node=&quot;4,2,0&quot;&gt;&lt;b data-path-to-node=&quot;4,2,0&quot; data-index-in-node=&quot;0&quot;&gt;Adjustable Hook-and-Loop Backstrap&lt;/b&gt;: Features a durable black leather-style ankle strap with a heavy-duty metal loop and secure closure, ensuring a customizable fit that&#039;s easy to adjust.&lt;/p&gt;&lt;/li&gt;&lt;li&gt;&lt;p data-path-to-node=&quot;4,3,0&quot;&gt;&lt;b data-path-to-node=&quot;4,3,0&quot; data-index-in-node=&quot;0&quot;&gt;Chunky Protective Outsole&lt;/b&gt;: Built with a lightweight, flexible thick rubber sole that wraps slightly around the footbed for premium impact protection and stability.&lt;/p&gt;&lt;/li&gt;&lt;li&gt;&lt;p data-path-to-node=&quot;4,4,0&quot;&gt;&lt;b data-path-to-node=&quot;4,4,0&quot; data-index-in-node=&quot;0&quot;&gt;High-Grip Traction&lt;/b&gt;: The textured under-sole is engineered to prevent slipping, making them perfect for resort strolls, weekend outings, or active city play.&lt;/p&gt;&lt;/li&gt;&lt;/ul&gt;&lt;h6&gt;&lt;b data-path-to-node=&quot;6&quot; data-index-in-node=&quot;0&quot;&gt;Product Specifications&lt;/b&gt;&lt;/h6&gt;&lt;ul data-path-to-node=&quot;7&quot;&gt;&lt;li&gt;&lt;p data-path-to-node=&quot;7,0,0&quot;&gt;&lt;b data-path-to-node=&quot;7,0,0&quot; data-index-in-node=&quot;0&quot;&gt;Style&lt;/b&gt;: Criss-Cross Jacquard Slingback Sandal.&lt;/p&gt;&lt;/li&gt;&lt;li&gt;&lt;p data-path-to-node=&quot;7,1,0&quot;&gt;&lt;b data-path-to-node=&quot;7,1,0&quot; data-index-in-node=&quot;0&quot;&gt;Upper Material&lt;/b&gt;: High-quality woven cotton jacquard and premium synthetic leather.&lt;/p&gt;&lt;/li&gt;&lt;li&gt;&lt;p data-path-to-node=&quot;7,2,0&quot;&gt;&lt;b data-path-to-node=&quot;7,2,0&quot; data-index-in-node=&quot;0&quot;&gt;Sole Material&lt;/b&gt;: High-density flexible rubber.&lt;/p&gt;&lt;/li&gt;&lt;li&gt;&lt;p data-path-to-node=&quot;7,3,0&quot;&gt;&lt;b data-path-to-node=&quot;7,3,0&quot; data-index-in-node=&quot;0&quot;&gt;Colorway&lt;/b&gt;: Natural Ivory.&lt;/p&gt;&lt;/li&gt;&lt;li&gt;&lt;p data-path-to-node=&quot;7,4,0&quot;&gt;&lt;b data-path-to-node=&quot;7,4,0&quot; data-index-in-node=&quot;0&quot;&gt;Closure&lt;/b&gt;: Adjustable hook-and-loop backstrap.&lt;/p&gt;&lt;/li&gt;&lt;/ul&gt;&lt;h6&gt;&lt;b data-path-to-node=&quot;9&quot; data-index-in-node=&quot;0&quot;&gt;Brand Insight&lt;/b&gt;&lt;/h6&gt;&lt;p data-path-to-node=&quot;10&quot;&gt;These sandals are designed for mothers who value a minimalist, international-class aesthetic over loud, cartoonish children&#039;s designs. Offering an upscale look reminiscent of high-fashion house aesthetics, they transition effortlessly from a casual day at the beach to an elegant family dinner, maintaining the premium standard your lifestyle ecosystem demands.&lt;/p&gt;</span>\"
    \"<span class=sf-dump-key>unit_price</span>\" => <span class=sf-dump-num>1750.0</span>
    \"<span class=sf-dump-key>purchase_price</span>\" => <span class=sf-dump-const>null</span>
    \"<span class=sf-dump-key>variant_product</span>\" => <span class=sf-dump-num>1</span>
    \"<span class=sf-dump-key>attributes</span>\" => \"<span class=sf-dump-str title=\"5 characters\">[&quot;1&quot;]</span>\"
    \"<span class=sf-dump-key>choice_options</span>\" => \"<span class=sf-dump-str title=\"83 characters\">[{&quot;attribute_id&quot;:&quot;1&quot;,&quot;values&quot;:[&quot;21&quot;,&quot;22&quot;,&quot;23&quot;,&quot;24&quot;,&quot;25&quot;,&quot;26&quot;,&quot;27&quot;,&quot;28&quot;,&quot;29&quot;,&quot;30&quot;]}]</span>\"
    \"<span class=sf-dump-key>colors</span>\" => \"<span class=sf-dump-str title=\"11 characters\">[&quot;#FFFFFF&quot;]</span>\"
    \"<span class=sf-dump-key>variations</span>\" => <span class=sf-dump-const>null</span>
    \"<span class=sf-dump-key>custom_label_id</span>\" => <span class=sf-dump-const>null</span>
    \"<span class=sf-dump-key>todays_deal</span>\" => <span class=sf-dump-num>0</span>
    \"<span class=sf-dump-key>published</span>\" => <span class=sf-dump-num>1</span>
    \"<span class=sf-dump-key>draft</span>\" => <span class=sf-dump-num>0</span>
    \"<span class=sf-dump-key>pos</span>\" => <span class=sf-dump-num>0</span>
    \"<span class=sf-dump-key>approved</span>\" => <span class=sf-dump-num>1</span>
    \"<span class=sf-dump-key>stock_visibility_state</span>\" => \"<span class=sf-dump-str title=\"8 characters\">quantity</span>\"
    \"<span class=sf-dump-key>cash_on_delivery</span>\" => <span class=sf-dump-num>1</span>
    \"<span class=sf-dump-key>featured</span>\" => <span class=sf-dump-num>0</span>
    \"<span class=sf-dump-key>seller_featured</span>\" => <span class=sf-dump-num>0</span>
    \"<span class=sf-dump-key>current_stock</span>\" => <span class=sf-dump-num>10</span>
    \"<span class=sf-dump-key>unit</span>\" => \"<span class=sf-dump-str title=\"2 characters\">Pc</span>\"
    \"<span class=sf-dump-key>weight</span>\" => <span class=sf-dump-num>0.0</span>
    \"<span class=sf-dump-key>min_qty</span>\" => <span class=sf-dump-num>1</span>
    \"<span class=sf-dump-key>low_stock_quantity</span>\" => <span class=sf-dump-num>1</span>
    \"<span class=sf-dump-key>discount</span>\" => <span class=sf-dump-num>0.0</span>
    \"<span class=sf-dump-key>discount_type</span>\" => \"<span class=sf-dump-str title=\"6 characters\">amount</span>\"
    \"<span class=sf-dump-key>discount_start_date</span>\" => <span class=sf-dump-const>null</span>
    \"<span class=sf-dump-key>discount_end_date</span>\" => <span class=sf-dump-const>null</span>
    \"<span class=sf-dump-key>tax</span>\" => <span class=sf-dump-const>null</span>
    \"<span class=sf-dump-key>tax_type</span>\" => <span class=sf-dump-const>null</span>
    \"<span class=sf-dump-key>hsn_code</span>\" => <span class=sf-dump-const>null</span>
    \"<span class=sf-dump-key>gst_rate</span>\" => <span class=sf-dump-num>0.0</span>
    \"<span class=sf-dump-key>shipping_type</span>\" => \"<span class=sf-dump-str title=\"9 characters\">flat_rate</span>\"
    \"<span class=sf-dump-key>shipping_cost</span>\" => <span class=sf-dump-num>0.0</span>
    \"<span class=sf-dump-key>is_quantity_multiplied</span>\" => <span class=sf-dump-num>0</span>
    \"<span class=sf-dump-key>est_shipping_days</span>\" => <span class=sf-dump-const>null</span>
    \"<span class=sf-dump-key>num_of_sale</span>\" => <span class=sf-dump-num>2</span>
    \"<span class=sf-dump-key>meta_title</span>\" => \"<span class=sf-dump-str title=\"22 characters\">Kids Woven Cross Strap</span>\"
    \"<span class=sf-dump-key>meta_description</span>\" => \"\"\"
      <span class=sf-dump-str title=\"342 characters\">RICHMINIS - Kids Woven Cross Strap<span class=\"sf-dump-default sf-dump-ns\">\\r\\n</span></span>
      <span class=sf-dump-str title=\"342 characters\">Embrace high-end resort styling with our Jacquard Criss-Cross Sandals. Striking the perfect balance between global luxury trends and everyday functional comfort, these sandals feature an elegant, monochromatic print that brings a sophisticated, runway-ready look to your little one&#039;s warm-weather wardrobe.</span>
      \"\"\"
    \"<span class=sf-dump-key>meta_keywords</span>\" => \"<span class=sf-dump-str title=\"46 characters\">Kids Woven Cross Strap, kid shoes, baby shoes,</span>\"
    \"<span class=sf-dump-key>meta_img</span>\" => \"<span class=sf-dump-str title=\"3 characters\">374</span>\"
    \"<span class=sf-dump-key>pdf</span>\" => <span class=sf-dump-const>null</span>
    \"<span class=sf-dump-key>slug</span>\" => \"<span class=sf-dump-str title=\"22 characters\">kids-woven-cross-strap</span>\"
    \"<span class=sf-dump-key>rating</span>\" => <span class=sf-dump-num>0.0</span>
    \"<span class=sf-dump-key>barcode</span>\" => <span class=sf-dump-const>null</span>
    \"<span class=sf-dump-key>digital</span>\" => <span class=sf-dump-num>0</span>
    \"<span class=sf-dump-key>auction_product</span>\" => <span class=sf-dump-num>0</span>
    \"<span class=sf-dump-key>file_name</span>\" => <span class=sf-dump-const>null</span>
    \"<span class=sf-dump-key>file_path</span>\" => <span class=sf-dump-const>null</span>
    \"<span class=sf-dump-key>external_link</span>\" => <span class=sf-dump-const>null</span>
    \"<span class=sf-dump-key>external_link_btn</span>\" => <span class=sf-dump-const>null</span>
    \"<span class=sf-dump-key>wholesale_product</span>\" => <span class=sf-dump-num>0</span>
    \"<span class=sf-dump-key>frequently_bought_selection_type</span>\" => \"<span class=sf-dump-str title=\"7 characters\">product</span>\"
    \"<span class=sf-dump-key>has_warranty</span>\" => <span class=sf-dump-num>0</span>
    \"<span class=sf-dump-key>warranty_id</span>\" => <span class=sf-dump-const>null</span>
    \"<span class=sf-dump-key>warranty_note_id</span>\" => <span class=sf-dump-const>null</span>
    \"<span class=sf-dump-key>created_at</span>\" => \"<span class=sf-dump-str title=\"19 characters\">2026-05-21 04:46:29</span>\"
    \"<span class=sf-dump-key>updated_at</span>\" => \"<span class=sf-dump-str title=\"19 characters\">2026-05-31 01:53:42</span>\"
  </samp>]
  #<span class=sf-dump-protected title=\"Protected property\">changes</span>: []
  #<span class=sf-dump-protected title=\"Protected property\">casts</span>: []
  #<span class=sf-dump-protected title=\"Protected property\">classCastCache</span>: []
  #<span class=sf-dump-protected title=\"Protected property\">attributeCastCache</span>: []
  #<span class=sf-dump-protected title=\"Protected property\">dateFormat</span>: <span class=sf-dump-const>null</span>
  #<span class=sf-dump-protected title=\"Protected property\">appends</span>: []
  #<span class=sf-dump-protected title=\"Protected property\">dispatchesEvents</span>: []
  #<span class=sf-dump-protected title=\"Protected property\">observables</span>: []
  #<span class=sf-dump-protected title=\"Protected property\">relations</span>: <span class=sf-dump-note>array:8</span> [<samp data-depth=2 class=sf-dump-compact>
    \"<span class=sf-dump-key>product_translations</span>\" => <span class=sf-dump-note title=\"Illuminate\\Database\\Eloquent\\Collection
\"><span class=\"sf-dump-ellipsis sf-dump-ellipsis-note\">Illuminate\\Database\\Eloquent</span><span class=\"sf-dump-ellipsis sf-dump-ellipsis-note\">\\</span>Collection</span> {<a class=sf-dump-ref>#4338</a><samp data-depth=3 class=sf-dump-compact>
      #<span class=sf-dump-protected title=\"Protected property\">items</span>: <span class=sf-dump-note>array:1</span> [ &#8230;1]
      #<span class=sf-dump-protected title=\"Protected property\">escapeWhenCastingToString</span>: <span class=sf-dump-const>false</span>
    </samp>}
    \"<span class=sf-dump-key>taxes</span>\" => <span class=sf-dump-note title=\"Illuminate\\Database\\Eloquent\\Collection
\"><span class=\"sf-dump-ellipsis sf-dump-ellipsis-note\">Illuminate\\Database\\Eloquent</span><span class=\"sf-dump-ellipsis sf-dump-ellipsis-note\">\\</span>Collection</span> {<a class=sf-dump-ref>#4339</a><samp data-depth=3 class=sf-dump-compact>
      #<span class=sf-dump-protected title=\"Protected property\">items</span>: <span class=sf-dump-note>array:1</span> [ &#8230;1]
      #<span class=sf-dump-protected title=\"Protected property\">escapeWhenCastingToString</span>: <span class=sf-dump-const>false</span>
    </samp>}
    \"<span class=sf-dump-key>thumbnail</span>\" => <span class=sf-dump-note title=\"App\\Models\\Upload
\"><span class=\"sf-dump-ellipsis sf-dump-ellipsis-note\">App\\Models</span><span class=\"sf-dump-ellipsis sf-dump-ellipsis-note\">\\</span>Upload</span> {<a class=sf-dump-ref>#4365</a><samp data-depth=3 class=sf-dump-compact>
      #<span class=sf-dump-protected title=\"Protected property\">connection</span>: \"<span class=sf-dump-str title=\"5 characters\">mysql</span>\"
      #<span class=sf-dump-protected title=\"Protected property\">table</span>: \"<span class=sf-dump-str title=\"7 characters\">uploads</span>\"
      #<span class=sf-dump-protected title=\"Protected property\">primaryKey</span>: \"<span class=sf-dump-str title=\"2 characters\">id</span>\"
      #<span class=sf-dump-protected title=\"Protected property\">keyType</span>: \"<span class=sf-dump-str title=\"3 characters\">int</span>\"
      +<span class=sf-dump-public title=\"Public property\">incrementing</span>: <span class=sf-dump-const>true</span>
      #<span class=sf-dump-protected title=\"Protected property\">with</span>: []
      #<span class=sf-dump-protected title=\"Protected property\">withCount</span>: []
      +<span class=sf-dump-public title=\"Public property\">preventsLazyLoading</span>: <span class=sf-dump-const>false</span>
      #<span class=sf-dump-protected title=\"Protected property\">perPage</span>: <span class=sf-dump-num>15</span>
      +<span class=sf-dump-public title=\"Public property\">exists</span>: <span class=sf-dump-const>true</span>
      +<span class=sf-dump-public title=\"Public property\">wasRecentlyCreated</span>: <span class=sf-dump-const>false</span>
      #<span class=sf-dump-protected title=\"Protected property\">escapeWhenCastingToString</span>: <span class=sf-dump-const>false</span>
      #<span class=sf-dump-protected title=\"Protected property\">attributes</span>: <span class=sf-dump-note>array:11</span> [ &#8230;11]
      #<span class=sf-dump-protected title=\"Protected property\">original</span>: <span class=sf-dump-note>array:11</span> [ &#8230;11]
      #<span class=sf-dump-protected title=\"Protected property\">changes</span>: []
      #<span class=sf-dump-protected title=\"Protected property\">casts</span>: <span class=sf-dump-note>array:1</span> [ &#8230;1]
      #<span class=sf-dump-protected title=\"Protected property\">classCastCache</span>: []
      #<span class=sf-dump-protected title=\"Protected property\">attributeCastCache</span>: []
      #<span class=sf-dump-protected title=\"Protected property\">dateFormat</span>: <span class=sf-dump-const>null</span>
      #<span class=sf-dump-protected title=\"Protected property\">appends</span>: []
      #<span class=sf-dump-protected title=\"Protected property\">dispatchesEvents</span>: []
      #<span class=sf-dump-protected title=\"Protected property\">observables</span>: []
      #<span class=sf-dump-protected title=\"Protected property\">relations</span>: []
      #<span class=sf-dump-protected title=\"Protected property\">touches</span>: []
      +<span class=sf-dump-public title=\"Public property\">timestamps</span>: <span class=sf-dump-const>true</span>
      +<span class=sf-dump-public title=\"Public property\">usesUniqueIds</span>: <span class=sf-dump-const>false</span>
      #<span class=sf-dump-protected title=\"Protected property\">hidden</span>: []
      #<span class=sf-dump-protected title=\"Protected property\">visible</span>: []
      #<span class=sf-dump-protected title=\"Protected property\">fillable</span>: <span class=sf-dump-note>array:6</span> [ &#8230;6]
      #<span class=sf-dump-protected title=\"Protected property\">guarded</span>: <span class=sf-dump-note>array:1</span> [ &#8230;1]
      #<span class=sf-dump-protected title=\"Protected property\">forceDeleting</span>: <span class=sf-dump-const>false</span>
    </samp>}
    \"<span class=sf-dump-key>reviews</span>\" => <span class=sf-dump-note title=\"Illuminate\\Database\\Eloquent\\Collection
\"><span class=\"sf-dump-ellipsis sf-dump-ellipsis-note\">Illuminate\\Database\\Eloquent</span><span class=\"sf-dump-ellipsis sf-dump-ellipsis-note\">\\</span>Collection</span> {<a class=sf-dump-ref>#4350</a><samp data-depth=3 class=sf-dump-compact>
      #<span class=sf-dump-protected title=\"Protected property\">items</span>: []
      #<span class=sf-dump-protected title=\"Protected property\">escapeWhenCastingToString</span>: <span class=sf-dump-const>false</span>
    </samp>}
    \"<span class=sf-dump-key>brand</span>\" => <span class=sf-dump-const>null</span>
    \"<span class=sf-dump-key>stocks</span>\" => <span class=sf-dump-note title=\"Illuminate\\Database\\Eloquent\\Collection
\"><span class=\"sf-dump-ellipsis sf-dump-ellipsis-note\">Illuminate\\Database\\Eloquent</span><span class=\"sf-dump-ellipsis sf-dump-ellipsis-note\">\\</span>Collection</span> {<a class=sf-dump-ref>#4363</a><samp data-depth=3 class=sf-dump-compact>
      #<span class=sf-dump-protected title=\"Protected property\">items</span>: <span class=sf-dump-note>array:10</span> [ &#8230;10]
      #<span class=sf-dump-protected title=\"Protected property\">escapeWhenCastingToString</span>: <span class=sf-dump-const>false</span>
    </samp>}
    \"<span class=sf-dump-key>user</span>\" => <span class=sf-dump-note title=\"App\\Models\\User
\"><span class=\"sf-dump-ellipsis sf-dump-ellipsis-note\">App\\Models</span><span class=\"sf-dump-ellipsis sf-dump-ellipsis-note\">\\</span>User</span> {<a class=sf-dump-ref>#4360</a><samp data-depth=3 class=sf-dump-compact>
      #<span class=sf-dump-protected title=\"Protected property\">connection</span>: \"<span class=sf-dump-str title=\"5 characters\">mysql</span>\"
      #<span class=sf-dump-protected title=\"Protected property\">table</span>: \"<span class=sf-dump-str title=\"5 characters\">users</span>\"
      #<span class=sf-dump-protected title=\"Protected property\">primaryKey</span>: \"<span class=sf-dump-str title=\"2 characters\">id</span>\"
      #<span class=sf-dump-protected title=\"Protected property\">keyType</span>: \"<span class=sf-dump-str title=\"3 characters\">int</span>\"
      +<span class=sf-dump-public title=\"Public property\">incrementing</span>: <span class=sf-dump-const>true</span>
      #<span class=sf-dump-protected title=\"Protected property\">with</span>: []
      #<span class=sf-dump-protected title=\"Protected property\">withCount</span>: []
      +<span class=sf-dump-public title=\"Public property\">preventsLazyLoading</span>: <span class=sf-dump-const>false</span>
      #<span class=sf-dump-protected title=\"Protected property\">perPage</span>: <span class=sf-dump-num>15</span>
      +<span class=sf-dump-public title=\"Public property\">exists</span>: <span class=sf-dump-const>true</span>
      +<span class=sf-dump-public title=\"Public property\">wasRecentlyCreated</span>: <span class=sf-dump-const>false</span>
      #<span class=sf-dump-protected title=\"Protected property\">escapeWhenCastingToString</span>: <span class=sf-dump-const>false</span>
      #<span class=sf-dump-protected title=\"Protected property\">attributes</span>: <span class=sf-dump-note>array:33</span> [ &#8230;33]
      #<span class=sf-dump-protected title=\"Protected property\">original</span>: <span class=sf-dump-note>array:33</span> [ &#8230;33]
      #<span class=sf-dump-protected title=\"Protected property\">changes</span>: []
      #<span class=sf-dump-protected title=\"Protected property\">casts</span>: []
      #<span class=sf-dump-protected title=\"Protected property\">classCastCache</span>: []
      #<span class=sf-dump-protected title=\"Protected property\">attributeCastCache</span>: []
      #<span class=sf-dump-protected title=\"Protected property\">dateFormat</span>: <span class=sf-dump-const>null</span>
      #<span class=sf-dump-protected title=\"Protected property\">appends</span>: []
      #<span class=sf-dump-protected title=\"Protected property\">dispatchesEvents</span>: []
      #<span class=sf-dump-protected title=\"Protected property\">observables</span>: []
      #<span class=sf-dump-protected title=\"Protected property\">relations</span>: <span class=sf-dump-note>array:1</span> [ &#8230;1]
      #<span class=sf-dump-protected title=\"Protected property\">touches</span>: []
      +<span class=sf-dump-public title=\"Public property\">timestamps</span>: <span class=sf-dump-const>true</span>
      +<span class=sf-dump-public title=\"Public property\">usesUniqueIds</span>: <span class=sf-dump-const>false</span>
      #<span class=sf-dump-protected title=\"Protected property\">hidden</span>: <span class=sf-dump-note>array:2</span> [ &#8230;2]
      #<span class=sf-dump-protected title=\"Protected property\">visible</span>: []
      #<span class=sf-dump-protected title=\"Protected property\">fillable</span>: <span class=sf-dump-note>array:12</span> [ &#8230;12]
      #<span class=sf-dump-protected title=\"Protected property\">guarded</span>: <span class=sf-dump-note>array:1</span> [ &#8230;1]
      #<span class=sf-dump-protected title=\"Protected property\">rememberTokenName</span>: \"<span class=sf-dump-str title=\"14 characters\">remember_token</span>\"
      #<span class=sf-dump-protected title=\"Protected property\">accessToken</span>: <span class=sf-dump-const>null</span>
      -<span class=sf-dump-private title=\"Private property defined in class:&#10;`App\\Models\\User`\">roleClass</span>: <span class=sf-dump-const>null</span>
      -<span class=sf-dump-private title=\"Private property defined in class:&#10;`App\\Models\\User`\">permissionClass</span>: <span class=sf-dump-const>null</span>
      -<span class=sf-dump-private title=\"Private property defined in class:&#10;`App\\Models\\User`\">wildcardClass</span>: <span class=sf-dump-const>null</span>
    </samp>}
    \"<span class=sf-dump-key>main_category</span>\" => <span class=sf-dump-note title=\"App\\Models\\Category
\"><span class=\"sf-dump-ellipsis sf-dump-ellipsis-note\">App\\Models</span><span class=\"sf-dump-ellipsis sf-dump-ellipsis-note\">\\</span>Category</span> {<a class=sf-dump-ref>#4317</a><samp data-depth=3 class=sf-dump-compact>
      #<span class=sf-dump-protected title=\"Protected property\">connection</span>: \"<span class=sf-dump-str title=\"5 characters\">mysql</span>\"
      #<span class=sf-dump-protected title=\"Protected property\">table</span>: \"<span class=sf-dump-str title=\"10 characters\">categories</span>\"
      #<span class=sf-dump-protected title=\"Protected property\">primaryKey</span>: \"<span class=sf-dump-str title=\"2 characters\">id</span>\"
      #<span class=sf-dump-protected title=\"Protected property\">keyType</span>: \"<span class=sf-dump-str title=\"3 characters\">int</span>\"
      +<span class=sf-dump-public title=\"Public property\">incrementing</span>: <span class=sf-dump-const>true</span>
      #<span class=sf-dump-protected title=\"Protected property\">with</span>: <span class=sf-dump-note>array:1</span> [ &#8230;1]
      #<span class=sf-dump-protected title=\"Protected property\">withCount</span>: []
      +<span class=sf-dump-public title=\"Public property\">preventsLazyLoading</span>: <span class=sf-dump-const>false</span>
      #<span class=sf-dump-protected title=\"Protected property\">perPage</span>: <span class=sf-dump-num>15</span>
      +<span class=sf-dump-public title=\"Public property\">exists</span>: <span class=sf-dump-const>true</span>
      +<span class=sf-dump-public title=\"Public property\">wasRecentlyCreated</span>: <span class=sf-dump-const>false</span>
      #<span class=sf-dump-protected title=\"Protected property\">escapeWhenCastingToString</span>: <span class=sf-dump-const>false</span>
      #<span class=sf-dump-protected title=\"Protected property\">attributes</span>: <span class=sf-dump-note>array:23</span> [ &#8230;23]
      #<span class=sf-dump-protected title=\"Protected property\">original</span>: <span class=sf-dump-note>array:23</span> [ &#8230;23]
      #<span class=sf-dump-protected title=\"Protected property\">changes</span>: []
      #<span class=sf-dump-protected title=\"Protected property\">casts</span>: []
      #<span class=sf-dump-protected title=\"Protected property\">classCastCache</span>: []
      #<span class=sf-dump-protected title=\"Protected property\">attributeCastCache</span>: []
      #<span class=sf-dump-protected title=\"Protected property\">dateFormat</span>: <span class=sf-dump-const>null</span>
      #<span class=sf-dump-protected title=\"Protected property\">appends</span>: []
      #<span class=sf-dump-protected title=\"Protected property\">dispatchesEvents</span>: []
      #<span class=sf-dump-protected title=\"Protected property\">observables</span>: []
      #<span class=sf-dump-protected title=\"Protected property\">relations</span>: <span class=sf-dump-note>array:2</span> [ &#8230;2]
      #<span class=sf-dump-protected title=\"Protected property\">touches</span>: []
      +<span class=sf-dump-public title=\"Public property\">timestamps</span>: <span class=sf-dump-const>true</span>
      +<span class=sf-dump-public title=\"Public property\">usesUniqueIds</span>: <span class=sf-dump-const>false</span>
      #<span class=sf-dump-protected title=\"Protected property\">hidden</span>: []
      #<span class=sf-dump-protected title=\"Protected property\">visible</span>: []
      #<span class=sf-dump-protected title=\"Protected property\">fillable</span>: <span class=sf-dump-note>array:3</span> [ &#8230;3]
      #<span class=sf-dump-protected title=\"Protected property\">guarded</span>: <span class=sf-dump-note>array:1</span> [ &#8230;1]
    </samp>}
  </samp>]
  #<span class=sf-dump-protected title=\"Protected property\">touches</span>: []
  +<span class=sf-dump-public title=\"Public property\">timestamps</span>: <span class=sf-dump-const>true</span>
  +<span class=sf-dump-public title=\"Public property\">usesUniqueIds</span>: <span class=sf-dump-const>false</span>
  #<span class=sf-dump-protected title=\"Protected property\">hidden</span>: []
  #<span class=sf-dump-protected title=\"Protected property\">visible</span>: []
  #<span class=sf-dump-protected title=\"Protected property\">fillable</span>: []
  #<span class=sf-dump-protected title=\"Protected property\">guarded</span>: <span class=sf-dump-note>array:1</span> [<samp data-depth=2 class=sf-dump-compact>
    <span class=sf-dump-index>0</span> => \"<span class=sf-dump-str title=\"17 characters\">choice_attributes</span>\"
  </samp>]
</samp>}
</pre><script>Sfdump(\"sf-dump-2039794949\", {\"maxDepth\":3,\"maxStringLength\":160})</script>
","product_queries":"<pre class=sf-dump id=sf-dump-1010508446 data-indent-pad=\"  \"><span class=sf-dump-note>Illuminate\\Pagination\\LengthAwarePaginator</span> {<a class=sf-dump-ref>#4588</a><samp data-depth=1 class=sf-dump-expanded>
  #<span class=sf-dump-protected title=\"Protected property\">items</span>: <span class=sf-dump-note title=\"Illuminate\\Database\\Eloquent\\Collection
\"><span class=\"sf-dump-ellipsis sf-dump-ellipsis-note\">Illuminate\\Database\\Eloquent</span><span class=\"sf-dump-ellipsis sf-dump-ellipsis-note\">\\</span>Collection</span> {<a class=sf-dump-ref>#4593</a><samp data-depth=2 class=sf-dump-compact>
    #<span class=sf-dump-protected title=\"Protected property\">items</span>: []
    #<span class=sf-dump-protected title=\"Protected property\">escapeWhenCastingToString</span>: <span class=sf-dump-const>false</span>
  </samp>}
  #<span class=sf-dump-protected title=\"Protected property\">perPage</span>: <span class=sf-dump-num>3</span>
  #<span class=sf-dump-protected title=\"Protected property\">currentPage</span>: <span class=sf-dump-num>1</span>
  #<span class=sf-dump-protected title=\"Protected property\">path</span>: \"<span class=sf-dump-str title=\"53 characters\">https://richminis.test/product/kids-woven-cross-strap</span>\"
  #<span class=sf-dump-protected title=\"Protected property\">query</span>: []
  #<span class=sf-dump-protected title=\"Protected property\">fragment</span>: <span class=sf-dump-const>null</span>
  #<span class=sf-dump-protected title=\"Protected property\">pageName</span>: \"<span class=sf-dump-str title=\"4 characters\">page</span>\"
  +<span class=sf-dump-public title=\"Public property\">onEachSide</span>: <span class=sf-dump-num>3</span>
  #<span class=sf-dump-protected title=\"Protected property\">options</span>: <span class=sf-dump-note>array:2</span> [<samp data-depth=2 class=sf-dump-compact>
    \"<span class=sf-dump-key>path</span>\" => \"<span class=sf-dump-str title=\"53 characters\">https://richminis.test/product/kids-woven-cross-strap</span>\"
    \"<span class=sf-dump-key>pageName</span>\" => \"<span class=sf-dump-str title=\"4 characters\">page</span>\"
  </samp>]
  #<span class=sf-dump-protected title=\"Protected property\">total</span>: <span class=sf-dump-num>0</span>
  #<span class=sf-dump-protected title=\"Protected property\">lastPage</span>: <span class=sf-dump-num>1</span>
</samp>}
</pre><script>Sfdump(\"sf-dump-1010508446\", {\"maxDepth\":3,\"maxStringLength\":160})</script>
","total_query":"<pre class=sf-dump id=sf-dump-520383091 data-indent-pad=\"  \"><span class=sf-dump-num>0</span>
</pre><script>Sfdump(\"sf-dump-520383091\", {\"maxDepth\":3,\"maxStringLength\":160})</script>
","reviews":"<pre class=sf-dump id=sf-dump-1106334704 data-indent-pad=\"  \"><span class=sf-dump-note>Illuminate\\Pagination\\LengthAwarePaginator</span> {<a class=sf-dump-ref>#4582</a><samp data-depth=1 class=sf-dump-expanded>
  #<span class=sf-dump-protected title=\"Protected property\">items</span>: <span class=sf-dump-note title=\"Illuminate\\Database\\Eloquent\\Collection
\"><span class=\"sf-dump-ellipsis sf-dump-ellipsis-note\">Illuminate\\Database\\Eloquent</span><span class=\"sf-dump-ellipsis sf-dump-ellipsis-note\">\\</span>Collection</span> {<a class=sf-dump-ref>#4587</a><samp data-depth=2 class=sf-dump-compact>
    #<span class=sf-dump-protected title=\"Protected property\">items</span>: []
    #<span class=sf-dump-protected title=\"Protected property\">escapeWhenCastingToString</span>: <span class=sf-dump-const>false</span>
  </samp>}
  #<span class=sf-dump-protected title=\"Protected property\">perPage</span>: <span class=sf-dump-num>3</span>
  #<span class=sf-dump-protected title=\"Protected property\">currentPage</span>: <span class=sf-dump-num>1</span>
  #<span class=sf-dump-protected title=\"Protected property\">path</span>: \"<span class=sf-dump-str title=\"53 characters\">https://richminis.test/product/kids-woven-cross-strap</span>\"
  #<span class=sf-dump-protected title=\"Protected property\">query</span>: []
  #<span class=sf-dump-protected title=\"Protected property\">fragment</span>: <span class=sf-dump-const>null</span>
  #<span class=sf-dump-protected title=\"Protected property\">pageName</span>: \"<span class=sf-dump-str title=\"4 characters\">page</span>\"
  +<span class=sf-dump-public title=\"Public property\">onEachSide</span>: <span class=sf-dump-num>3</span>
  #<span class=sf-dump-protected title=\"Protected property\">options</span>: <span class=sf-dump-note>array:2</span> [<samp data-depth=2 class=sf-dump-compact>
    \"<span class=sf-dump-key>path</span>\" => \"<span class=sf-dump-str title=\"53 characters\">https://richminis.test/product/kids-woven-cross-strap</span>\"
    \"<span class=sf-dump-key>pageName</span>\" => \"<span class=sf-dump-str title=\"4 characters\">page</span>\"
  </samp>]
  #<span class=sf-dump-protected title=\"Protected property\">total</span>: <span class=sf-dump-num>0</span>
  #<span class=sf-dump-protected title=\"Protected property\">lastPage</span>: <span class=sf-dump-num>1</span>
</samp>}
</pre><script>Sfdump(\"sf-dump-1106334704\", {\"maxDepth\":3,\"maxStringLength\":160})</script>
","review_status":"<pre class=sf-dump id=sf-dump-294007844 data-indent-pad=\"  \"><span class=sf-dump-num>0</span>
</pre><script>Sfdump(\"sf-dump-294007844\", {\"maxDepth\":3,\"maxStringLength\":160})</script>
","order_id":"<pre class=sf-dump id=sf-dump-146504531 data-indent-pad=\"  \">\"\"
</pre><script>Sfdump(\"sf-dump-146504531\", {\"maxDepth\":3,\"maxStringLength\":160})</script>
","capiEventId":"<pre class=sf-dump id=sf-dump-1555348238 data-indent-pad=\"  \">\"<span class=sf-dump-str title=\"23 characters\">view_item_6a3dd586527fd</span>\"
</pre><script>Sfdump(\"sf-dump-1555348238\", {\"maxDepth\":3,\"maxStringLength\":160})</script>
"}},"exception":"[object] (Spatie\\LaravelIgnition\\Exceptions\\ViewException(code: 0): Call to undefined function escape() at R:\\SoftwareFiles\\laragon\\www\\richminis\\resources\\views\\frontend\\product_details.blade.php:849)
[stacktrace]
#0 R:\\SoftwareFiles\\laragon\\www\\richminis\\vendor\\laravel\\framework\\src\\Illuminate\\Filesystem\\Filesystem.php(123): require()
#1 R:\\SoftwareFiles\\laragon\\www\\richminis\\vendor\\laravel\\framework\\src\\Illuminate\\Filesystem\\Filesystem.php(124): Illuminate\\Filesystem\\Filesystem::Illuminate\\Filesystem\\{closure}()
#2 R:\\SoftwareFiles\\laragon\\www\\richminis\\vendor\\laravel\\framework\\src\\Illuminate\\View\\Engines\\PhpEngine.php(58): Illuminate\\Filesystem\\Filesystem->getRequire('R:\\\\SoftwareFile...', Array)
#3 R:\\SoftwareFiles\\laragon\\www\\richminis\\vendor\\laravel\\framework\\src\\Illuminate\\View\\Engines\\CompilerEngine.php(72): Illuminate\\View\\Engines\\PhpEngine->evaluatePath('R:\\\\SoftwareFile...', Array)
#4 R:\\SoftwareFiles\\laragon\\www\\richminis\\vendor\\laravel\\framework\\src\\Illuminate\\View\\View.php(207): Illuminate\\View\\Engines\\CompilerEngine->get('R:\\\\SoftwareFile...', Array)
#5 R:\\SoftwareFiles\\laragon\\www\\richminis\\vendor\\laravel\\framework\\src\\Illuminate\\View\\View.php(190): Illuminate\\View\\View->getContents()
#6 R:\\SoftwareFiles\\laragon\\www\\richminis\\vendor\\laravel\\framework\\src\\Illuminate\\View\\View.php(159): Illuminate\\View\\View->renderContents()
#7 R:\\SoftwareFiles\\laragon\\www\\richminis\\vendor\\laravel\\framework\\src\\Illuminate\\Http\\Response.php(69): Illuminate\\View\\View->render()
#8 R:\\SoftwareFiles\\laragon\\www\\richminis\\vendor\\laravel\\framework\\src\\Illuminate\\Http\\Response.php(35): Illuminate\\Http\\Response->setContent(Object(Illuminate\\View\\View))
#9 R:\\SoftwareFiles\\laragon\\www\\richminis\\vendor\\laravel\\framework\\src\\Illuminate\\Routing\\Router.php(918): Illuminate\\Http\\Response->__construct(Object(Illuminate\\View\\View), 200, Array)
#10 R:\\SoftwareFiles\\laragon\\www\\richminis\\vendor\\laravel\\framework\\src\\Illuminate\\Routing\\Router.php(885): Illuminate\\Routing\\Router::toResponse(Object(Illuminate\\Http\\Request), Object(Illuminate\\View\\View))
#11 R:\\SoftwareFiles\\laragon\\www\\richminis\\vendor\\laravel\\framework\\src\\Illuminate\\Routing\\Router.php(805): Illuminate\\Routing\\Router->prepareResponse(Object(Illuminate\\Http\\Request), Object(Illuminate\\View\\View))
#12 R:\\SoftwareFiles\\laragon\\www\\richminis\\vendor\\laravel\\framework\\src\\Illuminate\\Pipeline\\Pipeline.php(144): Illuminate\\Routing\\Router->Illuminate\\Routing\\{closure}(Object(Illuminate\\Http\\Request))
#13 R:\\SoftwareFiles\\laragon\\www\\richminis\\app\\Http\\Middleware\\PortfolioView.php(21): Illuminate\\Pipeline\\Pipeline->Illuminate\\Pipeline\\{closure}(Object(Illuminate\\Http\\Request))
#14 R:\\SoftwareFiles\\laragon\\www\\richminis\\vendor\\laravel\\framework\\src\\Illuminate\\Pipeline\\Pipeline.php(183): App\\Http\\Middleware\\PortfolioView->handle(Object(Illuminate\\Http\\Request), Object(Closure))
#15 R:\\SoftwareFiles\\laragon\\www\\richminis\\app\\Http\\Middleware\\CheckForMaintenanceMode.php(64): Illuminate\\Pipeline\\Pipeline->Illuminate\\Pipeline\\{closure}(Object(Illuminate\\Http\\Request))
#16 R:\\SoftwareFiles\\laragon\\www\\richminis\\vendor\\laravel\\framework\\src\\Illuminate\\Pipeline\\Pipeline.php(183): App\\Http\\Middleware\\CheckForMaintenanceMode->handle(Object(Illuminate\\Http\\Request), Object(Closure))
#17 R:\\SoftwareFiles\\laragon\\www\\richminis\\app\\Http\\Middleware\\HttpsProtocol.php(20): Illuminate\\Pipeline\\Pipeline->Illuminate\\Pipeline\\{closure}(Object(Illuminate\\Http\\Request))
#18 R:\\SoftwareFiles\\laragon\\www\\richminis\\vendor\\laravel\\framework\\src\\Illuminate\\Pipeline\\Pipeline.php(183): App\\Http\\Middleware\\HttpsProtocol->handle(Object(Illuminate\\Http\\Request), Object(Closure))
#19 R:\\SoftwareFiles\\laragon\\www\\richminis\\app\\Http\\Middleware\\Language.php(35): Illuminate\\Pipeline\\Pipeline->Illuminate\\Pipeline\\{closure}(Object(Illuminate\\Http\\Request))
#20 R:\\SoftwareFiles\\laragon\\www\\richminis\\vendor\\laravel\\framework\\src\\Illuminate\\Pipeline\\Pipeline.php(183): App\\Http\\Middleware\\Language->handle(Object(Illuminate\\Http\\Request), Object(Closure))
#21 R:\\SoftwareFiles\\laragon\\www\\richminis\\vendor\\laravel\\framework\\src\\Illuminate\\Routing\\Middleware\\SubstituteBindings.php(50): Illuminate\\Pipeline\\Pipeline->Illuminate\\Pipeline\\{closure}(Object(Illuminate\\Http\\Request))
#22 R:\\SoftwareFiles\\laragon\\www\\richminis\\vendor\\laravel\\framework\\src\\Illuminate\\Pipeline\\Pipeline.php(183): Illuminate\\Routing\\Middleware\\SubstituteBindings->handle(Object(Illuminate\\Http\\Request), Object(Closure))
#23 R:\\SoftwareFiles\\laragon\\www\\richminis\\vendor\\laravel\\framework\\src\\Illuminate\\Foundation\\Http\\Middleware\\VerifyCsrfToken.php(78): Illuminate\\Pipeline\\Pipeline->Illuminate\\Pipeline\\{closure}(Object(Illuminate\\Http\\Request))
#24 R:\\SoftwareFiles\\laragon\\www\\richminis\\vendor\\laravel\\framework\\src\\Illuminate\\Pipeline\\Pipeline.php(183): Illuminate\\Foundation\\Http\\Middleware\\VerifyCsrfToken->handle(Object(Illuminate\\Http\\Request), Object(Closure))
#25 R:\\SoftwareFiles\\laragon\\www\\richminis\\vendor\\laravel\\framework\\src\\Illuminate\\Cookie\\Middleware\\AddQueuedCookiesToResponse.php(37): Illuminate\\Pipeline\\Pipeline->Illuminate\\Pipeline\\{closure}(Object(Illuminate\\Http\\Request))
#26 R:\\SoftwareFiles\\laragon\\www\\richminis\\vendor\\laravel\\framework\\src\\Illuminate\\Pipeline\\Pipeline.php(183): Illuminate\\Cookie\\Middleware\\AddQueuedCookiesToResponse->handle(Object(Illuminate\\Http\\Request), Object(Closure))
#27 R:\\SoftwareFiles\\laragon\\www\\richminis\\vendor\\laravel\\framework\\src\\Illuminate\\Pipeline\\Pipeline.php(119): Illuminate\\Pipeline\\Pipeline->Illuminate\\Pipeline\\{closure}(Object(Illuminate\\Http\\Request))
#28 R:\\SoftwareFiles\\laragon\\www\\richminis\\vendor\\laravel\\framework\\src\\Illuminate\\Routing\\Router.php(805): Illuminate\\Pipeline\\Pipeline->then(Object(Closure))
#29 R:\\SoftwareFiles\\laragon\\www\\richminis\\vendor\\laravel\\framework\\src\\Illuminate\\Routing\\Router.php(784): Illuminate\\Routing\\Router->runRouteWithinStack(Object(Illuminate\\Routing\\Route), Object(Illuminate\\Http\\Request))
#30 R:\\SoftwareFiles\\laragon\\www\\richminis\\vendor\\laravel\\framework\\src\\Illuminate\\Routing\\Router.php(748): Illuminate\\Routing\\Router->runRoute(Object(Illuminate\\Http\\Request), Object(Illuminate\\Routing\\Route))
#31 R:\\SoftwareFiles\\laragon\\www\\richminis\\vendor\\laravel\\framework\\src\\Illuminate\\Routing\\Router.php(737): Illuminate\\Routing\\Router->dispatchToRoute(Object(Illuminate\\Http\\Request))
#32 R:\\SoftwareFiles\\laragon\\www\\richminis\\vendor\\laravel\\framework\\src\\Illuminate\\Foundation\\Http\\Kernel.php(200): Illuminate\\Routing\\Router->dispatch(Object(Illuminate\\Http\\Request))
#33 R:\\SoftwareFiles\\laragon\\www\\richminis\\vendor\\laravel\\framework\\src\\Illuminate\\Pipeline\\Pipeline.php(144): Illuminate\\Foundation\\Http\\Kernel->Illuminate\\Foundation\\Http\\{closure}(Object(Illuminate\\Http\\Request))
#34 R:\\SoftwareFiles\\laragon\\www\\richminis\\vendor\\barryvdh\\laravel-debugbar\\src\\Middleware\\InjectDebugbar.php(59): Illuminate\\Pipeline\\Pipeline->Illuminate\\Pipeline\\{closure}(Object(Illuminate\\Http\\Request))
#35 R:\\SoftwareFiles\\laragon\\www\\richminis\\vendor\\laravel\\framework\\src\\Illuminate\\Pipeline\\Pipeline.php(183): Barryvdh\\Debugbar\\Middleware\\InjectDebugbar->handle(Object(Illuminate\\Http\\Request), Object(Closure))
#36 R:\\SoftwareFiles\\laragon\\www\\richminis\\vendor\\laravel\\framework\\src\\Illuminate\\View\\Middleware\\ShareErrorsFromSession.php(49): Illuminate\\Pipeline\\Pipeline->Illuminate\\Pipeline\\{closure}(Object(Illuminate\\Http\\Request))
#37 R:\\SoftwareFiles\\laragon\\www\\richminis\\vendor\\laravel\\framework\\src\\Illuminate\\Pipeline\\Pipeline.php(183): Illuminate\\View\\Middleware\\ShareErrorsFromSession->handle(Object(Illuminate\\Http\\Request), Object(Closure))
#38 R:\\SoftwareFiles\\laragon\\www\\richminis\\vendor\\laravel\\framework\\src\\Illuminate\\Session\\Middleware\\StartSession.php(121): Illuminate\\Pipeline\\Pipeline->Illuminate\\Pipeline\\{closure}(Object(Illuminate\\Http\\Request))
#39 R:\\SoftwareFiles\\laragon\\www\\richminis\\vendor\\laravel\\framework\\src\\Illuminate\\Session\\Middleware\\StartSession.php(64): Illuminate\\Session\\Middleware\\StartSession->handleStatefulRequest(Object(Illuminate\\Http\\Request), Object(Illuminate\\Session\\Store), Object(Closure))
#40 R:\\SoftwareFiles\\laragon\\www\\richminis\\vendor\\laravel\\framework\\src\\Illuminate\\Pipeline\\Pipeline.php(183): Illuminate\\Session\\Middleware\\StartSession->handle(Object(Illuminate\\Http\\Request), Object(Closure))
#41 R:\\SoftwareFiles\\laragon\\www\\richminis\\vendor\\laravel\\framework\\src\\Illuminate\\Http\\Middleware\\TrustProxies.php(39): Illuminate\\Pipeline\\Pipeline->Illuminate\\Pipeline\\{closure}(Object(Illuminate\\Http\\Request))
#42 R:\\SoftwareFiles\\laragon\\www\\richminis\\vendor\\laravel\\framework\\src\\Illuminate\\Pipeline\\Pipeline.php(183): Illuminate\\Http\\Middleware\\TrustProxies->handle(Object(Illuminate\\Http\\Request), Object(Closure))
#43 R:\\SoftwareFiles\\laragon\\www\\richminis\\vendor\\laravel\\framework\\src\\Illuminate\\Foundation\\Http\\Middleware\\TransformsRequest.php(21): Illuminate\\Pipeline\\Pipeline->Illuminate\\Pipeline\\{closure}(Object(Illuminate\\Http\\Request))
#44 R:\\SoftwareFiles\\laragon\\www\\richminis\\vendor\\laravel\\framework\\src\\Illuminate\\Foundation\\Http\\Middleware\\ConvertEmptyStringsToNull.php(31): Illuminate\\Foundation\\Http\\Middleware\\TransformsRequest->handle(Object(Illuminate\\Http\\Request), Object(Closure))
#45 R:\\SoftwareFiles\\laragon\\www\\richminis\\vendor\\laravel\\framework\\src\\Illuminate\\Pipeline\\Pipeline.php(183): Illuminate\\Foundation\\Http\\Middleware\\ConvertEmptyStringsToNull->handle(Object(Illuminate\\Http\\Request), Object(Closure))
#46 R:\\SoftwareFiles\\laragon\\www\\richminis\\vendor\\laravel\\framework\\src\\Illuminate\\Foundation\\Http\\Middleware\\TransformsRequest.php(21): Illuminate\\Pipeline\\Pipeline->Illuminate\\Pipeline\\{closure}(Object(Illuminate\\Http\\Request))
#47 R:\\SoftwareFiles\\laragon\\www\\richminis\\vendor\\laravel\\framework\\src\\Illuminate\\Foundation\\Http\\Middleware\\TrimStrings.php(40): Illuminate\\Foundation\\Http\\Middleware\\TransformsRequest->handle(Object(Illuminate\\Http\\Request), Object(Closure))
#48 R:\\SoftwareFiles\\laragon\\www\\richminis\\vendor\\laravel\\framework\\src\\Illuminate\\Pipeline\\Pipeline.php(183): Illuminate\\Foundation\\Http\\Middleware\\TrimStrings->handle(Object(Illuminate\\Http\\Request), Object(Closure))
#49 R:\\SoftwareFiles\\laragon\\www\\richminis\\vendor\\laravel\\framework\\src\\Illuminate\\Foundation\\Http\\Middleware\\ValidatePostSize.php(27): Illuminate\\Pipeline\\Pipeline->Illuminate\\Pipeline\\{closure}(Object(Illuminate\\Http\\Request))
#50 R:\\SoftwareFiles\\laragon\\www\\richminis\\vendor\\laravel\\framework\\src\\Illuminate\\Pipeline\\Pipeline.php(183): Illuminate\\Foundation\\Http\\Middleware\\ValidatePostSize->handle(Object(Illuminate\\Http\\Request), Object(Closure))
#51 R:\\SoftwareFiles\\laragon\\www\\richminis\\vendor\\laravel\\framework\\src\\Illuminate\\Pipeline\\Pipeline.php(119): Illuminate\\Pipeline\\Pipeline->Illuminate\\Pipeline\\{closure}(Object(Illuminate\\Http\\Request))
#52 R:\\SoftwareFiles\\laragon\\www\\richminis\\vendor\\laravel\\framework\\src\\Illuminate\\Foundation\\Http\\Kernel.php(175): Illuminate\\Pipeline\\Pipeline->then(Object(Closure))
#53 R:\\SoftwareFiles\\laragon\\www\\richminis\\vendor\\laravel\\framework\\src\\Illuminate\\Foundation\\Http\\Kernel.php(144): Illuminate\\Foundation\\Http\\Kernel->sendRequestThroughRouter(Object(Illuminate\\Http\\Request))
#54 R:\\SoftwareFiles\\laragon\\www\\richminis\\index.php(56): Illuminate\\Foundation\\Http\\Kernel->handle(Object(Illuminate\\Http\\Request))
#55 {main}

[previous exception] [object] (Error(code: 0): Call to undefined function escape() at R:\\SoftwareFiles\\laragon\\www\\richminis\\storage\\framework\\views\\7ee9f02743bda15f52b648b873f7d459.php:850)
[stacktrace]
#0 R:\\SoftwareFiles\\laragon\\www\\richminis\\vendor\\laravel\\framework\\src\\Illuminate\\Filesystem\\Filesystem.php(123): require()
#1 R:\\SoftwareFiles\\laragon\\www\\richminis\\vendor\\laravel\\framework\\src\\Illuminate\\Filesystem\\Filesystem.php(124): Illuminate\\Filesystem\\Filesystem::Illuminate\\Filesystem\\{closure}()
#2 R:\\SoftwareFiles\\laragon\\www\\richminis\\vendor\\laravel\\framework\\src\\Illuminate\\View\\Engines\\PhpEngine.php(58): Illuminate\\Filesystem\\Filesystem->getRequire('R:\\\\SoftwareFile...', Array)
#3 R:\\SoftwareFiles\\laragon\\www\\richminis\\vendor\\laravel\\framework\\src\\Illuminate\\View\\Engines\\CompilerEngine.php(72): Illuminate\\View\\Engines\\PhpEngine->evaluatePath('R:\\\\SoftwareFile...', Array)
#4 R:\\SoftwareFiles\\laragon\\www\\richminis\\vendor\\laravel\\framework\\src\\Illuminate\\View\\View.php(207): Illuminate\\View\\Engines\\CompilerEngine->get('R:\\\\SoftwareFile...', Array)
#5 R:\\SoftwareFiles\\laragon\\www\\richminis\\vendor\\laravel\\framework\\src\\Illuminate\\View\\View.php(190): Illuminate\\View\\View->getContents()
#6 R:\\SoftwareFiles\\laragon\\www\\richminis\\vendor\\laravel\\framework\\src\\Illuminate\\View\\View.php(159): Illuminate\\View\\View->renderContents()
#7 R:\\SoftwareFiles\\laragon\\www\\richminis\\vendor\\laravel\\framework\\src\\Illuminate\\Http\\Response.php(69): Illuminate\\View\\View->render()
#8 R:\\SoftwareFiles\\laragon\\www\\richminis\\vendor\\laravel\\framework\\src\\Illuminate\\Http\\Response.php(35): Illuminate\\Http\\Response->setContent(Object(Illuminate\\View\\View))
#9 R:\\SoftwareFiles\\laragon\\www\\richminis\\vendor\\laravel\\framework\\src\\Illuminate\\Routing\\Router.php(918): Illuminate\\Http\\Response->__construct(Object(Illuminate\\View\\View), 200, Array)
#10 R:\\SoftwareFiles\\laragon\\www\\richminis\\vendor\\laravel\\framework\\src\\Illuminate\\Routing\\Router.php(885): Illuminate\\Routing\\Router::toResponse(Object(Illuminate\\Http\\Request), Object(Illuminate\\View\\View))
#11 R:\\SoftwareFiles\\laragon\\www\\richminis\\vendor\\laravel\\framework\\src\\Illuminate\\Routing\\Router.php(805): Illuminate\\Routing\\Router->prepareResponse(Object(Illuminate\\Http\\Request), Object(Illuminate\\View\\View))
#12 R:\\SoftwareFiles\\laragon\\www\\richminis\\vendor\\laravel\\framework\\src\\Illuminate\\Pipeline\\Pipeline.php(144): Illuminate\\Routing\\Router->Illuminate\\Routing\\{closure}(Object(Illuminate\\Http\\Request))
#13 R:\\SoftwareFiles\\laragon\\www\\richminis\\app\\Http\\Middleware\\PortfolioView.php(21): Illuminate\\Pipeline\\Pipeline->Illuminate\\Pipeline\\{closure}(Object(Illuminate\\Http\\Request))
#14 R:\\SoftwareFiles\\laragon\\www\\richminis\\vendor\\laravel\\framework\\src\\Illuminate\\Pipeline\\Pipeline.php(183): App\\Http\\Middleware\\PortfolioView->handle(Object(Illuminate\\Http\\Request), Object(Closure))
#15 R:\\SoftwareFiles\\laragon\\www\\richminis\\app\\Http\\Middleware\\CheckForMaintenanceMode.php(64): Illuminate\\Pipeline\\Pipeline->Illuminate\\Pipeline\\{closure}(Object(Illuminate\\Http\\Request))
#16 R:\\SoftwareFiles\\laragon\\www\\richminis\\vendor\\laravel\\framework\\src\\Illuminate\\Pipeline\\Pipeline.php(183): App\\Http\\Middleware\\CheckForMaintenanceMode->handle(Object(Illuminate\\Http\\Request), Object(Closure))
#17 R:\\SoftwareFiles\\laragon\\www\\richminis\\app\\Http\\Middleware\\HttpsProtocol.php(20): Illuminate\\Pipeline\\Pipeline->Illuminate\\Pipeline\\{closure}(Object(Illuminate\\Http\\Request))
#18 R:\\SoftwareFiles\\laragon\\www\\richminis\\vendor\\laravel\\framework\\src\\Illuminate\\Pipeline\\Pipeline.php(183): App\\Http\\Middleware\\HttpsProtocol->handle(Object(Illuminate\\Http\\Request), Object(Closure))
#19 R:\\SoftwareFiles\\laragon\\www\\richminis\\app\\Http\\Middleware\\Language.php(35): Illuminate\\Pipeline\\Pipeline->Illuminate\\Pipeline\\{closure}(Object(Illuminate\\Http\\Request))
#20 R:\\SoftwareFiles\\laragon\\www\\richminis\\vendor\\laravel\\framework\\src\\Illuminate\\Pipeline\\Pipeline.php(183): App\\Http\\Middleware\\Language->handle(Object(Illuminate\\Http\\Request), Object(Closure))
#21 R:\\SoftwareFiles\\laragon\\www\\richminis\\vendor\\laravel\\framework\\src\\Illuminate\\Routing\\Middleware\\SubstituteBindings.php(50): Illuminate\\Pipeline\\Pipeline->Illuminate\\Pipeline\\{closure}(Object(Illuminate\\Http\\Request))
#22 R:\\SoftwareFiles\\laragon\\www\\richminis\\vendor\\laravel\\framework\\src\\Illuminate\\Pipeline\\Pipeline.php(183): Illuminate\\Routing\\Middleware\\SubstituteBindings->handle(Object(Illuminate\\Http\\Request), Object(Closure))
#23 R:\\SoftwareFiles\\laragon\\www\\richminis\\vendor\\laravel\\framework\\src\\Illuminate\\Foundation\\Http\\Middleware\\VerifyCsrfToken.php(78): Illuminate\\Pipeline\\Pipeline->Illuminate\\Pipeline\\{closure}(Object(Illuminate\\Http\\Request))
#24 R:\\SoftwareFiles\\laragon\\www\\richminis\\vendor\\laravel\\framework\\src\\Illuminate\\Pipeline\\Pipeline.php(183): Illuminate\\Foundation\\Http\\Middleware\\VerifyCsrfToken->handle(Object(Illuminate\\Http\\Request), Object(Closure))
#25 R:\\SoftwareFiles\\laragon\\www\\richminis\\vendor\\laravel\\framework\\src\\Illuminate\\Cookie\\Middleware\\AddQueuedCookiesToResponse.php(37): Illuminate\\Pipeline\\Pipeline->Illuminate\\Pipeline\\{closure}(Object(Illuminate\\Http\\Request))
#26 R:\\SoftwareFiles\\laragon\\www\\richminis\\vendor\\laravel\\framework\\src\\Illuminate\\Pipeline\\Pipeline.php(183): Illuminate\\Cookie\\Middleware\\AddQueuedCookiesToResponse->handle(Object(Illuminate\\Http\\Request), Object(Closure))
#27 R:\\SoftwareFiles\\laragon\\www\\richminis\\vendor\\laravel\\framework\\src\\Illuminate\\Pipeline\\Pipeline.php(119): Illuminate\\Pipeline\\Pipeline->Illuminate\\Pipeline\\{closure}(Object(Illuminate\\Http\\Request))
#28 R:\\SoftwareFiles\\laragon\\www\\richminis\\vendor\\laravel\\framework\\src\\Illuminate\\Routing\\Router.php(805): Illuminate\\Pipeline\\Pipeline->then(Object(Closure))
#29 R:\\SoftwareFiles\\laragon\\www\\richminis\\vendor\\laravel\\framework\\src\\Illuminate\\Routing\\Router.php(784): Illuminate\\Routing\\Router->runRouteWithinStack(Object(Illuminate\\Routing\\Route), Object(Illuminate\\Http\\Request))
#30 R:\\SoftwareFiles\\laragon\\www\\richminis\\vendor\\laravel\\framework\\src\\Illuminate\\Routing\\Router.php(748): Illuminate\\Routing\\Router->runRoute(Object(Illuminate\\Http\\Request), Object(Illuminate\\Routing\\Route))
#31 R:\\SoftwareFiles\\laragon\\www\\richminis\\vendor\\laravel\\framework\\src\\Illuminate\\Routing\\Router.php(737): Illuminate\\Routing\\Router->dispatchToRoute(Object(Illuminate\\Http\\Request))
#32 R:\\SoftwareFiles\\laragon\\www\\richminis\\vendor\\laravel\\framework\\src\\Illuminate\\Foundation\\Http\\Kernel.php(200): Illuminate\\Routing\\Router->dispatch(Object(Illuminate\\Http\\Request))
#33 R:\\SoftwareFiles\\laragon\\www\\richminis\\vendor\\laravel\\framework\\src\\Illuminate\\Pipeline\\Pipeline.php(144): Illuminate\\Foundation\\Http\\Kernel->Illuminate\\Foundation\\Http\\{closure}(Object(Illuminate\\Http\\Request))
#34 R:\\SoftwareFiles\\laragon\\www\\richminis\\vendor\\barryvdh\\laravel-debugbar\\src\\Middleware\\InjectDebugbar.php(59): Illuminate\\Pipeline\\Pipeline->Illuminate\\Pipeline\\{closure}(Object(Illuminate\\Http\\Request))
#35 R:\\SoftwareFiles\\laragon\\www\\richminis\\vendor\\laravel\\framework\\src\\Illuminate\\Pipeline\\Pipeline.php(183): Barryvdh\\Debugbar\\Middleware\\InjectDebugbar->handle(Object(Illuminate\\Http\\Request), Object(Closure))
#36 R:\\SoftwareFiles\\laragon\\www\\richminis\\vendor\\laravel\\framework\\src\\Illuminate\\View\\Middleware\\ShareErrorsFromSession.php(49): Illuminate\\Pipeline\\Pipeline->Illuminate\\Pipeline\\{closure}(Object(Illuminate\\Http\\Request))
#37 R:\\SoftwareFiles\\laragon\\www\\richminis\\vendor\\laravel\\framework\\src\\Illuminate\\Pipeline\\Pipeline.php(183): Illuminate\\View\\Middleware\\ShareErrorsFromSession->handle(Object(Illuminate\\Http\\Request), Object(Closure))
#38 R:\\SoftwareFiles\\laragon\\www\\richminis\\vendor\\laravel\\framework\\src\\Illuminate\\Session\\Middleware\\StartSession.php(121): Illuminate\\Pipeline\\Pipeline->Illuminate\\Pipeline\\{closure}(Object(Illuminate\\Http\\Request))
#39 R:\\SoftwareFiles\\laragon\\www\\richminis\\vendor\\laravel\\framework\\src\\Illuminate\\Session\\Middleware\\StartSession.php(64): Illuminate\\Session\\Middleware\\StartSession->handleStatefulRequest(Object(Illuminate\\Http\\Request), Object(Illuminate\\Session\\Store), Object(Closure))
#40 R:\\SoftwareFiles\\laragon\\www\\richminis\\vendor\\laravel\\framework\\src\\Illuminate\\Pipeline\\Pipeline.php(183): Illuminate\\Session\\Middleware\\StartSession->handle(Object(Illuminate\\Http\\Request), Object(Closure))
#41 R:\\SoftwareFiles\\laragon\\www\\richminis\\vendor\\laravel\\framework\\src\\Illuminate\\Http\\Middleware\\TrustProxies.php(39): Illuminate\\Pipeline\\Pipeline->Illuminate\\Pipeline\\{closure}(Object(Illuminate\\Http\\Request))
#42 R:\\SoftwareFiles\\laragon\\www\\richminis\\vendor\\laravel\\framework\\src\\Illuminate\\Pipeline\\Pipeline.php(183): Illuminate\\Http\\Middleware\\TrustProxies->handle(Object(Illuminate\\Http\\Request), Object(Closure))
#43 R:\\SoftwareFiles\\laragon\\www\\richminis\\vendor\\laravel\\framework\\src\\Illuminate\\Foundation\\Http\\Middleware\\TransformsRequest.php(21): Illuminate\\Pipeline\\Pipeline->Illuminate\\Pipeline\\{closure}(Object(Illuminate\\Http\\Request))
#44 R:\\SoftwareFiles\\laragon\\www\\richminis\\vendor\\laravel\\framework\\src\\Illuminate\\Foundation\\Http\\Middleware\\ConvertEmptyStringsToNull.php(31): Illuminate\\Foundation\\Http\\Middleware\\TransformsRequest->handle(Object(Illuminate\\Http\\Request), Object(Closure))
#45 R:\\SoftwareFiles\\laragon\\www\\richminis\\vendor\\laravel\\framework\\src\\Illuminate\\Pipeline\\Pipeline.php(183): Illuminate\\Foundation\\Http\\Middleware\\ConvertEmptyStringsToNull->handle(Object(Illuminate\\Http\\Request), Object(Closure))
#46 R:\\SoftwareFiles\\laragon\\www\\richminis\\vendor\\laravel\\framework\\src\\Illuminate\\Foundation\\Http\\Middleware\\TransformsRequest.php(21): Illuminate\\Pipeline\\Pipeline->Illuminate\\Pipeline\\{closure}(Object(Illuminate\\Http\\Request))
#47 R:\\SoftwareFiles\\laragon\\www\\richminis\\vendor\\laravel\\framework\\src\\Illuminate\\Foundation\\Http\\Middleware\\TrimStrings.php(40): Illuminate\\Foundation\\Http\\Middleware\\TransformsRequest->handle(Object(Illuminate\\Http\\Request), Object(Closure))
#48 R:\\SoftwareFiles\\laragon\\www\\richminis\\vendor\\laravel\\framework\\src\\Illuminate\\Pipeline\\Pipeline.php(183): Illuminate\\Foundation\\Http\\Middleware\\TrimStrings->handle(Object(Illuminate\\Http\\Request), Object(Closure))
#49 R:\\SoftwareFiles\\laragon\\www\\richminis\\vendor\\laravel\\framework\\src\\Illuminate\\Foundation\\Http\\Middleware\\ValidatePostSize.php(27): Illuminate\\Pipeline\\Pipeline->Illuminate\\Pipeline\\{closure}(Object(Illuminate\\Http\\Request))
#50 R:\\SoftwareFiles\\laragon\\www\\richminis\\vendor\\laravel\\framework\\src\\Illuminate\\Pipeline\\Pipeline.php(183): Illuminate\\Foundation\\Http\\Middleware\\ValidatePostSize->handle(Object(Illuminate\\Http\\Request), Object(Closure))
#51 R:\\SoftwareFiles\\laragon\\www\\richminis\\vendor\\laravel\\framework\\src\\Illuminate\\Pipeline\\Pipeline.php(119): Illuminate\\Pipeline\\Pipeline->Illuminate\\Pipeline\\{closure}(Object(Illuminate\\Http\\Request))
#52 R:\\SoftwareFiles\\laragon\\www\\richminis\\vendor\\laravel\\framework\\src\\Illuminate\\Foundation\\Http\\Kernel.php(175): Illuminate\\Pipeline\\Pipeline->then(Object(Closure))
#53 R:\\SoftwareFiles\\laragon\\www\\richminis\\vendor\\laravel\\framework\\src\\Illuminate\\Foundation\\Http\\Kernel.php(144): Illuminate\\Foundation\\Http\\Kernel->sendRequestThroughRouter(Object(Illuminate\\Http\\Request))
#54 R:\\SoftwareFiles\\laragon\\www\\richminis\\index.php(56): Illuminate\\Foundation\\Http\\Kernel->handle(Object(Illuminate\\Http\\Request))
#55 {main}
"} 
[2026-06-26 07:42:45] local.ERROR: Call to undefined function escape() {"view":{"view":"R:\\SoftwareFiles\\laragon\\www\\richminis\\resources\\views\\frontend\\product_details.blade.php","data":{"errors":"<pre class=sf-dump id=sf-dump-481154237 data-indent-pad=\"  \"><span class=sf-dump-note>Illuminate\\Support\\ViewErrorBag</span> {<a class=sf-dump-ref>#3230</a><samp data-depth=1 class=sf-dump-expanded>
  #<span class=sf-dump-protected title=\"Protected property\">bags</span>: []
</samp>}
</pre><script>Sfdump(\"sf-dump-481154237\", {\"maxDepth\":3,\"maxStringLength\":160})</script>
","detailedProduct":"<pre class=sf-dump id=sf-dump-1509712388 data-indent-pad=\"  \"><span class=sf-dump-note>App\\Models\\Product</span> {<a class=sf-dump-ref>#4333</a><samp data-depth=1 class=sf-dump-expanded>
  #<span class=sf-dump-protected title=\"Protected property\">connection</span>: \"<span class=sf-dump-str title=\"5 characters\">mysql</span>\"
  #<span class=sf-dump-protected title=\"Protected property\">table</span>: \"<span class=sf-dump-str title=\"8 characters\">products</span>\"
  #<span class=sf-dump-protected title=\"Protected property\">primaryKey</span>: \"<span class=sf-dump-str title=\"2 characters\">id</span>\"
  #<span class=sf-dump-protected title=\"Protected property\">keyType</span>: \"<span class=sf-dump-str title=\"3 characters\">int</span>\"
  +<span class=sf-dump-public title=\"Public property\">incrementing</span>: <span class=sf-dump-const>true</span>
  #<span class=sf-dump-protected title=\"Protected property\">with</span>: <span class=sf-dump-note>array:3</span> [<samp data-depth=2 class=sf-dump-compact>
    <span class=sf-dump-index>0</span> => \"<span class=sf-dump-str title=\"20 characters\">product_translations</span>\"
    <span class=sf-dump-index>1</span> => \"<span class=sf-dump-str title=\"5 characters\">taxes</span>\"
    <span class=sf-dump-index>2</span> => \"<span class=sf-dump-str title=\"9 characters\">thumbnail</span>\"
  </samp>]
  #<span class=sf-dump-protected title=\"Protected property\">withCount</span>: []
  +<span class=sf-dump-public title=\"Public property\">preventsLazyLoading</span>: <span class=sf-dump-const>false</span>
  #<span class=sf-dump-protected title=\"Protected property\">perPage</span>: <span class=sf-dump-num>15</span>
  +<span class=sf-dump-public title=\"Public property\">exists</span>: <span class=sf-dump-const>true</span>
  +<span class=sf-dump-public title=\"Public property\">wasRecentlyCreated</span>: <span class=sf-dump-const>false</span>
  #<span class=sf-dump-protected title=\"Protected property\">escapeWhenCastingToString</span>: <span class=sf-dump-const>false</span>
  #<span class=sf-dump-protected title=\"Protected property\">attributes</span>: <span class=sf-dump-note>array:70</span> [<samp data-depth=2 class=sf-dump-compact>
    \"<span class=sf-dump-key>id</span>\" => <span class=sf-dump-num>38</span>
    \"<span class=sf-dump-key>name</span>\" => \"<span class=sf-dump-str title=\"21 characters\">Kids Mid-Top Trainers</span>\"
    \"<span class=sf-dump-key>added_by</span>\" => \"<span class=sf-dump-str title=\"5 characters\">admin</span>\"
    \"<span class=sf-dump-key>user_id</span>\" => <span class=sf-dump-num>9</span>
    \"<span class=sf-dump-key>category_id</span>\" => <span class=sf-dump-num>1</span>
    \"<span class=sf-dump-key>brand_id</span>\" => <span class=sf-dump-const>null</span>
    \"<span class=sf-dump-key>photos</span>\" => \"<span class=sf-dump-str title=\"11 characters\">369,370,371</span>\"
    \"<span class=sf-dump-key>thumbnail_img</span>\" => \"<span class=sf-dump-str title=\"3 characters\">369</span>\"
    \"<span class=sf-dump-key>short_video</span>\" => <span class=sf-dump-const>null</span>
    \"<span class=sf-dump-key>short_video_thumbnail</span>\" => <span class=sf-dump-const>null</span>
    \"<span class=sf-dump-key>video_provider</span>\" => <span class=sf-dump-const>null</span>
    \"<span class=sf-dump-key>video_link</span>\" => <span class=sf-dump-const>null</span>
    \"<span class=sf-dump-key>tags</span>\" => \"<span class=sf-dump-str title=\"55 characters\">Kids Mid-Top Trainers,kid shoes,baby shoes,kid sneakers</span>\"
    \"<span class=sf-dump-key>description</span>\" => \"<span class=sf-dump-str title=\"3292 characters\">&lt;h6&gt;&lt;b data-path-to-node=&quot;0&quot; data-index-in-node=&quot;0&quot;&gt;RICHMINIS - Kids Mid-Top Trainers&lt;/b&gt;&lt;/h6&gt;&lt;p data-path-to-node=&quot;1&quot;&gt;Introduce a bold, contemporary edge to your child&#8217;s wardrobe with our Retro Urban Mid-Top Trainers. Showcasing a high-end international look, these sneakers perfectly combine an architectural design with functional comfort&#8212;curated meticulously for mothers who appreciate a premium lifestyle look for their little ones.&lt;/p&gt;&lt;h6&gt;&lt;b data-path-to-node=&quot;3&quot; data-index-in-node=&quot;0&quot;&gt;Key Features&lt;/b&gt;&lt;/h6&gt;&lt;ul data-path-to-node=&quot;4&quot;&gt;&lt;li&gt;&lt;p data-path-to-node=&quot;4,0,0&quot;&gt;&lt;b data-path-to-node=&quot;4,0,0&quot; data-index-in-node=&quot;0&quot;&gt;Architectural Ribbed Midsole&lt;/b&gt;: Features a unique, chunky cream midsole with detailed vertical ribbing that provides superior shock absorption and an eye-catching, designer aesthetic.&lt;/p&gt;&lt;/li&gt;&lt;li&gt;&lt;p data-path-to-node=&quot;4,1,0&quot;&gt;&lt;b data-path-to-node=&quot;4,1,0&quot; data-index-in-node=&quot;0&quot;&gt;Premium Multi-Textured Upper&lt;/b&gt;: Crafted with a clean white leather-style base, complemented by earthy tan suede on the toe box and sleek charcoal grey panels.&lt;/p&gt;&lt;/li&gt;&lt;li&gt;&lt;p data-path-to-node=&quot;4,2,0&quot;&gt;&lt;b data-path-to-node=&quot;4,2,0&quot; data-index-in-node=&quot;0&quot;&gt;Bold Contrast Overlays&lt;/b&gt;: Styled with sweeping black side accents and a circular ankle emblem that deliver a sharp, sporty, yet high-class finish.&lt;/p&gt;&lt;/li&gt;&lt;li&gt;&lt;p data-path-to-node=&quot;4,3,0&quot;&gt;&lt;b data-path-to-node=&quot;4,3,0&quot; data-index-in-node=&quot;0&quot;&gt;Dual-Security Closure System&lt;/b&gt;: Combines elasticated neutral laces with a supportive hook-and-loop ankle strap to ensure a highly secure, adjustable fit that&#039;s easy to pull on and off.&lt;/p&gt;&lt;/li&gt;&lt;li&gt;&lt;p data-path-to-node=&quot;4,4,0&quot;&gt;&lt;b data-path-to-node=&quot;4,4,0&quot; data-index-in-node=&quot;0&quot;&gt;Durable Hybrid Gum Outsole&lt;/b&gt;: Equipped with a classic rubber gum toe cap and under-sole wrap to ensure maximum traction and wrap-around protection during active play.&lt;/p&gt;&lt;/li&gt;&lt;li&gt;&lt;p data-path-to-node=&quot;4,5,0&quot;&gt;&lt;b data-path-to-node=&quot;4,5,0&quot; data-index-in-node=&quot;0&quot;&gt;Plush Comfort Interior&lt;/b&gt;: A well-padded mesh collar and tongue keep little feet cushioned and breathing easy all day long.&lt;/p&gt;&lt;/li&gt;&lt;/ul&gt;&lt;h6&gt;&lt;b data-path-to-node=&quot;6&quot; data-index-in-node=&quot;0&quot;&gt;Product Specifications&lt;/b&gt;&lt;/h6&gt;&lt;ul data-path-to-node=&quot;7&quot;&gt;&lt;li&gt;&lt;p data-path-to-node=&quot;7,0,0&quot;&gt;&lt;b data-path-to-node=&quot;7,0,0&quot; data-index-in-node=&quot;0&quot;&gt;Style&lt;/b&gt;: Mid-Top Architectural Streetwear Trainer.&lt;/p&gt;&lt;/li&gt;&lt;li&gt;&lt;p data-path-to-node=&quot;7,1,0&quot;&gt;&lt;b data-path-to-node=&quot;7,1,0&quot; data-index-in-node=&quot;0&quot;&gt;Material&lt;/b&gt;: Premium synthetic leather, suede overlays, and high-density rubber.&lt;/p&gt;&lt;/li&gt;&lt;li&gt;&lt;p data-path-to-node=&quot;7,2,0&quot;&gt;&lt;b data-path-to-node=&quot;7,2,0&quot; data-index-in-node=&quot;0&quot;&gt;Colorway&lt;/b&gt;: Chalk White / Desert Tan / Charcoal / Carbon Black.&lt;/p&gt;&lt;/li&gt;&lt;li&gt;&lt;p data-path-to-node=&quot;7,3,0&quot;&gt;&lt;b data-path-to-node=&quot;7,3,0&quot; data-index-in-node=&quot;0&quot;&gt;Closure&lt;/b&gt;: Adjustable Strap &amp;amp; Elastic Lacing.&lt;/p&gt;&lt;/li&gt;&lt;/ul&gt;&lt;h6&gt;&lt;b data-path-to-node=&quot;9&quot; data-index-in-node=&quot;0&quot;&gt;Why They Stand Out&lt;/b&gt;&lt;/h6&gt;&lt;p data-path-to-node=&quot;10&quot;&gt;These mid-tops move entirely away from standard children&#039;s patterns in favor of structured silhouettes and a highly curated color palette. Ideal for pairing with clean denim, relaxed joggers, or upscale casual streetwear, they offer the perfect balance of international boutique charm and rugged durability that fits effortlessly into a luxury lifestyle ecosystem.&lt;/p&gt;</span>\"
    \"<span class=sf-dump-key>unit_price</span>\" => <span class=sf-dump-num>2150.0</span>
    \"<span class=sf-dump-key>purchase_price</span>\" => <span class=sf-dump-const>null</span>
    \"<span class=sf-dump-key>variant_product</span>\" => <span class=sf-dump-num>1</span>
    \"<span class=sf-dump-key>attributes</span>\" => \"<span class=sf-dump-str title=\"5 characters\">[&quot;1&quot;]</span>\"
    \"<span class=sf-dump-key>choice_options</span>\" => \"<span class=sf-dump-str title=\"83 characters\">[{&quot;attribute_id&quot;:&quot;1&quot;,&quot;values&quot;:[&quot;21&quot;,&quot;22&quot;,&quot;23&quot;,&quot;24&quot;,&quot;25&quot;,&quot;26&quot;,&quot;27&quot;,&quot;28&quot;,&quot;29&quot;,&quot;30&quot;]}]</span>\"
    \"<span class=sf-dump-key>colors</span>\" => \"<span class=sf-dump-str title=\"11 characters\">[&quot;#BDB76B&quot;]</span>\"
    \"<span class=sf-dump-key>variations</span>\" => <span class=sf-dump-const>null</span>
    \"<span class=sf-dump-key>custom_label_id</span>\" => <span class=sf-dump-const>null</span>
    \"<span class=sf-dump-key>todays_deal</span>\" => <span class=sf-dump-num>0</span>
    \"<span class=sf-dump-key>published</span>\" => <span class=sf-dump-num>1</span>
    \"<span class=sf-dump-key>draft</span>\" => <span class=sf-dump-num>0</span>
    \"<span class=sf-dump-key>pos</span>\" => <span class=sf-dump-num>0</span>
    \"<span class=sf-dump-key>approved</span>\" => <span class=sf-dump-num>1</span>
    \"<span class=sf-dump-key>stock_visibility_state</span>\" => \"<span class=sf-dump-str title=\"8 characters\">quantity</span>\"
    \"<span class=sf-dump-key>cash_on_delivery</span>\" => <span class=sf-dump-num>1</span>
    \"<span class=sf-dump-key>featured</span>\" => <span class=sf-dump-num>1</span>
    \"<span class=sf-dump-key>seller_featured</span>\" => <span class=sf-dump-num>0</span>
    \"<span class=sf-dump-key>current_stock</span>\" => <span class=sf-dump-num>0</span>
    \"<span class=sf-dump-key>unit</span>\" => \"<span class=sf-dump-str title=\"2 characters\">Pc</span>\"
    \"<span class=sf-dump-key>weight</span>\" => <span class=sf-dump-num>0.0</span>
    \"<span class=sf-dump-key>min_qty</span>\" => <span class=sf-dump-num>1</span>
    \"<span class=sf-dump-key>low_stock_quantity</span>\" => <span class=sf-dump-num>1</span>
    \"<span class=sf-dump-key>discount</span>\" => <span class=sf-dump-num>0.0</span>
    \"<span class=sf-dump-key>discount_type</span>\" => \"<span class=sf-dump-str title=\"6 characters\">amount</span>\"
    \"<span class=sf-dump-key>discount_start_date</span>\" => <span class=sf-dump-const>null</span>
    \"<span class=sf-dump-key>discount_end_date</span>\" => <span class=sf-dump-const>null</span>
    \"<span class=sf-dump-key>tax</span>\" => <span class=sf-dump-const>null</span>
    \"<span class=sf-dump-key>tax_type</span>\" => <span class=sf-dump-const>null</span>
    \"<span class=sf-dump-key>hsn_code</span>\" => <span class=sf-dump-const>null</span>
    \"<span class=sf-dump-key>gst_rate</span>\" => <span class=sf-dump-num>0.0</span>
    \"<span class=sf-dump-key>shipping_type</span>\" => \"<span class=sf-dump-str title=\"9 characters\">flat_rate</span>\"
    \"<span class=sf-dump-key>shipping_cost</span>\" => <span class=sf-dump-num>0.0</span>
    \"<span class=sf-dump-key>is_quantity_multiplied</span>\" => <span class=sf-dump-num>0</span>
    \"<span class=sf-dump-key>est_shipping_days</span>\" => <span class=sf-dump-const>null</span>
    \"<span class=sf-dump-key>num_of_sale</span>\" => <span class=sf-dump-num>1</span>
    \"<span class=sf-dump-key>meta_title</span>\" => \"<span class=sf-dump-str title=\"21 characters\">Kids Mid-Top Trainers</span>\"
    \"<span class=sf-dump-key>meta_description</span>\" => \"\"\"
      <span class=sf-dump-str title=\"353 characters\">RICHMINIS - Kids Mid-Top Trainers<span class=\"sf-dump-default sf-dump-ns\">\\r\\n</span></span>
      <span class=sf-dump-str title=\"353 characters\">Introduce a bold, contemporary edge to your child&#8217;s wardrobe with our Retro Urban Mid-Top Trainers. Showcasing a high-end international look, these sneakers perfectly combine an architectural design with functional comfort&#8212;curated meticulously for mothers who appreciate a premium lifestyle look for their little ones.</span>
      \"\"\"
    \"<span class=sf-dump-key>meta_keywords</span>\" => \"<span class=sf-dump-str title=\"74 characters\">Kids Mid-Top Trainers, kid shoes, baby shoes, kid sneakers, baby sneakers,</span>\"
    \"<span class=sf-dump-key>meta_img</span>\" => \"<span class=sf-dump-str title=\"3 characters\">371</span>\"
    \"<span class=sf-dump-key>pdf</span>\" => <span class=sf-dump-const>null</span>
    \"<span class=sf-dump-key>slug</span>\" => \"<span class=sf-dump-str title=\"21 characters\">kids-mid-top-trainers</span>\"
    \"<span class=sf-dump-key>rating</span>\" => <span class=sf-dump-num>0.0</span>
    \"<span class=sf-dump-key>barcode</span>\" => <span class=sf-dump-const>null</span>
    \"<span class=sf-dump-key>digital</span>\" => <span class=sf-dump-num>0</span>
    \"<span class=sf-dump-key>auction_product</span>\" => <span class=sf-dump-num>0</span>
    \"<span class=sf-dump-key>file_name</span>\" => <span class=sf-dump-const>null</span>
    \"<span class=sf-dump-key>file_path</span>\" => <span class=sf-dump-const>null</span>
    \"<span class=sf-dump-key>external_link</span>\" => <span class=sf-dump-const>null</span>
    \"<span class=sf-dump-key>external_link_btn</span>\" => <span class=sf-dump-const>null</span>
    \"<span class=sf-dump-key>wholesale_product</span>\" => <span class=sf-dump-num>0</span>
    \"<span class=sf-dump-key>frequently_bought_selection_type</span>\" => \"<span class=sf-dump-str title=\"7 characters\">product</span>\"
    \"<span class=sf-dump-key>has_warranty</span>\" => <span class=sf-dump-num>0</span>
    \"<span class=sf-dump-key>warranty_id</span>\" => <span class=sf-dump-const>null</span>
    \"<span class=sf-dump-key>warranty_note_id</span>\" => <span class=sf-dump-const>null</span>
    \"<span class=sf-dump-key>created_at</span>\" => \"<span class=sf-dump-str title=\"19 characters\">2026-05-21 03:07:27</span>\"
    \"<span class=sf-dump-key>updated_at</span>\" => \"<span class=sf-dump-str title=\"19 characters\">2026-05-30 17:29:23</span>\"
  </samp>]
  #<span class=sf-dump-protected title=\"Protected property\">original</span>: <span class=sf-dump-note>array:70</span> [<samp data-depth=2 class=sf-dump-compact>
    \"<span class=sf-dump-key>id</span>\" => <span class=sf-dump-num>38</span>
    \"<span class=sf-dump-key>name</span>\" => \"<span class=sf-dump-str title=\"21 characters\">Kids Mid-Top Trainers</span>\"
    \"<span class=sf-dump-key>added_by</span>\" => \"<span class=sf-dump-str title=\"5 characters\">admin</span>\"
    \"<span class=sf-dump-key>user_id</span>\" => <span class=sf-dump-num>9</span>
    \"<span class=sf-dump-key>category_id</span>\" => <span class=sf-dump-num>1</span>
    \"<span class=sf-dump-key>brand_id</span>\" => <span class=sf-dump-const>null</span>
    \"<span class=sf-dump-key>photos</span>\" => \"<span class=sf-dump-str title=\"11 characters\">369,370,371</span>\"
    \"<span class=sf-dump-key>thumbnail_img</span>\" => \"<span class=sf-dump-str title=\"3 characters\">369</span>\"
    \"<span class=sf-dump-key>short_video</span>\" => <span class=sf-dump-const>null</span>
    \"<span class=sf-dump-key>short_video_thumbnail</span>\" => <span class=sf-dump-const>null</span>
    \"<span class=sf-dump-key>video_provider</span>\" => <span class=sf-dump-const>null</span>
    \"<span class=sf-dump-key>video_link</span>\" => <span class=sf-dump-const>null</span>
    \"<span class=sf-dump-key>tags</span>\" => \"<span class=sf-dump-str title=\"55 characters\">Kids Mid-Top Trainers,kid shoes,baby shoes,kid sneakers</span>\"
    \"<span class=sf-dump-key>description</span>\" => \"<span class=sf-dump-str title=\"3292 characters\">&lt;h6&gt;&lt;b data-path-to-node=&quot;0&quot; data-index-in-node=&quot;0&quot;&gt;RICHMINIS - Kids Mid-Top Trainers&lt;/b&gt;&lt;/h6&gt;&lt;p data-path-to-node=&quot;1&quot;&gt;Introduce a bold, contemporary edge to your child&#8217;s wardrobe with our Retro Urban Mid-Top Trainers. Showcasing a high-end international look, these sneakers perfectly combine an architectural design with functional comfort&#8212;curated meticulously for mothers who appreciate a premium lifestyle look for their little ones.&lt;/p&gt;&lt;h6&gt;&lt;b data-path-to-node=&quot;3&quot; data-index-in-node=&quot;0&quot;&gt;Key Features&lt;/b&gt;&lt;/h6&gt;&lt;ul data-path-to-node=&quot;4&quot;&gt;&lt;li&gt;&lt;p data-path-to-node=&quot;4,0,0&quot;&gt;&lt;b data-path-to-node=&quot;4,0,0&quot; data-index-in-node=&quot;0&quot;&gt;Architectural Ribbed Midsole&lt;/b&gt;: Features a unique, chunky cream midsole with detailed vertical ribbing that provides superior shock absorption and an eye-catching, designer aesthetic.&lt;/p&gt;&lt;/li&gt;&lt;li&gt;&lt;p data-path-to-node=&quot;4,1,0&quot;&gt;&lt;b data-path-to-node=&quot;4,1,0&quot; data-index-in-node=&quot;0&quot;&gt;Premium Multi-Textured Upper&lt;/b&gt;: Crafted with a clean white leather-style base, complemented by earthy tan suede on the toe box and sleek charcoal grey panels.&lt;/p&gt;&lt;/li&gt;&lt;li&gt;&lt;p data-path-to-node=&quot;4,2,0&quot;&gt;&lt;b data-path-to-node=&quot;4,2,0&quot; data-index-in-node=&quot;0&quot;&gt;Bold Contrast Overlays&lt;/b&gt;: Styled with sweeping black side accents and a circular ankle emblem that deliver a sharp, sporty, yet high-class finish.&lt;/p&gt;&lt;/li&gt;&lt;li&gt;&lt;p data-path-to-node=&quot;4,3,0&quot;&gt;&lt;b data-path-to-node=&quot;4,3,0&quot; data-index-in-node=&quot;0&quot;&gt;Dual-Security Closure System&lt;/b&gt;: Combines elasticated neutral laces with a supportive hook-and-loop ankle strap to ensure a highly secure, adjustable fit that&#039;s easy to pull on and off.&lt;/p&gt;&lt;/li&gt;&lt;li&gt;&lt;p data-path-to-node=&quot;4,4,0&quot;&gt;&lt;b data-path-to-node=&quot;4,4,0&quot; data-index-in-node=&quot;0&quot;&gt;Durable Hybrid Gum Outsole&lt;/b&gt;: Equipped with a classic rubber gum toe cap and under-sole wrap to ensure maximum traction and wrap-around protection during active play.&lt;/p&gt;&lt;/li&gt;&lt;li&gt;&lt;p data-path-to-node=&quot;4,5,0&quot;&gt;&lt;b data-path-to-node=&quot;4,5,0&quot; data-index-in-node=&quot;0&quot;&gt;Plush Comfort Interior&lt;/b&gt;: A well-padded mesh collar and tongue keep little feet cushioned and breathing easy all day long.&lt;/p&gt;&lt;/li&gt;&lt;/ul&gt;&lt;h6&gt;&lt;b data-path-to-node=&quot;6&quot; data-index-in-node=&quot;0&quot;&gt;Product Specifications&lt;/b&gt;&lt;/h6&gt;&lt;ul data-path-to-node=&quot;7&quot;&gt;&lt;li&gt;&lt;p data-path-to-node=&quot;7,0,0&quot;&gt;&lt;b data-path-to-node=&quot;7,0,0&quot; data-index-in-node=&quot;0&quot;&gt;Style&lt;/b&gt;: Mid-Top Architectural Streetwear Trainer.&lt;/p&gt;&lt;/li&gt;&lt;li&gt;&lt;p data-path-to-node=&quot;7,1,0&quot;&gt;&lt;b data-path-to-node=&quot;7,1,0&quot; data-index-in-node=&quot;0&quot;&gt;Material&lt;/b&gt;: Premium synthetic leather, suede overlays, and high-density rubber.&lt;/p&gt;&lt;/li&gt;&lt;li&gt;&lt;p data-path-to-node=&quot;7,2,0&quot;&gt;&lt;b data-path-to-node=&quot;7,2,0&quot; data-index-in-node=&quot;0&quot;&gt;Colorway&lt;/b&gt;: Chalk White / Desert Tan / Charcoal / Carbon Black.&lt;/p&gt;&lt;/li&gt;&lt;li&gt;&lt;p data-path-to-node=&quot;7,3,0&quot;&gt;&lt;b data-path-to-node=&quot;7,3,0&quot; data-index-in-node=&quot;0&quot;&gt;Closure&lt;/b&gt;: Adjustable Strap &amp;amp; Elastic Lacing.&lt;/p&gt;&lt;/li&gt;&lt;/ul&gt;&lt;h6&gt;&lt;b data-path-to-node=&quot;9&quot; data-index-in-node=&quot;0&quot;&gt;Why They Stand Out&lt;/b&gt;&lt;/h6&gt;&lt;p data-path-to-node=&quot;10&quot;&gt;These mid-tops move entirely away from standard children&#039;s patterns in favor of structured silhouettes and a highly curated color palette. Ideal for pairing with clean denim, relaxed joggers, or upscale casual streetwear, they offer the perfect balance of international boutique charm and rugged durability that fits effortlessly into a luxury lifestyle ecosystem.&lt;/p&gt;</span>\"
    \"<span class=sf-dump-key>unit_price</span>\" => <span class=sf-dump-num>2150.0</span>
    \"<span class=sf-dump-key>purchase_price</span>\" => <span class=sf-dump-const>null</span>
    \"<span class=sf-dump-key>variant_product</span>\" => <span class=sf-dump-num>1</span>
    \"<span class=sf-dump-key>attributes</span>\" => \"<span class=sf-dump-str title=\"5 characters\">[&quot;1&quot;]</span>\"
    \"<span class=sf-dump-key>choice_options</span>\" => \"<span class=sf-dump-str title=\"83 characters\">[{&quot;attribute_id&quot;:&quot;1&quot;,&quot;values&quot;:[&quot;21&quot;,&quot;22&quot;,&quot;23&quot;,&quot;24&quot;,&quot;25&quot;,&quot;26&quot;,&quot;27&quot;,&quot;28&quot;,&quot;29&quot;,&quot;30&quot;]}]</span>\"
    \"<span class=sf-dump-key>colors</span>\" => \"<span class=sf-dump-str title=\"11 characters\">[&quot;#BDB76B&quot;]</span>\"
    \"<span class=sf-dump-key>variations</span>\" => <span class=sf-dump-const>null</span>
    \"<span class=sf-dump-key>custom_label_id</span>\" => <span class=sf-dump-const>null</span>
    \"<span class=sf-dump-key>todays_deal</span>\" => <span class=sf-dump-num>0</span>
    \"<span class=sf-dump-key>published</span>\" => <span class=sf-dump-num>1</span>
    \"<span class=sf-dump-key>draft</span>\" => <span class=sf-dump-num>0</span>
    \"<span class=sf-dump-key>pos</span>\" => <span class=sf-dump-num>0</span>
    \"<span class=sf-dump-key>approved</span>\" => <span class=sf-dump-num>1</span>
    \"<span class=sf-dump-key>stock_visibility_state</span>\" => \"<span class=sf-dump-str title=\"8 characters\">quantity</span>\"
    \"<span class=sf-dump-key>cash_on_delivery</span>\" => <span class=sf-dump-num>1</span>
    \"<span class=sf-dump-key>featured</span>\" => <span class=sf-dump-num>1</span>
    \"<span class=sf-dump-key>seller_featured</span>\" => <span class=sf-dump-num>0</span>
    \"<span class=sf-dump-key>current_stock</span>\" => <span class=sf-dump-num>0</span>
    \"<span class=sf-dump-key>unit</span>\" => \"<span class=sf-dump-str title=\"2 characters\">Pc</span>\"
    \"<span class=sf-dump-key>weight</span>\" => <span class=sf-dump-num>0.0</span>
    \"<span class=sf-dump-key>min_qty</span>\" => <span class=sf-dump-num>1</span>
    \"<span class=sf-dump-key>low_stock_quantity</span>\" => <span class=sf-dump-num>1</span>
    \"<span class=sf-dump-key>discount</span>\" => <span class=sf-dump-num>0.0</span>
    \"<span class=sf-dump-key>discount_type</span>\" => \"<span class=sf-dump-str title=\"6 characters\">amount</span>\"
    \"<span class=sf-dump-key>discount_start_date</span>\" => <span class=sf-dump-const>null</span>
    \"<span class=sf-dump-key>discount_end_date</span>\" => <span class=sf-dump-const>null</span>
    \"<span class=sf-dump-key>tax</span>\" => <span class=sf-dump-const>null</span>
    \"<span class=sf-dump-key>tax_type</span>\" => <span class=sf-dump-const>null</span>
    \"<span class=sf-dump-key>hsn_code</span>\" => <span class=sf-dump-const>null</span>
    \"<span class=sf-dump-key>gst_rate</span>\" => <span class=sf-dump-num>0.0</span>
    \"<span class=sf-dump-key>shipping_type</span>\" => \"<span class=sf-dump-str title=\"9 characters\">flat_rate</span>\"
    \"<span class=sf-dump-key>shipping_cost</span>\" => <span class=sf-dump-num>0.0</span>
    \"<span class=sf-dump-key>is_quantity_multiplied</span>\" => <span class=sf-dump-num>0</span>
    \"<span class=sf-dump-key>est_shipping_days</span>\" => <span class=sf-dump-const>null</span>
    \"<span class=sf-dump-key>num_of_sale</span>\" => <span class=sf-dump-num>1</span>
    \"<span class=sf-dump-key>meta_title</span>\" => \"<span class=sf-dump-str title=\"21 characters\">Kids Mid-Top Trainers</span>\"
    \"<span class=sf-dump-key>meta_description</span>\" => \"\"\"
      <span class=sf-dump-str title=\"353 characters\">RICHMINIS - Kids Mid-Top Trainers<span class=\"sf-dump-default sf-dump-ns\">\\r\\n</span></span>
      <span class=sf-dump-str title=\"353 characters\">Introduce a bold, contemporary edge to your child&#8217;s wardrobe with our Retro Urban Mid-Top Trainers. Showcasing a high-end international look, these sneakers perfectly combine an architectural design with functional comfort&#8212;curated meticulously for mothers who appreciate a premium lifestyle look for their little ones.</span>
      \"\"\"
    \"<span class=sf-dump-key>meta_keywords</span>\" => \"<span class=sf-dump-str title=\"74 characters\">Kids Mid-Top Trainers, kid shoes, baby shoes, kid sneakers, baby sneakers,</span>\"
    \"<span class=sf-dump-key>meta_img</span>\" => \"<span class=sf-dump-str title=\"3 characters\">371</span>\"
    \"<span class=sf-dump-key>pdf</span>\" => <span class=sf-dump-const>null</span>
    \"<span class=sf-dump-key>slug</span>\" => \"<span class=sf-dump-str title=\"21 characters\">kids-mid-top-trainers</span>\"
    \"<span class=sf-dump-key>rating</span>\" => <span class=sf-dump-num>0.0</span>
    \"<span class=sf-dump-key>barcode</span>\" => <span class=sf-dump-const>null</span>
    \"<span class=sf-dump-key>digital</span>\" => <span class=sf-dump-num>0</span>
    \"<span class=sf-dump-key>auction_product</span>\" => <span class=sf-dump-num>0</span>
    \"<span class=sf-dump-key>file_name</span>\" => <span class=sf-dump-const>null</span>
    \"<span class=sf-dump-key>file_path</span>\" => <span class=sf-dump-const>null</span>
    \"<span class=sf-dump-key>external_link</span>\" => <span class=sf-dump-const>null</span>
    \"<span class=sf-dump-key>external_link_btn</span>\" => <span class=sf-dump-const>null</span>
    \"<span class=sf-dump-key>wholesale_product</span>\" => <span class=sf-dump-num>0</span>
    \"<span class=sf-dump-key>frequently_bought_selection_type</span>\" => \"<span class=sf-dump-str title=\"7 characters\">product</span>\"
    \"<span class=sf-dump-key>has_warranty</span>\" => <span class=sf-dump-num>0</span>
    \"<span class=sf-dump-key>warranty_id</span>\" => <span class=sf-dump-const>null</span>
    \"<span class=sf-dump-key>warranty_note_id</span>\" => <span class=sf-dump-const>null</span>
    \"<span class=sf-dump-key>created_at</span>\" => \"<span class=sf-dump-str title=\"19 characters\">2026-05-21 03:07:27</span>\"
    \"<span class=sf-dump-key>updated_at</span>\" => \"<span class=sf-dump-str title=\"19 characters\">2026-05-30 17:29:23</span>\"
  </samp>]
  #<span class=sf-dump-protected title=\"Protected property\">changes</span>: []
  #<span class=sf-dump-protected title=\"Protected property\">casts</span>: []
  #<span class=sf-dump-protected title=\"Protected property\">classCastCache</span>: []
  #<span class=sf-dump-protected title=\"Protected property\">attributeCastCache</span>: []
  #<span class=sf-dump-protected title=\"Protected property\">dateFormat</span>: <span class=sf-dump-const>null</span>
  #<span class=sf-dump-protected title=\"Protected property\">appends</span>: []
  #<span class=sf-dump-protected title=\"Protected property\">dispatchesEvents</span>: []
  #<span class=sf-dump-protected title=\"Protected property\">observables</span>: []
  #<span class=sf-dump-protected title=\"Protected property\">relations</span>: <span class=sf-dump-note>array:8</span> [<samp data-depth=2 class=sf-dump-compact>
    \"<span class=sf-dump-key>product_translations</span>\" => <span class=sf-dump-note title=\"Illuminate\\Database\\Eloquent\\Collection
\"><span class=\"sf-dump-ellipsis sf-dump-ellipsis-note\">Illuminate\\Database\\Eloquent</span><span class=\"sf-dump-ellipsis sf-dump-ellipsis-note\">\\</span>Collection</span> {<a class=sf-dump-ref>#4338</a><samp data-depth=3 class=sf-dump-compact>
      #<span class=sf-dump-protected title=\"Protected property\">items</span>: <span class=sf-dump-note>array:1</span> [ &#8230;1]
      #<span class=sf-dump-protected title=\"Protected property\">escapeWhenCastingToString</span>: <span class=sf-dump-const>false</span>
    </samp>}
    \"<span class=sf-dump-key>taxes</span>\" => <span class=sf-dump-note title=\"Illuminate\\Database\\Eloquent\\Collection
\"><span class=\"sf-dump-ellipsis sf-dump-ellipsis-note\">Illuminate\\Database\\Eloquent</span><span class=\"sf-dump-ellipsis sf-dump-ellipsis-note\">\\</span>Collection</span> {<a class=sf-dump-ref>#4339</a><samp data-depth=3 class=sf-dump-compact>
      #<span class=sf-dump-protected title=\"Protected property\">items</span>: <span class=sf-dump-note>array:1</span> [ &#8230;1]
      #<span class=sf-dump-protected title=\"Protected property\">escapeWhenCastingToString</span>: <span class=sf-dump-const>false</span>
    </samp>}
    \"<span class=sf-dump-key>thumbnail</span>\" => <span class=sf-dump-note title=\"App\\Models\\Upload
\"><span class=\"sf-dump-ellipsis sf-dump-ellipsis-note\">App\\Models</span><span class=\"sf-dump-ellipsis sf-dump-ellipsis-note\">\\</span>Upload</span> {<a class=sf-dump-ref>#4365</a><samp data-depth=3 class=sf-dump-compact>
      #<span class=sf-dump-protected title=\"Protected property\">connection</span>: \"<span class=sf-dump-str title=\"5 characters\">mysql</span>\"
      #<span class=sf-dump-protected title=\"Protected property\">table</span>: \"<span class=sf-dump-str title=\"7 characters\">uploads</span>\"
      #<span class=sf-dump-protected title=\"Protected property\">primaryKey</span>: \"<span class=sf-dump-str title=\"2 characters\">id</span>\"
      #<span class=sf-dump-protected title=\"Protected property\">keyType</span>: \"<span class=sf-dump-str title=\"3 characters\">int</span>\"
      +<span class=sf-dump-public title=\"Public property\">incrementing</span>: <span class=sf-dump-const>true</span>
      #<span class=sf-dump-protected title=\"Protected property\">with</span>: []
      #<span class=sf-dump-protected title=\"Protected property\">withCount</span>: []
      +<span class=sf-dump-public title=\"Public property\">preventsLazyLoading</span>: <span class=sf-dump-const>false</span>
      #<span class=sf-dump-protected title=\"Protected property\">perPage</span>: <span class=sf-dump-num>15</span>
      +<span class=sf-dump-public title=\"Public property\">exists</span>: <span class=sf-dump-const>true</span>
      +<span class=sf-dump-public title=\"Public property\">wasRecentlyCreated</span>: <span class=sf-dump-const>false</span>
      #<span class=sf-dump-protected title=\"Protected property\">escapeWhenCastingToString</span>: <span class=sf-dump-const>false</span>
      #<span class=sf-dump-protected title=\"Protected property\">attributes</span>: <span class=sf-dump-note>array:11</span> [ &#8230;11]
      #<span class=sf-dump-protected title=\"Protected property\">original</span>: <span class=sf-dump-note>array:11</span> [ &#8230;11]
      #<span class=sf-dump-protected title=\"Protected property\">changes</span>: []
      #<span class=sf-dump-protected title=\"Protected property\">casts</span>: <span class=sf-dump-note>array:1</span> [ &#8230;1]
      #<span class=sf-dump-protected title=\"Protected property\">classCastCache</span>: []
      #<span class=sf-dump-protected title=\"Protected property\">attributeCastCache</span>: []
      #<span class=sf-dump-protected title=\"Protected property\">dateFormat</span>: <span class=sf-dump-const>null</span>
      #<span class=sf-dump-protected title=\"Protected property\">appends</span>: []
      #<span class=sf-dump-protected title=\"Protected property\">dispatchesEvents</span>: []
      #<span class=sf-dump-protected title=\"Protected property\">observables</span>: []
      #<span class=sf-dump-protected title=\"Protected property\">relations</span>: []
      #<span class=sf-dump-protected title=\"Protected property\">touches</span>: []
      +<span class=sf-dump-public title=\"Public property\">timestamps</span>: <span class=sf-dump-const>true</span>
      +<span class=sf-dump-public title=\"Public property\">usesUniqueIds</span>: <span class=sf-dump-const>false</span>
      #<span class=sf-dump-protected title=\"Protected property\">hidden</span>: []
      #<span class=sf-dump-protected title=\"Protected property\">visible</span>: []
      #<span class=sf-dump-protected title=\"Protected property\">fillable</span>: <span class=sf-dump-note>array:6</span> [ &#8230;6]
      #<span class=sf-dump-protected title=\"Protected property\">guarded</span>: <span class=sf-dump-note>array:1</span> [ &#8230;1]
      #<span class=sf-dump-protected title=\"Protected property\">forceDeleting</span>: <span class=sf-dump-const>false</span>
    </samp>}
    \"<span class=sf-dump-key>reviews</span>\" => <span class=sf-dump-note title=\"Illuminate\\Database\\Eloquent\\Collection
\"><span class=\"sf-dump-ellipsis sf-dump-ellipsis-note\">Illuminate\\Database\\Eloquent</span><span class=\"sf-dump-ellipsis sf-dump-ellipsis-note\">\\</span>Collection</span> {<a class=sf-dump-ref>#4350</a><samp data-depth=3 class=sf-dump-compact>
      #<span class=sf-dump-protected title=\"Protected property\">items</span>: []
      #<span class=sf-dump-protected title=\"Protected property\">escapeWhenCastingToString</span>: <span class=sf-dump-const>false</span>
    </samp>}
    \"<span class=sf-dump-key>brand</span>\" => <span class=sf-dump-const>null</span>
    \"<span class=sf-dump-key>stocks</span>\" => <span class=sf-dump-note title=\"Illuminate\\Database\\Eloquent\\Collection
\"><span class=\"sf-dump-ellipsis sf-dump-ellipsis-note\">Illuminate\\Database\\Eloquent</span><span class=\"sf-dump-ellipsis sf-dump-ellipsis-note\">\\</span>Collection</span> {<a class=sf-dump-ref>#4363</a><samp data-depth=3 class=sf-dump-compact>
      #<span class=sf-dump-protected title=\"Protected property\">items</span>: <span class=sf-dump-note>array:10</span> [ &#8230;10]
      #<span class=sf-dump-protected title=\"Protected property\">escapeWhenCastingToString</span>: <span class=sf-dump-const>false</span>
    </samp>}
    \"<span class=sf-dump-key>user</span>\" => <span class=sf-dump-note title=\"App\\Models\\User
\"><span class=\"sf-dump-ellipsis sf-dump-ellipsis-note\">App\\Models</span><span class=\"sf-dump-ellipsis sf-dump-ellipsis-note\">\\</span>User</span> {<a class=sf-dump-ref>#4360</a><samp data-depth=3 class=sf-dump-compact>
      #<span class=sf-dump-protected title=\"Protected property\">connection</span>: \"<span class=sf-dump-str title=\"5 characters\">mysql</span>\"
      #<span class=sf-dump-protected title=\"Protected property\">table</span>: \"<span class=sf-dump-str title=\"5 characters\">users</span>\"
      #<span class=sf-dump-protected title=\"Protected property\">primaryKey</span>: \"<span class=sf-dump-str title=\"2 characters\">id</span>\"
      #<span class=sf-dump-protected title=\"Protected property\">keyType</span>: \"<span class=sf-dump-str title=\"3 characters\">int</span>\"
      +<span class=sf-dump-public title=\"Public property\">incrementing</span>: <span class=sf-dump-const>true</span>
      #<span class=sf-dump-protected title=\"Protected property\">with</span>: []
      #<span class=sf-dump-protected title=\"Protected property\">withCount</span>: []
      +<span class=sf-dump-public title=\"Public property\">preventsLazyLoading</span>: <span class=sf-dump-const>false</span>
      #<span class=sf-dump-protected title=\"Protected property\">perPage</span>: <span class=sf-dump-num>15</span>
      +<span class=sf-dump-public title=\"Public property\">exists</span>: <span class=sf-dump-const>true</span>
      +<span class=sf-dump-public title=\"Public property\">wasRecentlyCreated</span>: <span class=sf-dump-const>false</span>
      #<span class=sf-dump-protected title=\"Protected property\">escapeWhenCastingToString</span>: <span class=sf-dump-const>false</span>
      #<span class=sf-dump-protected title=\"Protected property\">attributes</span>: <span class=sf-dump-note>array:33</span> [ &#8230;33]
      #<span class=sf-dump-protected title=\"Protected property\">original</span>: <span class=sf-dump-note>array:33</span> [ &#8230;33]
      #<span class=sf-dump-protected title=\"Protected property\">changes</span>: []
      #<span class=sf-dump-protected title=\"Protected property\">casts</span>: []
      #<span class=sf-dump-protected title=\"Protected property\">classCastCache</span>: []
      #<span class=sf-dump-protected title=\"Protected property\">attributeCastCache</span>: []
      #<span class=sf-dump-protected title=\"Protected property\">dateFormat</span>: <span class=sf-dump-const>null</span>
      #<span class=sf-dump-protected title=\"Protected property\">appends</span>: []
      #<span class=sf-dump-protected title=\"Protected property\">dispatchesEvents</span>: []
      #<span class=sf-dump-protected title=\"Protected property\">observables</span>: []
      #<span class=sf-dump-protected title=\"Protected property\">relations</span>: <span class=sf-dump-note>array:1</span> [ &#8230;1]
      #<span class=sf-dump-protected title=\"Protected property\">touches</span>: []
      +<span class=sf-dump-public title=\"Public property\">timestamps</span>: <span class=sf-dump-const>true</span>
      +<span class=sf-dump-public title=\"Public property\">usesUniqueIds</span>: <span class=sf-dump-const>false</span>
      #<span class=sf-dump-protected title=\"Protected property\">hidden</span>: <span class=sf-dump-note>array:2</span> [ &#8230;2]
      #<span class=sf-dump-protected title=\"Protected property\">visible</span>: []
      #<span class=sf-dump-protected title=\"Protected property\">fillable</span>: <span class=sf-dump-note>array:12</span> [ &#8230;12]
      #<span class=sf-dump-protected title=\"Protected property\">guarded</span>: <span class=sf-dump-note>array:1</span> [ &#8230;1]
      #<span class=sf-dump-protected title=\"Protected property\">rememberTokenName</span>: \"<span class=sf-dump-str title=\"14 characters\">remember_token</span>\"
      #<span class=sf-dump-protected title=\"Protected property\">accessToken</span>: <span class=sf-dump-const>null</span>
      -<span class=sf-dump-private title=\"Private property defined in class:&#10;`App\\Models\\User`\">roleClass</span>: <span class=sf-dump-const>null</span>
      -<span class=sf-dump-private title=\"Private property defined in class:&#10;`App\\Models\\User`\">permissionClass</span>: <span class=sf-dump-const>null</span>
      -<span class=sf-dump-private title=\"Private property defined in class:&#10;`App\\Models\\User`\">wildcardClass</span>: <span class=sf-dump-const>null</span>
    </samp>}
    \"<span class=sf-dump-key>main_category</span>\" => <span class=sf-dump-note title=\"App\\Models\\Category
\"><span class=\"sf-dump-ellipsis sf-dump-ellipsis-note\">App\\Models</span><span class=\"sf-dump-ellipsis sf-dump-ellipsis-note\">\\</span>Category</span> {<a class=sf-dump-ref>#4317</a><samp data-depth=3 class=sf-dump-compact>
      #<span class=sf-dump-protected title=\"Protected property\">connection</span>: \"<span class=sf-dump-str title=\"5 characters\">mysql</span>\"
      #<span class=sf-dump-protected title=\"Protected property\">table</span>: \"<span class=sf-dump-str title=\"10 characters\">categories</span>\"
      #<span class=sf-dump-protected title=\"Protected property\">primaryKey</span>: \"<span class=sf-dump-str title=\"2 characters\">id</span>\"
      #<span class=sf-dump-protected title=\"Protected property\">keyType</span>: \"<span class=sf-dump-str title=\"3 characters\">int</span>\"
      +<span class=sf-dump-public title=\"Public property\">incrementing</span>: <span class=sf-dump-const>true</span>
      #<span class=sf-dump-protected title=\"Protected property\">with</span>: <span class=sf-dump-note>array:1</span> [ &#8230;1]
      #<span class=sf-dump-protected title=\"Protected property\">withCount</span>: []
      +<span class=sf-dump-public title=\"Public property\">preventsLazyLoading</span>: <span class=sf-dump-const>false</span>
      #<span class=sf-dump-protected title=\"Protected property\">perPage</span>: <span class=sf-dump-num>15</span>
      +<span class=sf-dump-public title=\"Public property\">exists</span>: <span class=sf-dump-const>true</span>
      +<span class=sf-dump-public title=\"Public property\">wasRecentlyCreated</span>: <span class=sf-dump-const>false</span>
      #<span class=sf-dump-protected title=\"Protected property\">escapeWhenCastingToString</span>: <span class=sf-dump-const>false</span>
      #<span class=sf-dump-protected title=\"Protected property\">attributes</span>: <span class=sf-dump-note>array:23</span> [ &#8230;23]
      #<span class=sf-dump-protected title=\"Protected property\">original</span>: <span class=sf-dump-note>array:23</span> [ &#8230;23]
      #<span class=sf-dump-protected title=\"Protected property\">changes</span>: []
      #<span class=sf-dump-protected title=\"Protected property\">casts</span>: []
      #<span class=sf-dump-protected title=\"Protected property\">classCastCache</span>: []
      #<span class=sf-dump-protected title=\"Protected property\">attributeCastCache</span>: []
      #<span class=sf-dump-protected title=\"Protected property\">dateFormat</span>: <span class=sf-dump-const>null</span>
      #<span class=sf-dump-protected title=\"Protected property\">appends</span>: []
      #<span class=sf-dump-protected title=\"Protected property\">dispatchesEvents</span>: []
      #<span class=sf-dump-protected title=\"Protected property\">observables</span>: []
      #<span class=sf-dump-protected title=\"Protected property\">relations</span>: <span class=sf-dump-note>array:2</span> [ &#8230;2]
      #<span class=sf-dump-protected title=\"Protected property\">touches</span>: []
      +<span class=sf-dump-public title=\"Public property\">timestamps</span>: <span class=sf-dump-const>true</span>
      +<span class=sf-dump-public title=\"Public property\">usesUniqueIds</span>: <span class=sf-dump-const>false</span>
      #<span class=sf-dump-protected title=\"Protected property\">hidden</span>: []
      #<span class=sf-dump-protected title=\"Protected property\">visible</span>: []
      #<span class=sf-dump-protected title=\"Protected property\">fillable</span>: <span class=sf-dump-note>array:3</span> [ &#8230;3]
      #<span class=sf-dump-protected title=\"Protected property\">guarded</span>: <span class=sf-dump-note>array:1</span> [ &#8230;1]
    </samp>}
  </samp>]
  #<span class=sf-dump-protected title=\"Protected property\">touches</span>: []
  +<span class=sf-dump-public title=\"Public property\">timestamps</span>: <span class=sf-dump-const>true</span>
  +<span class=sf-dump-public title=\"Public property\">usesUniqueIds</span>: <span class=sf-dump-const>false</span>
  #<span class=sf-dump-protected title=\"Protected property\">hidden</span>: []
  #<span class=sf-dump-protected title=\"Protected property\">visible</span>: []
  #<span class=sf-dump-protected title=\"Protected property\">fillable</span>: []
  #<span class=sf-dump-protected title=\"Protected property\">guarded</span>: <span class=sf-dump-note>array:1</span> [<samp data-depth=2 class=sf-dump-compact>
    <span class=sf-dump-index>0</span> => \"<span class=sf-dump-str title=\"17 characters\">choice_attributes</span>\"
  </samp>]
</samp>}
</pre><script>Sfdump(\"sf-dump-1509712388\", {\"maxDepth\":3,\"maxStringLength\":160})</script>
","product_queries":"<pre class=sf-dump id=sf-dump-318197808 data-indent-pad=\"  \"><span class=sf-dump-note>Illuminate\\Pagination\\LengthAwarePaginator</span> {<a class=sf-dump-ref>#4588</a><samp data-depth=1 class=sf-dump-expanded>
  #<span class=sf-dump-protected title=\"Protected property\">items</span>: <span class=sf-dump-note title=\"Illuminate\\Database\\Eloquent\\Collection
\"><span class=\"sf-dump-ellipsis sf-dump-ellipsis-note\">Illuminate\\Database\\Eloquent</span><span class=\"sf-dump-ellipsis sf-dump-ellipsis-note\">\\</span>Collection</span> {<a class=sf-dump-ref>#4593</a><samp data-depth=2 class=sf-dump-compact>
    #<span class=sf-dump-protected title=\"Protected property\">items</span>: []
    #<span class=sf-dump-protected title=\"Protected property\">escapeWhenCastingToString</span>: <span class=sf-dump-const>false</span>
  </samp>}
  #<span class=sf-dump-protected title=\"Protected property\">perPage</span>: <span class=sf-dump-num>3</span>
  #<span class=sf-dump-protected title=\"Protected property\">currentPage</span>: <span class=sf-dump-num>1</span>
  #<span class=sf-dump-protected title=\"Protected property\">path</span>: \"<span class=sf-dump-str title=\"52 characters\">https://richminis.test/product/kids-mid-top-trainers</span>\"
  #<span class=sf-dump-protected title=\"Protected property\">query</span>: []
  #<span class=sf-dump-protected title=\"Protected property\">fragment</span>: <span class=sf-dump-const>null</span>
  #<span class=sf-dump-protected title=\"Protected property\">pageName</span>: \"<span class=sf-dump-str title=\"4 characters\">page</span>\"
  +<span class=sf-dump-public title=\"Public property\">onEachSide</span>: <span class=sf-dump-num>3</span>
  #<span class=sf-dump-protected title=\"Protected property\">options</span>: <span class=sf-dump-note>array:2</span> [<samp data-depth=2 class=sf-dump-compact>
    \"<span class=sf-dump-key>path</span>\" => \"<span class=sf-dump-str title=\"52 characters\">https://richminis.test/product/kids-mid-top-trainers</span>\"
    \"<span class=sf-dump-key>pageName</span>\" => \"<span class=sf-dump-str title=\"4 characters\">page</span>\"
  </samp>]
  #<span class=sf-dump-protected title=\"Protected property\">total</span>: <span class=sf-dump-num>0</span>
  #<span class=sf-dump-protected title=\"Protected property\">lastPage</span>: <span class=sf-dump-num>1</span>
</samp>}
</pre><script>Sfdump(\"sf-dump-318197808\", {\"maxDepth\":3,\"maxStringLength\":160})</script>
","total_query":"<pre class=sf-dump id=sf-dump-1884933529 data-indent-pad=\"  \"><span class=sf-dump-num>0</span>
</pre><script>Sfdump(\"sf-dump-1884933529\", {\"maxDepth\":3,\"maxStringLength\":160})</script>
","reviews":"<pre class=sf-dump id=sf-dump-1822612548 data-indent-pad=\"  \"><span class=sf-dump-note>Illuminate\\Pagination\\LengthAwarePaginator</span> {<a class=sf-dump-ref>#4582</a><samp data-depth=1 class=sf-dump-expanded>
  #<span class=sf-dump-protected title=\"Protected property\">items</span>: <span class=sf-dump-note title=\"Illuminate\\Database\\Eloquent\\Collection
\"><span class=\"sf-dump-ellipsis sf-dump-ellipsis-note\">Illuminate\\Database\\Eloquent</span><span class=\"sf-dump-ellipsis sf-dump-ellipsis-note\">\\</span>Collection</span> {<a class=sf-dump-ref>#4587</a><samp data-depth=2 class=sf-dump-compact>
    #<span class=sf-dump-protected title=\"Protected property\">items</span>: []
    #<span class=sf-dump-protected title=\"Protected property\">escapeWhenCastingToString</span>: <span class=sf-dump-const>false</span>
  </samp>}
  #<span class=sf-dump-protected title=\"Protected property\">perPage</span>: <span class=sf-dump-num>3</span>
  #<span class=sf-dump-protected title=\"Protected property\">currentPage</span>: <span class=sf-dump-num>1</span>
  #<span class=sf-dump-protected title=\"Protected property\">path</span>: \"<span class=sf-dump-str title=\"52 characters\">https://richminis.test/product/kids-mid-top-trainers</span>\"
  #<span class=sf-dump-protected title=\"Protected property\">query</span>: []
  #<span class=sf-dump-protected title=\"Protected property\">fragment</span>: <span class=sf-dump-const>null</span>
  #<span class=sf-dump-protected title=\"Protected property\">pageName</span>: \"<span class=sf-dump-str title=\"4 characters\">page</span>\"
  +<span class=sf-dump-public title=\"Public property\">onEachSide</span>: <span class=sf-dump-num>3</span>
  #<span class=sf-dump-protected title=\"Protected property\">options</span>: <span class=sf-dump-note>array:2</span> [<samp data-depth=2 class=sf-dump-compact>
    \"<span class=sf-dump-key>path</span>\" => \"<span class=sf-dump-str title=\"52 characters\">https://richminis.test/product/kids-mid-top-trainers</span>\"
    \"<span class=sf-dump-key>pageName</span>\" => \"<span class=sf-dump-str title=\"4 characters\">page</span>\"
  </samp>]
  #<span class=sf-dump-protected title=\"Protected property\">total</span>: <span class=sf-dump-num>0</span>
  #<span class=sf-dump-protected title=\"Protected property\">lastPage</span>: <span class=sf-dump-num>1</span>
</samp>}
</pre><script>Sfdump(\"sf-dump-1822612548\", {\"maxDepth\":3,\"maxStringLength\":160})</script>
","review_status":"<pre class=sf-dump id=sf-dump-1728870753 data-indent-pad=\"  \"><span class=sf-dump-num>0</span>
</pre><script>Sfdump(\"sf-dump-1728870753\", {\"maxDepth\":3,\"maxStringLength\":160})</script>
","order_id":"<pre class=sf-dump id=sf-dump-563409938 data-indent-pad=\"  \">\"\"
</pre><script>Sfdump(\"sf-dump-563409938\", {\"maxDepth\":3,\"maxStringLength\":160})</script>
","capiEventId":"<pre class=sf-dump id=sf-dump-1375024739 data-indent-pad=\"  \">\"<span class=sf-dump-str title=\"23 characters\">view_item_6a3dd9148405a</span>\"
</pre><script>Sfdump(\"sf-dump-1375024739\", {\"maxDepth\":3,\"maxStringLength\":160})</script>
"}},"exception":"[object] (Spatie\\LaravelIgnition\\Exceptions\\ViewException(code: 0): Call to undefined function escape() at R:\\SoftwareFiles\\laragon\\www\\richminis\\resources\\views\\frontend\\product_details.blade.php:849)
[stacktrace]
#0 R:\\SoftwareFiles\\laragon\\www\\richminis\\vendor\\laravel\\framework\\src\\Illuminate\\Filesystem\\Filesystem.php(123): require()
#1 R:\\SoftwareFiles\\laragon\\www\\richminis\\vendor\\laravel\\framework\\src\\Illuminate\\Filesystem\\Filesystem.php(124): Illuminate\\Filesystem\\Filesystem::Illuminate\\Filesystem\\{closure}()
#2 R:\\SoftwareFiles\\laragon\\www\\richminis\\vendor\\laravel\\framework\\src\\Illuminate\\View\\Engines\\PhpEngine.php(58): Illuminate\\Filesystem\\Filesystem->getRequire('R:\\\\SoftwareFile...', Array)
#3 R:\\SoftwareFiles\\laragon\\www\\richminis\\vendor\\laravel\\framework\\src\\Illuminate\\View\\Engines\\CompilerEngine.php(72): Illuminate\\View\\Engines\\PhpEngine->evaluatePath('R:\\\\SoftwareFile...', Array)
#4 R:\\SoftwareFiles\\laragon\\www\\richminis\\vendor\\laravel\\framework\\src\\Illuminate\\View\\View.php(207): Illuminate\\View\\Engines\\CompilerEngine->get('R:\\\\SoftwareFile...', Array)
#5 R:\\SoftwareFiles\\laragon\\www\\richminis\\vendor\\laravel\\framework\\src\\Illuminate\\View\\View.php(190): Illuminate\\View\\View->getContents()
#6 R:\\SoftwareFiles\\laragon\\www\\richminis\\vendor\\laravel\\framework\\src\\Illuminate\\View\\View.php(159): Illuminate\\View\\View->renderContents()
#7 R:\\SoftwareFiles\\laragon\\www\\richminis\\vendor\\laravel\\framework\\src\\Illuminate\\Http\\Response.php(69): Illuminate\\View\\View->render()
#8 R:\\SoftwareFiles\\laragon\\www\\richminis\\vendor\\laravel\\framework\\src\\Illuminate\\Http\\Response.php(35): Illuminate\\Http\\Response->setContent(Object(Illuminate\\View\\View))
#9 R:\\SoftwareFiles\\laragon\\www\\richminis\\vendor\\laravel\\framework\\src\\Illuminate\\Routing\\Router.php(918): Illuminate\\Http\\Response->__construct(Object(Illuminate\\View\\View), 200, Array)
#10 R:\\SoftwareFiles\\laragon\\www\\richminis\\vendor\\laravel\\framework\\src\\Illuminate\\Routing\\Router.php(885): Illuminate\\Routing\\Router::toResponse(Object(Illuminate\\Http\\Request), Object(Illuminate\\View\\View))
#11 R:\\SoftwareFiles\\laragon\\www\\richminis\\vendor\\laravel\\framework\\src\\Illuminate\\Routing\\Router.php(805): Illuminate\\Routing\\Router->prepareResponse(Object(Illuminate\\Http\\Request), Object(Illuminate\\View\\View))
#12 R:\\SoftwareFiles\\laragon\\www\\richminis\\vendor\\laravel\\framework\\src\\Illuminate\\Pipeline\\Pipeline.php(144): Illuminate\\Routing\\Router->Illuminate\\Routing\\{closure}(Object(Illuminate\\Http\\Request))
#13 R:\\SoftwareFiles\\laragon\\www\\richminis\\app\\Http\\Middleware\\PortfolioView.php(21): Illuminate\\Pipeline\\Pipeline->Illuminate\\Pipeline\\{closure}(Object(Illuminate\\Http\\Request))
#14 R:\\SoftwareFiles\\laragon\\www\\richminis\\vendor\\laravel\\framework\\src\\Illuminate\\Pipeline\\Pipeline.php(183): App\\Http\\Middleware\\PortfolioView->handle(Object(Illuminate\\Http\\Request), Object(Closure))
#15 R:\\SoftwareFiles\\laragon\\www\\richminis\\app\\Http\\Middleware\\CheckForMaintenanceMode.php(64): Illuminate\\Pipeline\\Pipeline->Illuminate\\Pipeline\\{closure}(Object(Illuminate\\Http\\Request))
#16 R:\\SoftwareFiles\\laragon\\www\\richminis\\vendor\\laravel\\framework\\src\\Illuminate\\Pipeline\\Pipeline.php(183): App\\Http\\Middleware\\CheckForMaintenanceMode->handle(Object(Illuminate\\Http\\Request), Object(Closure))
#17 R:\\SoftwareFiles\\laragon\\www\\richminis\\app\\Http\\Middleware\\HttpsProtocol.php(20): Illuminate\\Pipeline\\Pipeline->Illuminate\\Pipeline\\{closure}(Object(Illuminate\\Http\\Request))
#18 R:\\SoftwareFiles\\laragon\\www\\richminis\\vendor\\laravel\\framework\\src\\Illuminate\\Pipeline\\Pipeline.php(183): App\\Http\\Middleware\\HttpsProtocol->handle(Object(Illuminate\\Http\\Request), Object(Closure))
#19 R:\\SoftwareFiles\\laragon\\www\\richminis\\app\\Http\\Middleware\\Language.php(35): Illuminate\\Pipeline\\Pipeline->Illuminate\\Pipeline\\{closure}(Object(Illuminate\\Http\\Request))
#20 R:\\SoftwareFiles\\laragon\\www\\richminis\\vendor\\laravel\\framework\\src\\Illuminate\\Pipeline\\Pipeline.php(183): App\\Http\\Middleware\\Language->handle(Object(Illuminate\\Http\\Request), Object(Closure))
#21 R:\\SoftwareFiles\\laragon\\www\\richminis\\vendor\\laravel\\framework\\src\\Illuminate\\Routing\\Middleware\\SubstituteBindings.php(50): Illuminate\\Pipeline\\Pipeline->Illuminate\\Pipeline\\{closure}(Object(Illuminate\\Http\\Request))
#22 R:\\SoftwareFiles\\laragon\\www\\richminis\\vendor\\laravel\\framework\\src\\Illuminate\\Pipeline\\Pipeline.php(183): Illuminate\\Routing\\Middleware\\SubstituteBindings->handle(Object(Illuminate\\Http\\Request), Object(Closure))
#23 R:\\SoftwareFiles\\laragon\\www\\richminis\\vendor\\laravel\\framework\\src\\Illuminate\\Foundation\\Http\\Middleware\\VerifyCsrfToken.php(78): Illuminate\\Pipeline\\Pipeline->Illuminate\\Pipeline\\{closure}(Object(Illuminate\\Http\\Request))
#24 R:\\SoftwareFiles\\laragon\\www\\richminis\\vendor\\laravel\\framework\\src\\Illuminate\\Pipeline\\Pipeline.php(183): Illuminate\\Foundation\\Http\\Middleware\\VerifyCsrfToken->handle(Object(Illuminate\\Http\\Request), Object(Closure))
#25 R:\\SoftwareFiles\\laragon\\www\\richminis\\vendor\\laravel\\framework\\src\\Illuminate\\Cookie\\Middleware\\AddQueuedCookiesToResponse.php(37): Illuminate\\Pipeline\\Pipeline->Illuminate\\Pipeline\\{closure}(Object(Illuminate\\Http\\Request))
#26 R:\\SoftwareFiles\\laragon\\www\\richminis\\vendor\\laravel\\framework\\src\\Illuminate\\Pipeline\\Pipeline.php(183): Illuminate\\Cookie\\Middleware\\AddQueuedCookiesToResponse->handle(Object(Illuminate\\Http\\Request), Object(Closure))
#27 R:\\SoftwareFiles\\laragon\\www\\richminis\\vendor\\laravel\\framework\\src\\Illuminate\\Pipeline\\Pipeline.php(119): Illuminate\\Pipeline\\Pipeline->Illuminate\\Pipeline\\{closure}(Object(Illuminate\\Http\\Request))
#28 R:\\SoftwareFiles\\laragon\\www\\richminis\\vendor\\laravel\\framework\\src\\Illuminate\\Routing\\Router.php(805): Illuminate\\Pipeline\\Pipeline->then(Object(Closure))
#29 R:\\SoftwareFiles\\laragon\\www\\richminis\\vendor\\laravel\\framework\\src\\Illuminate\\Routing\\Router.php(784): Illuminate\\Routing\\Router->runRouteWithinStack(Object(Illuminate\\Routing\\Route), Object(Illuminate\\Http\\Request))
#30 R:\\SoftwareFiles\\laragon\\www\\richminis\\vendor\\laravel\\framework\\src\\Illuminate\\Routing\\Router.php(748): Illuminate\\Routing\\Router->runRoute(Object(Illuminate\\Http\\Request), Object(Illuminate\\Routing\\Route))
#31 R:\\SoftwareFiles\\laragon\\www\\richminis\\vendor\\laravel\\framework\\src\\Illuminate\\Routing\\Router.php(737): Illuminate\\Routing\\Router->dispatchToRoute(Object(Illuminate\\Http\\Request))
#32 R:\\SoftwareFiles\\laragon\\www\\richminis\\vendor\\laravel\\framework\\src\\Illuminate\\Foundation\\Http\\Kernel.php(200): Illuminate\\Routing\\Router->dispatch(Object(Illuminate\\Http\\Request))
#33 R:\\SoftwareFiles\\laragon\\www\\richminis\\vendor\\laravel\\framework\\src\\Illuminate\\Pipeline\\Pipeline.php(144): Illuminate\\Foundation\\Http\\Kernel->Illuminate\\Foundation\\Http\\{closure}(Object(Illuminate\\Http\\Request))
#34 R:\\SoftwareFiles\\laragon\\www\\richminis\\vendor\\barryvdh\\laravel-debugbar\\src\\Middleware\\InjectDebugbar.php(59): Illuminate\\Pipeline\\Pipeline->Illuminate\\Pipeline\\{closure}(Object(Illuminate\\Http\\Request))
#35 R:\\SoftwareFiles\\laragon\\www\\richminis\\vendor\\laravel\\framework\\src\\Illuminate\\Pipeline\\Pipeline.php(183): Barryvdh\\Debugbar\\Middleware\\InjectDebugbar->handle(Object(Illuminate\\Http\\Request), Object(Closure))
#36 R:\\SoftwareFiles\\laragon\\www\\richminis\\vendor\\laravel\\framework\\src\\Illuminate\\View\\Middleware\\ShareErrorsFromSession.php(49): Illuminate\\Pipeline\\Pipeline->Illuminate\\Pipeline\\{closure}(Object(Illuminate\\Http\\Request))
#37 R:\\SoftwareFiles\\laragon\\www\\richminis\\vendor\\laravel\\framework\\src\\Illuminate\\Pipeline\\Pipeline.php(183): Illuminate\\View\\Middleware\\ShareErrorsFromSession->handle(Object(Illuminate\\Http\\Request), Object(Closure))
#38 R:\\SoftwareFiles\\laragon\\www\\richminis\\vendor\\laravel\\framework\\src\\Illuminate\\Session\\Middleware\\StartSession.php(121): Illuminate\\Pipeline\\Pipeline->Illuminate\\Pipeline\\{closure}(Object(Illuminate\\Http\\Request))
#39 R:\\SoftwareFiles\\laragon\\www\\richminis\\vendor\\laravel\\framework\\src\\Illuminate\\Session\\Middleware\\StartSession.php(64): Illuminate\\Session\\Middleware\\StartSession->handleStatefulRequest(Object(Illuminate\\Http\\Request), Object(Illuminate\\Session\\Store), Object(Closure))
#40 R:\\SoftwareFiles\\laragon\\www\\richminis\\vendor\\laravel\\framework\\src\\Illuminate\\Pipeline\\Pipeline.php(183): Illuminate\\Session\\Middleware\\StartSession->handle(Object(Illuminate\\Http\\Request), Object(Closure))
#41 R:\\SoftwareFiles\\laragon\\www\\richminis\\vendor\\laravel\\framework\\src\\Illuminate\\Http\\Middleware\\TrustProxies.php(39): Illuminate\\Pipeline\\Pipeline->Illuminate\\Pipeline\\{closure}(Object(Illuminate\\Http\\Request))
#42 R:\\SoftwareFiles\\laragon\\www\\richminis\\vendor\\laravel\\framework\\src\\Illuminate\\Pipeline\\Pipeline.php(183): Illuminate\\Http\\Middleware\\TrustProxies->handle(Object(Illuminate\\Http\\Request), Object(Closure))
#43 R:\\SoftwareFiles\\laragon\\www\\richminis\\vendor\\laravel\\framework\\src\\Illuminate\\Foundation\\Http\\Middleware\\TransformsRequest.php(21): Illuminate\\Pipeline\\Pipeline->Illuminate\\Pipeline\\{closure}(Object(Illuminate\\Http\\Request))
#44 R:\\SoftwareFiles\\laragon\\www\\richminis\\vendor\\laravel\\framework\\src\\Illuminate\\Foundation\\Http\\Middleware\\ConvertEmptyStringsToNull.php(31): Illuminate\\Foundation\\Http\\Middleware\\TransformsRequest->handle(Object(Illuminate\\Http\\Request), Object(Closure))
#45 R:\\SoftwareFiles\\laragon\\www\\richminis\\vendor\\laravel\\framework\\src\\Illuminate\\Pipeline\\Pipeline.php(183): Illuminate\\Foundation\\Http\\Middleware\\ConvertEmptyStringsToNull->handle(Object(Illuminate\\Http\\Request), Object(Closure))
#46 R:\\SoftwareFiles\\laragon\\www\\richminis\\vendor\\laravel\\framework\\src\\Illuminate\\Foundation\\Http\\Middleware\\TransformsRequest.php(21): Illuminate\\Pipeline\\Pipeline->Illuminate\\Pipeline\\{closure}(Object(Illuminate\\Http\\Request))
#47 R:\\SoftwareFiles\\laragon\\www\\richminis\\vendor\\laravel\\framework\\src\\Illuminate\\Foundation\\Http\\Middleware\\TrimStrings.php(40): Illuminate\\Foundation\\Http\\Middleware\\TransformsRequest->handle(Object(Illuminate\\Http\\Request), Object(Closure))
#48 R:\\SoftwareFiles\\laragon\\www\\richminis\\vendor\\laravel\\framework\\src\\Illuminate\\Pipeline\\Pipeline.php(183): Illuminate\\Foundation\\Http\\Middleware\\TrimStrings->handle(Object(Illuminate\\Http\\Request), Object(Closure))
#49 R:\\SoftwareFiles\\laragon\\www\\richminis\\vendor\\laravel\\framework\\src\\Illuminate\\Foundation\\Http\\Middleware\\ValidatePostSize.php(27): Illuminate\\Pipeline\\Pipeline->Illuminate\\Pipeline\\{closure}(Object(Illuminate\\Http\\Request))
#50 R:\\SoftwareFiles\\laragon\\www\\richminis\\vendor\\laravel\\framework\\src\\Illuminate\\Pipeline\\Pipeline.php(183): Illuminate\\Foundation\\Http\\Middleware\\ValidatePostSize->handle(Object(Illuminate\\Http\\Request), Object(Closure))
#51 R:\\SoftwareFiles\\laragon\\www\\richminis\\vendor\\laravel\\framework\\src\\Illuminate\\Pipeline\\Pipeline.php(119): Illuminate\\Pipeline\\Pipeline->Illuminate\\Pipeline\\{closure}(Object(Illuminate\\Http\\Request))
#52 R:\\SoftwareFiles\\laragon\\www\\richminis\\vendor\\laravel\\framework\\src\\Illuminate\\Foundation\\Http\\Kernel.php(175): Illuminate\\Pipeline\\Pipeline->then(Object(Closure))
#53 R:\\SoftwareFiles\\laragon\\www\\richminis\\vendor\\laravel\\framework\\src\\Illuminate\\Foundation\\Http\\Kernel.php(144): Illuminate\\Foundation\\Http\\Kernel->sendRequestThroughRouter(Object(Illuminate\\Http\\Request))
#54 R:\\SoftwareFiles\\laragon\\www\\richminis\\index.php(56): Illuminate\\Foundation\\Http\\Kernel->handle(Object(Illuminate\\Http\\Request))
#55 {main}

[previous exception] [object] (Error(code: 0): Call to undefined function escape() at R:\\SoftwareFiles\\laragon\\www\\richminis\\storage\\framework\\views\\7ee9f02743bda15f52b648b873f7d459.php:850)
[stacktrace]
#0 R:\\SoftwareFiles\\laragon\\www\\richminis\\vendor\\laravel\\framework\\src\\Illuminate\\Filesystem\\Filesystem.php(123): require()
#1 R:\\SoftwareFiles\\laragon\\www\\richminis\\vendor\\laravel\\framework\\src\\Illuminate\\Filesystem\\Filesystem.php(124): Illuminate\\Filesystem\\Filesystem::Illuminate\\Filesystem\\{closure}()
#2 R:\\SoftwareFiles\\laragon\\www\\richminis\\vendor\\laravel\\framework\\src\\Illuminate\\View\\Engines\\PhpEngine.php(58): Illuminate\\Filesystem\\Filesystem->getRequire('R:\\\\SoftwareFile...', Array)
#3 R:\\SoftwareFiles\\laragon\\www\\richminis\\vendor\\laravel\\framework\\src\\Illuminate\\View\\Engines\\CompilerEngine.php(72): Illuminate\\View\\Engines\\PhpEngine->evaluatePath('R:\\\\SoftwareFile...', Array)
#4 R:\\SoftwareFiles\\laragon\\www\\richminis\\vendor\\laravel\\framework\\src\\Illuminate\\View\\View.php(207): Illuminate\\View\\Engines\\CompilerEngine->get('R:\\\\SoftwareFile...', Array)
#5 R:\\SoftwareFiles\\laragon\\www\\richminis\\vendor\\laravel\\framework\\src\\Illuminate\\View\\View.php(190): Illuminate\\View\\View->getContents()
#6 R:\\SoftwareFiles\\laragon\\www\\richminis\\vendor\\laravel\\framework\\src\\Illuminate\\View\\View.php(159): Illuminate\\View\\View->renderContents()
#7 R:\\SoftwareFiles\\laragon\\www\\richminis\\vendor\\laravel\\framework\\src\\Illuminate\\Http\\Response.php(69): Illuminate\\View\\View->render()
#8 R:\\SoftwareFiles\\laragon\\www\\richminis\\vendor\\laravel\\framework\\src\\Illuminate\\Http\\Response.php(35): Illuminate\\Http\\Response->setContent(Object(Illuminate\\View\\View))
#9 R:\\SoftwareFiles\\laragon\\www\\richminis\\vendor\\laravel\\framework\\src\\Illuminate\\Routing\\Router.php(918): Illuminate\\Http\\Response->__construct(Object(Illuminate\\View\\View), 200, Array)
#10 R:\\SoftwareFiles\\laragon\\www\\richminis\\vendor\\laravel\\framework\\src\\Illuminate\\Routing\\Router.php(885): Illuminate\\Routing\\Router::toResponse(Object(Illuminate\\Http\\Request), Object(Illuminate\\View\\View))
#11 R:\\SoftwareFiles\\laragon\\www\\richminis\\vendor\\laravel\\framework\\src\\Illuminate\\Routing\\Router.php(805): Illuminate\\Routing\\Router->prepareResponse(Object(Illuminate\\Http\\Request), Object(Illuminate\\View\\View))
#12 R:\\SoftwareFiles\\laragon\\www\\richminis\\vendor\\laravel\\framework\\src\\Illuminate\\Pipeline\\Pipeline.php(144): Illuminate\\Routing\\Router->Illuminate\\Routing\\{closure}(Object(Illuminate\\Http\\Request))
#13 R:\\SoftwareFiles\\laragon\\www\\richminis\\app\\Http\\Middleware\\PortfolioView.php(21): Illuminate\\Pipeline\\Pipeline->Illuminate\\Pipeline\\{closure}(Object(Illuminate\\Http\\Request))
#14 R:\\SoftwareFiles\\laragon\\www\\richminis\\vendor\\laravel\\framework\\src\\Illuminate\\Pipeline\\Pipeline.php(183): App\\Http\\Middleware\\PortfolioView->handle(Object(Illuminate\\Http\\Request), Object(Closure))
#15 R:\\SoftwareFiles\\laragon\\www\\richminis\\app\\Http\\Middleware\\CheckForMaintenanceMode.php(64): Illuminate\\Pipeline\\Pipeline->Illuminate\\Pipeline\\{closure}(Object(Illuminate\\Http\\Request))
#16 R:\\SoftwareFiles\\laragon\\www\\richminis\\vendor\\laravel\\framework\\src\\Illuminate\\Pipeline\\Pipeline.php(183): App\\Http\\Middleware\\CheckForMaintenanceMode->handle(Object(Illuminate\\Http\\Request), Object(Closure))
#17 R:\\SoftwareFiles\\laragon\\www\\richminis\\app\\Http\\Middleware\\HttpsProtocol.php(20): Illuminate\\Pipeline\\Pipeline->Illuminate\\Pipeline\\{closure}(Object(Illuminate\\Http\\Request))
#18 R:\\SoftwareFiles\\laragon\\www\\richminis\\vendor\\laravel\\framework\\src\\Illuminate\\Pipeline\\Pipeline.php(183): App\\Http\\Middleware\\HttpsProtocol->handle(Object(Illuminate\\Http\\Request), Object(Closure))
#19 R:\\SoftwareFiles\\laragon\\www\\richminis\\app\\Http\\Middleware\\Language.php(35): Illuminate\\Pipeline\\Pipeline->Illuminate\\Pipeline\\{closure}(Object(Illuminate\\Http\\Request))
#20 R:\\SoftwareFiles\\laragon\\www\\richminis\\vendor\\laravel\\framework\\src\\Illuminate\\Pipeline\\Pipeline.php(183): App\\Http\\Middleware\\Language->handle(Object(Illuminate\\Http\\Request), Object(Closure))
#21 R:\\SoftwareFiles\\laragon\\www\\richminis\\vendor\\laravel\\framework\\src\\Illuminate\\Routing\\Middleware\\SubstituteBindings.php(50): Illuminate\\Pipeline\\Pipeline->Illuminate\\Pipeline\\{closure}(Object(Illuminate\\Http\\Request))
#22 R:\\SoftwareFiles\\laragon\\www\\richminis\\vendor\\laravel\\framework\\src\\Illuminate\\Pipeline\\Pipeline.php(183): Illuminate\\Routing\\Middleware\\SubstituteBindings->handle(Object(Illuminate\\Http\\Request), Object(Closure))
#23 R:\\SoftwareFiles\\laragon\\www\\richminis\\vendor\\laravel\\framework\\src\\Illuminate\\Foundation\\Http\\Middleware\\VerifyCsrfToken.php(78): Illuminate\\Pipeline\\Pipeline->Illuminate\\Pipeline\\{closure}(Object(Illuminate\\Http\\Request))
#24 R:\\SoftwareFiles\\laragon\\www\\richminis\\vendor\\laravel\\framework\\src\\Illuminate\\Pipeline\\Pipeline.php(183): Illuminate\\Foundation\\Http\\Middleware\\VerifyCsrfToken->handle(Object(Illuminate\\Http\\Request), Object(Closure))
#25 R:\\SoftwareFiles\\laragon\\www\\richminis\\vendor\\laravel\\framework\\src\\Illuminate\\Cookie\\Middleware\\AddQueuedCookiesToResponse.php(37): Illuminate\\Pipeline\\Pipeline->Illuminate\\Pipeline\\{closure}(Object(Illuminate\\Http\\Request))
#26 R:\\SoftwareFiles\\laragon\\www\\richminis\\vendor\\laravel\\framework\\src\\Illuminate\\Pipeline\\Pipeline.php(183): Illuminate\\Cookie\\Middleware\\AddQueuedCookiesToResponse->handle(Object(Illuminate\\Http\\Request), Object(Closure))
#27 R:\\SoftwareFiles\\laragon\\www\\richminis\\vendor\\laravel\\framework\\src\\Illuminate\\Pipeline\\Pipeline.php(119): Illuminate\\Pipeline\\Pipeline->Illuminate\\Pipeline\\{closure}(Object(Illuminate\\Http\\Request))
#28 R:\\SoftwareFiles\\laragon\\www\\richminis\\vendor\\laravel\\framework\\src\\Illuminate\\Routing\\Router.php(805): Illuminate\\Pipeline\\Pipeline->then(Object(Closure))
#29 R:\\SoftwareFiles\\laragon\\www\\richminis\\vendor\\laravel\\framework\\src\\Illuminate\\Routing\\Router.php(784): Illuminate\\Routing\\Router->runRouteWithinStack(Object(Illuminate\\Routing\\Route), Object(Illuminate\\Http\\Request))
#30 R:\\SoftwareFiles\\laragon\\www\\richminis\\vendor\\laravel\\framework\\src\\Illuminate\\Routing\\Router.php(748): Illuminate\\Routing\\Router->runRoute(Object(Illuminate\\Http\\Request), Object(Illuminate\\Routing\\Route))
#31 R:\\SoftwareFiles\\laragon\\www\\richminis\\vendor\\laravel\\framework\\src\\Illuminate\\Routing\\Router.php(737): Illuminate\\Routing\\Router->dispatchToRoute(Object(Illuminate\\Http\\Request))
#32 R:\\SoftwareFiles\\laragon\\www\\richminis\\vendor\\laravel\\framework\\src\\Illuminate\\Foundation\\Http\\Kernel.php(200): Illuminate\\Routing\\Router->dispatch(Object(Illuminate\\Http\\Request))
#33 R:\\SoftwareFiles\\laragon\\www\\richminis\\vendor\\laravel\\framework\\src\\Illuminate\\Pipeline\\Pipeline.php(144): Illuminate\\Foundation\\Http\\Kernel->Illuminate\\Foundation\\Http\\{closure}(Object(Illuminate\\Http\\Request))
#34 R:\\SoftwareFiles\\laragon\\www\\richminis\\vendor\\barryvdh\\laravel-debugbar\\src\\Middleware\\InjectDebugbar.php(59): Illuminate\\Pipeline\\Pipeline->Illuminate\\Pipeline\\{closure}(Object(Illuminate\\Http\\Request))
#35 R:\\SoftwareFiles\\laragon\\www\\richminis\\vendor\\laravel\\framework\\src\\Illuminate\\Pipeline\\Pipeline.php(183): Barryvdh\\Debugbar\\Middleware\\InjectDebugbar->handle(Object(Illuminate\\Http\\Request), Object(Closure))
#36 R:\\SoftwareFiles\\laragon\\www\\richminis\\vendor\\laravel\\framework\\src\\Illuminate\\View\\Middleware\\ShareErrorsFromSession.php(49): Illuminate\\Pipeline\\Pipeline->Illuminate\\Pipeline\\{closure}(Object(Illuminate\\Http\\Request))
#37 R:\\SoftwareFiles\\laragon\\www\\richminis\\vendor\\laravel\\framework\\src\\Illuminate\\Pipeline\\Pipeline.php(183): Illuminate\\View\\Middleware\\ShareErrorsFromSession->handle(Object(Illuminate\\Http\\Request), Object(Closure))
#38 R:\\SoftwareFiles\\laragon\\www\\richminis\\vendor\\laravel\\framework\\src\\Illuminate\\Session\\Middleware\\StartSession.php(121): Illuminate\\Pipeline\\Pipeline->Illuminate\\Pipeline\\{closure}(Object(Illuminate\\Http\\Request))
#39 R:\\SoftwareFiles\\laragon\\www\\richminis\\vendor\\laravel\\framework\\src\\Illuminate\\Session\\Middleware\\StartSession.php(64): Illuminate\\Session\\Middleware\\StartSession->handleStatefulRequest(Object(Illuminate\\Http\\Request), Object(Illuminate\\Session\\Store), Object(Closure))
#40 R:\\SoftwareFiles\\laragon\\www\\richminis\\vendor\\laravel\\framework\\src\\Illuminate\\Pipeline\\Pipeline.php(183): Illuminate\\Session\\Middleware\\StartSession->handle(Object(Illuminate\\Http\\Request), Object(Closure))
#41 R:\\SoftwareFiles\\laragon\\www\\richminis\\vendor\\laravel\\framework\\src\\Illuminate\\Http\\Middleware\\TrustProxies.php(39): Illuminate\\Pipeline\\Pipeline->Illuminate\\Pipeline\\{closure}(Object(Illuminate\\Http\\Request))
#42 R:\\SoftwareFiles\\laragon\\www\\richminis\\vendor\\laravel\\framework\\src\\Illuminate\\Pipeline\\Pipeline.php(183): Illuminate\\Http\\Middleware\\TrustProxies->handle(Object(Illuminate\\Http\\Request), Object(Closure))
#43 R:\\SoftwareFiles\\laragon\\www\\richminis\\vendor\\laravel\\framework\\src\\Illuminate\\Foundation\\Http\\Middleware\\TransformsRequest.php(21): Illuminate\\Pipeline\\Pipeline->Illuminate\\Pipeline\\{closure}(Object(Illuminate\\Http\\Request))
#44 R:\\SoftwareFiles\\laragon\\www\\richminis\\vendor\\laravel\\framework\\src\\Illuminate\\Foundation\\Http\\Middleware\\ConvertEmptyStringsToNull.php(31): Illuminate\\Foundation\\Http\\Middleware\\TransformsRequest->handle(Object(Illuminate\\Http\\Request), Object(Closure))
#45 R:\\SoftwareFiles\\laragon\\www\\richminis\\vendor\\laravel\\framework\\src\\Illuminate\\Pipeline\\Pipeline.php(183): Illuminate\\Foundation\\Http\\Middleware\\ConvertEmptyStringsToNull->handle(Object(Illuminate\\Http\\Request), Object(Closure))
#46 R:\\SoftwareFiles\\laragon\\www\\richminis\\vendor\\laravel\\framework\\src\\Illuminate\\Foundation\\Http\\Middleware\\TransformsRequest.php(21): Illuminate\\Pipeline\\Pipeline->Illuminate\\Pipeline\\{closure}(Object(Illuminate\\Http\\Request))
#47 R:\\SoftwareFiles\\laragon\\www\\richminis\\vendor\\laravel\\framework\\src\\Illuminate\\Foundation\\Http\\Middleware\\TrimStrings.php(40): Illuminate\\Foundation\\Http\\Middleware\\TransformsRequest->handle(Object(Illuminate\\Http\\Request), Object(Closure))
#48 R:\\SoftwareFiles\\laragon\\www\\richminis\\vendor\\laravel\\framework\\src\\Illuminate\\Pipeline\\Pipeline.php(183): Illuminate\\Foundation\\Http\\Middleware\\TrimStrings->handle(Object(Illuminate\\Http\\Request), Object(Closure))
#49 R:\\SoftwareFiles\\laragon\\www\\richminis\\vendor\\laravel\\framework\\src\\Illuminate\\Foundation\\Http\\Middleware\\ValidatePostSize.php(27): Illuminate\\Pipeline\\Pipeline->Illuminate\\Pipeline\\{closure}(Object(Illuminate\\Http\\Request))
#50 R:\\SoftwareFiles\\laragon\\www\\richminis\\vendor\\laravel\\framework\\src\\Illuminate\\Pipeline\\Pipeline.php(183): Illuminate\\Foundation\\Http\\Middleware\\ValidatePostSize->handle(Object(Illuminate\\Http\\Request), Object(Closure))
#51 R:\\SoftwareFiles\\laragon\\www\\richminis\\vendor\\laravel\\framework\\src\\Illuminate\\Pipeline\\Pipeline.php(119): Illuminate\\Pipeline\\Pipeline->Illuminate\\Pipeline\\{closure}(Object(Illuminate\\Http\\Request))
#52 R:\\SoftwareFiles\\laragon\\www\\richminis\\vendor\\laravel\\framework\\src\\Illuminate\\Foundation\\Http\\Kernel.php(175): Illuminate\\Pipeline\\Pipeline->then(Object(Closure))
#53 R:\\SoftwareFiles\\laragon\\www\\richminis\\vendor\\laravel\\framework\\src\\Illuminate\\Foundation\\Http\\Kernel.php(144): Illuminate\\Foundation\\Http\\Kernel->sendRequestThroughRouter(Object(Illuminate\\Http\\Request))
#54 R:\\SoftwareFiles\\laragon\\www\\richminis\\index.php(56): Illuminate\\Foundation\\Http\\Kernel->handle(Object(Illuminate\\Http\\Request))
#55 {main}
"} 
