[2026-05-11 12:15:30] local.ERROR: SQLSTATE[HY000] [1049] Unknown database 'richhminis' (Connection: mysql, SQL: select * from `languages` where `code` = en limit 1) {"exception":"[object] (Illuminate\\Database\\QueryException(code: 1049): SQLSTATE[HY000] [1049] Unknown database 'richhminis' (Connection: mysql, SQL: select * from `languages` where `code` = en limit 1) at R:\\SoftwareFiles\\laragon\\www\\richminis\\vendor\\laravel\\framework\\src\\Illuminate\\Database\\Connection.php:829)
[stacktrace]
#0 R:\\SoftwareFiles\\laragon\\www\\richminis\\vendor\\laravel\\framework\\src\\Illuminate\\Database\\Connection.php(783): Illuminate\\Database\\Connection->runQueryCallback('select * from `...', Array, Object(Closure))
#1 R:\\SoftwareFiles\\laragon\\www\\richminis\\vendor\\laravel\\framework\\src\\Illuminate\\Database\\Connection.php(414): Illuminate\\Database\\Connection->run('select * from `...', Array, Object(Closure))
#2 R:\\SoftwareFiles\\laragon\\www\\richminis\\vendor\\laravel\\framework\\src\\Illuminate\\Database\\Query\\Builder.php(2913): Illuminate\\Database\\Connection->select('select * from `...', Array, true)
#3 R:\\SoftwareFiles\\laragon\\www\\richminis\\vendor\\laravel\\framework\\src\\Illuminate\\Database\\Query\\Builder.php(2902): Illuminate\\Database\\Query\\Builder->runSelect()
#4 R:\\SoftwareFiles\\laragon\\www\\richminis\\vendor\\laravel\\framework\\src\\Illuminate\\Database\\Query\\Builder.php(3456): Illuminate\\Database\\Query\\Builder->Illuminate\\Database\\Query\\{closure}()
#5 R:\\SoftwareFiles\\laragon\\www\\richminis\\vendor\\laravel\\framework\\src\\Illuminate\\Database\\Query\\Builder.php(2901): Illuminate\\Database\\Query\\Builder->onceWithColumns(Array, Object(Closure))
#6 R:\\SoftwareFiles\\laragon\\www\\richminis\\vendor\\laravel\\framework\\src\\Illuminate\\Database\\Eloquent\\Builder.php(739): Illuminate\\Database\\Query\\Builder->get(Array)
#7 R:\\SoftwareFiles\\laragon\\www\\richminis\\vendor\\laravel\\framework\\src\\Illuminate\\Database\\Eloquent\\Builder.php(723): Illuminate\\Database\\Eloquent\\Builder->getModels(Array)
#8 R:\\SoftwareFiles\\laragon\\www\\richminis\\vendor\\laravel\\framework\\src\\Illuminate\\Database\\Concerns\\BuildsQueries.php(333): Illuminate\\Database\\Eloquent\\Builder->get(Array)
#9 R:\\SoftwareFiles\\laragon\\www\\richminis\\app\\Http\\Helpers.php(1891): Illuminate\\Database\\Eloquent\\Builder->first()
#10 R:\\SoftwareFiles\\laragon\\www\\richminis\\app\\Http\\Controllers\\HomeController.php(54): get_system_language()
#11 R:\\SoftwareFiles\\laragon\\www\\richminis\\vendor\\laravel\\framework\\src\\Illuminate\\Routing\\Controller.php(54): App\\Http\\Controllers\\HomeController->index()
#12 R:\\SoftwareFiles\\laragon\\www\\richminis\\vendor\\laravel\\framework\\src\\Illuminate\\Routing\\ControllerDispatcher.php(43): Illuminate\\Routing\\Controller->callAction('index', Array)
#13 R:\\SoftwareFiles\\laragon\\www\\richminis\\vendor\\laravel\\framework\\src\\Illuminate\\Routing\\Route.php(259): Illuminate\\Routing\\ControllerDispatcher->dispatch(Object(Illuminate\\Routing\\Route), Object(App\\Http\\Controllers\\HomeController), 'index')
#14 R:\\SoftwareFiles\\laragon\\www\\richminis\\vendor\\laravel\\framework\\src\\Illuminate\\Routing\\Route.php(205): Illuminate\\Routing\\Route->runController()
#15 R:\\SoftwareFiles\\laragon\\www\\richminis\\vendor\\laravel\\framework\\src\\Illuminate\\Routing\\Router.php(806): Illuminate\\Routing\\Route->run()
#16 R:\\SoftwareFiles\\laragon\\www\\richminis\\vendor\\laravel\\framework\\src\\Illuminate\\Pipeline\\Pipeline.php(144): Illuminate\\Routing\\Router->Illuminate\\Routing\\{closure}(Object(Illuminate\\Http\\Request))
#17 R:\\SoftwareFiles\\laragon\\www\\richminis\\app\\Http\\Middleware\\CheckForMaintenanceMode.php(64): Illuminate\\Pipeline\\Pipeline->Illuminate\\Pipeline\\{closure}(Object(Illuminate\\Http\\Request))
#18 R:\\SoftwareFiles\\laragon\\www\\richminis\\vendor\\laravel\\framework\\src\\Illuminate\\Pipeline\\Pipeline.php(183): App\\Http\\Middleware\\CheckForMaintenanceMode->handle(Object(Illuminate\\Http\\Request), Object(Closure))
#19 R:\\SoftwareFiles\\laragon\\www\\richminis\\app\\Http\\Middleware\\HttpsProtocol.php(20): Illuminate\\Pipeline\\Pipeline->Illuminate\\Pipeline\\{closure}(Object(Illuminate\\Http\\Request))
#20 R:\\SoftwareFiles\\laragon\\www\\richminis\\vendor\\laravel\\framework\\src\\Illuminate\\Pipeline\\Pipeline.php(183): App\\Http\\Middleware\\HttpsProtocol->handle(Object(Illuminate\\Http\\Request), Object(Closure))
#21 R:\\SoftwareFiles\\laragon\\www\\richminis\\app\\Http\\Middleware\\Language.php(35): Illuminate\\Pipeline\\Pipeline->Illuminate\\Pipeline\\{closure}(Object(Illuminate\\Http\\Request))
#22 R:\\SoftwareFiles\\laragon\\www\\richminis\\vendor\\laravel\\framework\\src\\Illuminate\\Pipeline\\Pipeline.php(183): App\\Http\\Middleware\\Language->handle(Object(Illuminate\\Http\\Request), Object(Closure))
#23 R:\\SoftwareFiles\\laragon\\www\\richminis\\vendor\\laravel\\framework\\src\\Illuminate\\Routing\\Middleware\\SubstituteBindings.php(50): Illuminate\\Pipeline\\Pipeline->Illuminate\\Pipeline\\{closure}(Object(Illuminate\\Http\\Request))
#24 R:\\SoftwareFiles\\laragon\\www\\richminis\\vendor\\laravel\\framework\\src\\Illuminate\\Pipeline\\Pipeline.php(183): Illuminate\\Routing\\Middleware\\SubstituteBindings->handle(Object(Illuminate\\Http\\Request), Object(Closure))
#25 R:\\SoftwareFiles\\laragon\\www\\richminis\\vendor\\laravel\\framework\\src\\Illuminate\\Foundation\\Http\\Middleware\\VerifyCsrfToken.php(78): Illuminate\\Pipeline\\Pipeline->Illuminate\\Pipeline\\{closure}(Object(Illuminate\\Http\\Request))
#26 R:\\SoftwareFiles\\laragon\\www\\richminis\\vendor\\laravel\\framework\\src\\Illuminate\\Pipeline\\Pipeline.php(183): Illuminate\\Foundation\\Http\\Middleware\\VerifyCsrfToken->handle(Object(Illuminate\\Http\\Request), Object(Closure))
#27 R:\\SoftwareFiles\\laragon\\www\\richminis\\vendor\\laravel\\framework\\src\\Illuminate\\Cookie\\Middleware\\AddQueuedCookiesToResponse.php(37): Illuminate\\Pipeline\\Pipeline->Illuminate\\Pipeline\\{closure}(Object(Illuminate\\Http\\Request))
#28 R:\\SoftwareFiles\\laragon\\www\\richminis\\vendor\\laravel\\framework\\src\\Illuminate\\Pipeline\\Pipeline.php(183): Illuminate\\Cookie\\Middleware\\AddQueuedCookiesToResponse->handle(Object(Illuminate\\Http\\Request), Object(Closure))
#29 R:\\SoftwareFiles\\laragon\\www\\richminis\\vendor\\laravel\\framework\\src\\Illuminate\\Pipeline\\Pipeline.php(119): Illuminate\\Pipeline\\Pipeline->Illuminate\\Pipeline\\{closure}(Object(Illuminate\\Http\\Request))
#30 R:\\SoftwareFiles\\laragon\\www\\richminis\\vendor\\laravel\\framework\\src\\Illuminate\\Routing\\Router.php(805): Illuminate\\Pipeline\\Pipeline->then(Object(Closure))
#31 R:\\SoftwareFiles\\laragon\\www\\richminis\\vendor\\laravel\\framework\\src\\Illuminate\\Routing\\Router.php(784): Illuminate\\Routing\\Router->runRouteWithinStack(Object(Illuminate\\Routing\\Route), Object(Illuminate\\Http\\Request))
#32 R:\\SoftwareFiles\\laragon\\www\\richminis\\vendor\\laravel\\framework\\src\\Illuminate\\Routing\\Router.php(748): Illuminate\\Routing\\Router->runRoute(Object(Illuminate\\Http\\Request), Object(Illuminate\\Routing\\Route))
#33 R:\\SoftwareFiles\\laragon\\www\\richminis\\vendor\\laravel\\framework\\src\\Illuminate\\Routing\\Router.php(737): Illuminate\\Routing\\Router->dispatchToRoute(Object(Illuminate\\Http\\Request))
#34 R:\\SoftwareFiles\\laragon\\www\\richminis\\vendor\\laravel\\framework\\src\\Illuminate\\Foundation\\Http\\Kernel.php(200): Illuminate\\Routing\\Router->dispatch(Object(Illuminate\\Http\\Request))
#35 R:\\SoftwareFiles\\laragon\\www\\richminis\\vendor\\laravel\\framework\\src\\Illuminate\\Pipeline\\Pipeline.php(144): Illuminate\\Foundation\\Http\\Kernel->Illuminate\\Foundation\\Http\\{closure}(Object(Illuminate\\Http\\Request))
#36 R:\\SoftwareFiles\\laragon\\www\\richminis\\vendor\\barryvdh\\laravel-debugbar\\src\\Middleware\\InjectDebugbar.php(59): Illuminate\\Pipeline\\Pipeline->Illuminate\\Pipeline\\{closure}(Object(Illuminate\\Http\\Request))
#37 R:\\SoftwareFiles\\laragon\\www\\richminis\\vendor\\laravel\\framework\\src\\Illuminate\\Pipeline\\Pipeline.php(183): Barryvdh\\Debugbar\\Middleware\\InjectDebugbar->handle(Object(Illuminate\\Http\\Request), Object(Closure))
#38 R:\\SoftwareFiles\\laragon\\www\\richminis\\vendor\\laravel\\framework\\src\\Illuminate\\View\\Middleware\\ShareErrorsFromSession.php(49): Illuminate\\Pipeline\\Pipeline->Illuminate\\Pipeline\\{closure}(Object(Illuminate\\Http\\Request))
#39 R:\\SoftwareFiles\\laragon\\www\\richminis\\vendor\\laravel\\framework\\src\\Illuminate\\Pipeline\\Pipeline.php(183): Illuminate\\View\\Middleware\\ShareErrorsFromSession->handle(Object(Illuminate\\Http\\Request), Object(Closure))
#40 R:\\SoftwareFiles\\laragon\\www\\richminis\\vendor\\laravel\\framework\\src\\Illuminate\\Session\\Middleware\\StartSession.php(121): Illuminate\\Pipeline\\Pipeline->Illuminate\\Pipeline\\{closure}(Object(Illuminate\\Http\\Request))
#41 R:\\SoftwareFiles\\laragon\\www\\richminis\\vendor\\laravel\\framework\\src\\Illuminate\\Session\\Middleware\\StartSession.php(64): Illuminate\\Session\\Middleware\\StartSession->handleStatefulRequest(Object(Illuminate\\Http\\Request), Object(Illuminate\\Session\\Store), Object(Closure))
#42 R:\\SoftwareFiles\\laragon\\www\\richminis\\vendor\\laravel\\framework\\src\\Illuminate\\Pipeline\\Pipeline.php(183): Illuminate\\Session\\Middleware\\StartSession->handle(Object(Illuminate\\Http\\Request), Object(Closure))
#43 R:\\SoftwareFiles\\laragon\\www\\richminis\\vendor\\laravel\\framework\\src\\Illuminate\\Http\\Middleware\\TrustProxies.php(39): Illuminate\\Pipeline\\Pipeline->Illuminate\\Pipeline\\{closure}(Object(Illuminate\\Http\\Request))
#44 R:\\SoftwareFiles\\laragon\\www\\richminis\\vendor\\laravel\\framework\\src\\Illuminate\\Pipeline\\Pipeline.php(183): Illuminate\\Http\\Middleware\\TrustProxies->handle(Object(Illuminate\\Http\\Request), Object(Closure))
#45 R:\\SoftwareFiles\\laragon\\www\\richminis\\vendor\\laravel\\framework\\src\\Illuminate\\Foundation\\Http\\Middleware\\TransformsRequest.php(21): Illuminate\\Pipeline\\Pipeline->Illuminate\\Pipeline\\{closure}(Object(Illuminate\\Http\\Request))
#46 R:\\SoftwareFiles\\laragon\\www\\richminis\\vendor\\laravel\\framework\\src\\Illuminate\\Foundation\\Http\\Middleware\\ConvertEmptyStringsToNull.php(31): Illuminate\\Foundation\\Http\\Middleware\\TransformsRequest->handle(Object(Illuminate\\Http\\Request), Object(Closure))
#47 R:\\SoftwareFiles\\laragon\\www\\richminis\\vendor\\laravel\\framework\\src\\Illuminate\\Pipeline\\Pipeline.php(183): Illuminate\\Foundation\\Http\\Middleware\\ConvertEmptyStringsToNull->handle(Object(Illuminate\\Http\\Request), Object(Closure))
#48 R:\\SoftwareFiles\\laragon\\www\\richminis\\vendor\\laravel\\framework\\src\\Illuminate\\Foundation\\Http\\Middleware\\TransformsRequest.php(21): Illuminate\\Pipeline\\Pipeline->Illuminate\\Pipeline\\{closure}(Object(Illuminate\\Http\\Request))
#49 R:\\SoftwareFiles\\laragon\\www\\richminis\\vendor\\laravel\\framework\\src\\Illuminate\\Foundation\\Http\\Middleware\\TrimStrings.php(40): Illuminate\\Foundation\\Http\\Middleware\\TransformsRequest->handle(Object(Illuminate\\Http\\Request), Object(Closure))
#50 R:\\SoftwareFiles\\laragon\\www\\richminis\\vendor\\laravel\\framework\\src\\Illuminate\\Pipeline\\Pipeline.php(183): Illuminate\\Foundation\\Http\\Middleware\\TrimStrings->handle(Object(Illuminate\\Http\\Request), Object(Closure))
#51 R:\\SoftwareFiles\\laragon\\www\\richminis\\vendor\\laravel\\framework\\src\\Illuminate\\Foundation\\Http\\Middleware\\ValidatePostSize.php(27): Illuminate\\Pipeline\\Pipeline->Illuminate\\Pipeline\\{closure}(Object(Illuminate\\Http\\Request))
#52 R:\\SoftwareFiles\\laragon\\www\\richminis\\vendor\\laravel\\framework\\src\\Illuminate\\Pipeline\\Pipeline.php(183): Illuminate\\Foundation\\Http\\Middleware\\ValidatePostSize->handle(Object(Illuminate\\Http\\Request), Object(Closure))
#53 R:\\SoftwareFiles\\laragon\\www\\richminis\\vendor\\laravel\\framework\\src\\Illuminate\\Pipeline\\Pipeline.php(119): Illuminate\\Pipeline\\Pipeline->Illuminate\\Pipeline\\{closure}(Object(Illuminate\\Http\\Request))
#54 R:\\SoftwareFiles\\laragon\\www\\richminis\\vendor\\laravel\\framework\\src\\Illuminate\\Foundation\\Http\\Kernel.php(175): Illuminate\\Pipeline\\Pipeline->then(Object(Closure))
#55 R:\\SoftwareFiles\\laragon\\www\\richminis\\vendor\\laravel\\framework\\src\\Illuminate\\Foundation\\Http\\Kernel.php(144): Illuminate\\Foundation\\Http\\Kernel->sendRequestThroughRouter(Object(Illuminate\\Http\\Request))
#56 R:\\SoftwareFiles\\laragon\\www\\richminis\\index.php(56): Illuminate\\Foundation\\Http\\Kernel->handle(Object(Illuminate\\Http\\Request))
#57 {main}

[previous exception] [object] (PDOException(code: 1049): SQLSTATE[HY000] [1049] Unknown database 'richhminis' at R:\\SoftwareFiles\\laragon\\www\\richminis\\vendor\\laravel\\framework\\src\\Illuminate\\Database\\Connectors\\Connector.php:65)
[stacktrace]
#0 R:\\SoftwareFiles\\laragon\\www\\richminis\\vendor\\laravel\\framework\\src\\Illuminate\\Database\\Connectors\\Connector.php(65): PDO->__construct('mysql:host=loca...', 'root', Object(SensitiveParameterValue), Array)
#1 R:\\SoftwareFiles\\laragon\\www\\richminis\\vendor\\laravel\\framework\\src\\Illuminate\\Database\\Connectors\\Connector.php(44): Illuminate\\Database\\Connectors\\Connector->createPdoConnection('mysql:host=loca...', 'root', '', Array)
#2 R:\\SoftwareFiles\\laragon\\www\\richminis\\vendor\\laravel\\framework\\src\\Illuminate\\Database\\Connectors\\MySqlConnector.php(24): Illuminate\\Database\\Connectors\\Connector->createConnection('mysql:host=loca...', Array, Array)
#3 R:\\SoftwareFiles\\laragon\\www\\richminis\\vendor\\laravel\\framework\\src\\Illuminate\\Database\\Connectors\\ConnectionFactory.php(184): Illuminate\\Database\\Connectors\\MySqlConnector->connect(Array)
#4 [internal function]: Illuminate\\Database\\Connectors\\ConnectionFactory->Illuminate\\Database\\Connectors\\{closure}()
#5 R:\\SoftwareFiles\\laragon\\www\\richminis\\vendor\\laravel\\framework\\src\\Illuminate\\Database\\Connection.php(1339): call_user_func(Object(Closure))
#6 R:\\SoftwareFiles\\laragon\\www\\richminis\\vendor\\laravel\\framework\\src\\Illuminate\\Database\\Connection.php(1375): Illuminate\\Database\\Connection->getPdo()
#7 R:\\SoftwareFiles\\laragon\\www\\richminis\\vendor\\laravel\\framework\\src\\Illuminate\\Database\\Connection.php(528): Illuminate\\Database\\Connection->getReadPdo()
#8 R:\\SoftwareFiles\\laragon\\www\\richminis\\vendor\\laravel\\framework\\src\\Illuminate\\Database\\Connection.php(423): Illuminate\\Database\\Connection->getPdoForSelect(true)
#9 R:\\SoftwareFiles\\laragon\\www\\richminis\\vendor\\laravel\\framework\\src\\Illuminate\\Database\\Connection.php(816): Illuminate\\Database\\Connection->Illuminate\\Database\\{closure}('select * from `...', Array)
#10 R:\\SoftwareFiles\\laragon\\www\\richminis\\vendor\\laravel\\framework\\src\\Illuminate\\Database\\Connection.php(783): Illuminate\\Database\\Connection->runQueryCallback('select * from `...', Array, Object(Closure))
#11 R:\\SoftwareFiles\\laragon\\www\\richminis\\vendor\\laravel\\framework\\src\\Illuminate\\Database\\Connection.php(414): Illuminate\\Database\\Connection->run('select * from `...', Array, Object(Closure))
#12 R:\\SoftwareFiles\\laragon\\www\\richminis\\vendor\\laravel\\framework\\src\\Illuminate\\Database\\Query\\Builder.php(2913): Illuminate\\Database\\Connection->select('select * from `...', Array, true)
#13 R:\\SoftwareFiles\\laragon\\www\\richminis\\vendor\\laravel\\framework\\src\\Illuminate\\Database\\Query\\Builder.php(2902): Illuminate\\Database\\Query\\Builder->runSelect()
#14 R:\\SoftwareFiles\\laragon\\www\\richminis\\vendor\\laravel\\framework\\src\\Illuminate\\Database\\Query\\Builder.php(3456): Illuminate\\Database\\Query\\Builder->Illuminate\\Database\\Query\\{closure}()
#15 R:\\SoftwareFiles\\laragon\\www\\richminis\\vendor\\laravel\\framework\\src\\Illuminate\\Database\\Query\\Builder.php(2901): Illuminate\\Database\\Query\\Builder->onceWithColumns(Array, Object(Closure))
#16 R:\\SoftwareFiles\\laragon\\www\\richminis\\vendor\\laravel\\framework\\src\\Illuminate\\Database\\Eloquent\\Builder.php(739): Illuminate\\Database\\Query\\Builder->get(Array)
#17 R:\\SoftwareFiles\\laragon\\www\\richminis\\vendor\\laravel\\framework\\src\\Illuminate\\Database\\Eloquent\\Builder.php(723): Illuminate\\Database\\Eloquent\\Builder->getModels(Array)
#18 R:\\SoftwareFiles\\laragon\\www\\richminis\\vendor\\laravel\\framework\\src\\Illuminate\\Database\\Concerns\\BuildsQueries.php(333): Illuminate\\Database\\Eloquent\\Builder->get(Array)
#19 R:\\SoftwareFiles\\laragon\\www\\richminis\\app\\Http\\Helpers.php(1891): Illuminate\\Database\\Eloquent\\Builder->first()
#20 R:\\SoftwareFiles\\laragon\\www\\richminis\\app\\Http\\Controllers\\HomeController.php(54): get_system_language()
#21 R:\\SoftwareFiles\\laragon\\www\\richminis\\vendor\\laravel\\framework\\src\\Illuminate\\Routing\\Controller.php(54): App\\Http\\Controllers\\HomeController->index()
#22 R:\\SoftwareFiles\\laragon\\www\\richminis\\vendor\\laravel\\framework\\src\\Illuminate\\Routing\\ControllerDispatcher.php(43): Illuminate\\Routing\\Controller->callAction('index', Array)
#23 R:\\SoftwareFiles\\laragon\\www\\richminis\\vendor\\laravel\\framework\\src\\Illuminate\\Routing\\Route.php(259): Illuminate\\Routing\\ControllerDispatcher->dispatch(Object(Illuminate\\Routing\\Route), Object(App\\Http\\Controllers\\HomeController), 'index')
#24 R:\\SoftwareFiles\\laragon\\www\\richminis\\vendor\\laravel\\framework\\src\\Illuminate\\Routing\\Route.php(205): Illuminate\\Routing\\Route->runController()
#25 R:\\SoftwareFiles\\laragon\\www\\richminis\\vendor\\laravel\\framework\\src\\Illuminate\\Routing\\Router.php(806): Illuminate\\Routing\\Route->run()
#26 R:\\SoftwareFiles\\laragon\\www\\richminis\\vendor\\laravel\\framework\\src\\Illuminate\\Pipeline\\Pipeline.php(144): Illuminate\\Routing\\Router->Illuminate\\Routing\\{closure}(Object(Illuminate\\Http\\Request))
#27 R:\\SoftwareFiles\\laragon\\www\\richminis\\app\\Http\\Middleware\\CheckForMaintenanceMode.php(64): Illuminate\\Pipeline\\Pipeline->Illuminate\\Pipeline\\{closure}(Object(Illuminate\\Http\\Request))
#28 R:\\SoftwareFiles\\laragon\\www\\richminis\\vendor\\laravel\\framework\\src\\Illuminate\\Pipeline\\Pipeline.php(183): App\\Http\\Middleware\\CheckForMaintenanceMode->handle(Object(Illuminate\\Http\\Request), Object(Closure))
#29 R:\\SoftwareFiles\\laragon\\www\\richminis\\app\\Http\\Middleware\\HttpsProtocol.php(20): Illuminate\\Pipeline\\Pipeline->Illuminate\\Pipeline\\{closure}(Object(Illuminate\\Http\\Request))
#30 R:\\SoftwareFiles\\laragon\\www\\richminis\\vendor\\laravel\\framework\\src\\Illuminate\\Pipeline\\Pipeline.php(183): App\\Http\\Middleware\\HttpsProtocol->handle(Object(Illuminate\\Http\\Request), Object(Closure))
#31 R:\\SoftwareFiles\\laragon\\www\\richminis\\app\\Http\\Middleware\\Language.php(35): Illuminate\\Pipeline\\Pipeline->Illuminate\\Pipeline\\{closure}(Object(Illuminate\\Http\\Request))
#32 R:\\SoftwareFiles\\laragon\\www\\richminis\\vendor\\laravel\\framework\\src\\Illuminate\\Pipeline\\Pipeline.php(183): App\\Http\\Middleware\\Language->handle(Object(Illuminate\\Http\\Request), Object(Closure))
#33 R:\\SoftwareFiles\\laragon\\www\\richminis\\vendor\\laravel\\framework\\src\\Illuminate\\Routing\\Middleware\\SubstituteBindings.php(50): Illuminate\\Pipeline\\Pipeline->Illuminate\\Pipeline\\{closure}(Object(Illuminate\\Http\\Request))
#34 R:\\SoftwareFiles\\laragon\\www\\richminis\\vendor\\laravel\\framework\\src\\Illuminate\\Pipeline\\Pipeline.php(183): Illuminate\\Routing\\Middleware\\SubstituteBindings->handle(Object(Illuminate\\Http\\Request), Object(Closure))
#35 R:\\SoftwareFiles\\laragon\\www\\richminis\\vendor\\laravel\\framework\\src\\Illuminate\\Foundation\\Http\\Middleware\\VerifyCsrfToken.php(78): Illuminate\\Pipeline\\Pipeline->Illuminate\\Pipeline\\{closure}(Object(Illuminate\\Http\\Request))
#36 R:\\SoftwareFiles\\laragon\\www\\richminis\\vendor\\laravel\\framework\\src\\Illuminate\\Pipeline\\Pipeline.php(183): Illuminate\\Foundation\\Http\\Middleware\\VerifyCsrfToken->handle(Object(Illuminate\\Http\\Request), Object(Closure))
#37 R:\\SoftwareFiles\\laragon\\www\\richminis\\vendor\\laravel\\framework\\src\\Illuminate\\Cookie\\Middleware\\AddQueuedCookiesToResponse.php(37): Illuminate\\Pipeline\\Pipeline->Illuminate\\Pipeline\\{closure}(Object(Illuminate\\Http\\Request))
#38 R:\\SoftwareFiles\\laragon\\www\\richminis\\vendor\\laravel\\framework\\src\\Illuminate\\Pipeline\\Pipeline.php(183): Illuminate\\Cookie\\Middleware\\AddQueuedCookiesToResponse->handle(Object(Illuminate\\Http\\Request), Object(Closure))
#39 R:\\SoftwareFiles\\laragon\\www\\richminis\\vendor\\laravel\\framework\\src\\Illuminate\\Pipeline\\Pipeline.php(119): Illuminate\\Pipeline\\Pipeline->Illuminate\\Pipeline\\{closure}(Object(Illuminate\\Http\\Request))
#40 R:\\SoftwareFiles\\laragon\\www\\richminis\\vendor\\laravel\\framework\\src\\Illuminate\\Routing\\Router.php(805): Illuminate\\Pipeline\\Pipeline->then(Object(Closure))
#41 R:\\SoftwareFiles\\laragon\\www\\richminis\\vendor\\laravel\\framework\\src\\Illuminate\\Routing\\Router.php(784): Illuminate\\Routing\\Router->runRouteWithinStack(Object(Illuminate\\Routing\\Route), Object(Illuminate\\Http\\Request))
#42 R:\\SoftwareFiles\\laragon\\www\\richminis\\vendor\\laravel\\framework\\src\\Illuminate\\Routing\\Router.php(748): Illuminate\\Routing\\Router->runRoute(Object(Illuminate\\Http\\Request), Object(Illuminate\\Routing\\Route))
#43 R:\\SoftwareFiles\\laragon\\www\\richminis\\vendor\\laravel\\framework\\src\\Illuminate\\Routing\\Router.php(737): Illuminate\\Routing\\Router->dispatchToRoute(Object(Illuminate\\Http\\Request))
#44 R:\\SoftwareFiles\\laragon\\www\\richminis\\vendor\\laravel\\framework\\src\\Illuminate\\Foundation\\Http\\Kernel.php(200): Illuminate\\Routing\\Router->dispatch(Object(Illuminate\\Http\\Request))
#45 R:\\SoftwareFiles\\laragon\\www\\richminis\\vendor\\laravel\\framework\\src\\Illuminate\\Pipeline\\Pipeline.php(144): Illuminate\\Foundation\\Http\\Kernel->Illuminate\\Foundation\\Http\\{closure}(Object(Illuminate\\Http\\Request))
#46 R:\\SoftwareFiles\\laragon\\www\\richminis\\vendor\\barryvdh\\laravel-debugbar\\src\\Middleware\\InjectDebugbar.php(59): Illuminate\\Pipeline\\Pipeline->Illuminate\\Pipeline\\{closure}(Object(Illuminate\\Http\\Request))
#47 R:\\SoftwareFiles\\laragon\\www\\richminis\\vendor\\laravel\\framework\\src\\Illuminate\\Pipeline\\Pipeline.php(183): Barryvdh\\Debugbar\\Middleware\\InjectDebugbar->handle(Object(Illuminate\\Http\\Request), Object(Closure))
#48 R:\\SoftwareFiles\\laragon\\www\\richminis\\vendor\\laravel\\framework\\src\\Illuminate\\View\\Middleware\\ShareErrorsFromSession.php(49): Illuminate\\Pipeline\\Pipeline->Illuminate\\Pipeline\\{closure}(Object(Illuminate\\Http\\Request))
#49 R:\\SoftwareFiles\\laragon\\www\\richminis\\vendor\\laravel\\framework\\src\\Illuminate\\Pipeline\\Pipeline.php(183): Illuminate\\View\\Middleware\\ShareErrorsFromSession->handle(Object(Illuminate\\Http\\Request), Object(Closure))
#50 R:\\SoftwareFiles\\laragon\\www\\richminis\\vendor\\laravel\\framework\\src\\Illuminate\\Session\\Middleware\\StartSession.php(121): Illuminate\\Pipeline\\Pipeline->Illuminate\\Pipeline\\{closure}(Object(Illuminate\\Http\\Request))
#51 R:\\SoftwareFiles\\laragon\\www\\richminis\\vendor\\laravel\\framework\\src\\Illuminate\\Session\\Middleware\\StartSession.php(64): Illuminate\\Session\\Middleware\\StartSession->handleStatefulRequest(Object(Illuminate\\Http\\Request), Object(Illuminate\\Session\\Store), Object(Closure))
#52 R:\\SoftwareFiles\\laragon\\www\\richminis\\vendor\\laravel\\framework\\src\\Illuminate\\Pipeline\\Pipeline.php(183): Illuminate\\Session\\Middleware\\StartSession->handle(Object(Illuminate\\Http\\Request), Object(Closure))
#53 R:\\SoftwareFiles\\laragon\\www\\richminis\\vendor\\laravel\\framework\\src\\Illuminate\\Http\\Middleware\\TrustProxies.php(39): Illuminate\\Pipeline\\Pipeline->Illuminate\\Pipeline\\{closure}(Object(Illuminate\\Http\\Request))
#54 R:\\SoftwareFiles\\laragon\\www\\richminis\\vendor\\laravel\\framework\\src\\Illuminate\\Pipeline\\Pipeline.php(183): Illuminate\\Http\\Middleware\\TrustProxies->handle(Object(Illuminate\\Http\\Request), Object(Closure))
#55 R:\\SoftwareFiles\\laragon\\www\\richminis\\vendor\\laravel\\framework\\src\\Illuminate\\Foundation\\Http\\Middleware\\TransformsRequest.php(21): Illuminate\\Pipeline\\Pipeline->Illuminate\\Pipeline\\{closure}(Object(Illuminate\\Http\\Request))
#56 R:\\SoftwareFiles\\laragon\\www\\richminis\\vendor\\laravel\\framework\\src\\Illuminate\\Foundation\\Http\\Middleware\\ConvertEmptyStringsToNull.php(31): Illuminate\\Foundation\\Http\\Middleware\\TransformsRequest->handle(Object(Illuminate\\Http\\Request), Object(Closure))
#57 R:\\SoftwareFiles\\laragon\\www\\richminis\\vendor\\laravel\\framework\\src\\Illuminate\\Pipeline\\Pipeline.php(183): Illuminate\\Foundation\\Http\\Middleware\\ConvertEmptyStringsToNull->handle(Object(Illuminate\\Http\\Request), Object(Closure))
#58 R:\\SoftwareFiles\\laragon\\www\\richminis\\vendor\\laravel\\framework\\src\\Illuminate\\Foundation\\Http\\Middleware\\TransformsRequest.php(21): Illuminate\\Pipeline\\Pipeline->Illuminate\\Pipeline\\{closure}(Object(Illuminate\\Http\\Request))
#59 R:\\SoftwareFiles\\laragon\\www\\richminis\\vendor\\laravel\\framework\\src\\Illuminate\\Foundation\\Http\\Middleware\\TrimStrings.php(40): Illuminate\\Foundation\\Http\\Middleware\\TransformsRequest->handle(Object(Illuminate\\Http\\Request), Object(Closure))
#60 R:\\SoftwareFiles\\laragon\\www\\richminis\\vendor\\laravel\\framework\\src\\Illuminate\\Pipeline\\Pipeline.php(183): Illuminate\\Foundation\\Http\\Middleware\\TrimStrings->handle(Object(Illuminate\\Http\\Request), Object(Closure))
#61 R:\\SoftwareFiles\\laragon\\www\\richminis\\vendor\\laravel\\framework\\src\\Illuminate\\Foundation\\Http\\Middleware\\ValidatePostSize.php(27): Illuminate\\Pipeline\\Pipeline->Illuminate\\Pipeline\\{closure}(Object(Illuminate\\Http\\Request))
#62 R:\\SoftwareFiles\\laragon\\www\\richminis\\vendor\\laravel\\framework\\src\\Illuminate\\Pipeline\\Pipeline.php(183): Illuminate\\Foundation\\Http\\Middleware\\ValidatePostSize->handle(Object(Illuminate\\Http\\Request), Object(Closure))
#63 R:\\SoftwareFiles\\laragon\\www\\richminis\\vendor\\laravel\\framework\\src\\Illuminate\\Pipeline\\Pipeline.php(119): Illuminate\\Pipeline\\Pipeline->Illuminate\\Pipeline\\{closure}(Object(Illuminate\\Http\\Request))
#64 R:\\SoftwareFiles\\laragon\\www\\richminis\\vendor\\laravel\\framework\\src\\Illuminate\\Foundation\\Http\\Kernel.php(175): Illuminate\\Pipeline\\Pipeline->then(Object(Closure))
#65 R:\\SoftwareFiles\\laragon\\www\\richminis\\vendor\\laravel\\framework\\src\\Illuminate\\Foundation\\Http\\Kernel.php(144): Illuminate\\Foundation\\Http\\Kernel->sendRequestThroughRouter(Object(Illuminate\\Http\\Request))
#66 R:\\SoftwareFiles\\laragon\\www\\richminis\\index.php(56): Illuminate\\Foundation\\Http\\Kernel->handle(Object(Illuminate\\Http\\Request))
#67 {main}
"} 
[2026-05-11 12:15:30] local.ERROR: SQLSTATE[HY000] [1049] Unknown database 'richhminis' (Connection: mysql, SQL: select * from `languages` where `code` = en limit 1) {"view":{"view":"R:\\SoftwareFiles\\laragon\\www\\richminis\\resources\\views\\frontend\\layouts\\app.blade.php","data":{"errors":"<pre class=sf-dump id=sf-dump-869090619 data-indent-pad=\"  \"><span class=sf-dump-note>Illuminate\\Support\\ViewErrorBag</span> {<a class=sf-dump-ref>#4299</a><samp data-depth=1 class=sf-dump-expanded>
  #<span class=sf-dump-protected title=\"Protected property\">bags</span>: []
</samp>}
</pre><script>Sfdump(\"sf-dump-869090619\", {\"maxDepth\":3,\"maxStringLength\":160})</script>
","exception":"<pre class=sf-dump id=sf-dump-1616538388 data-indent-pad=\"  \"><span class=sf-dump-note>Symfony\\Component\\HttpKernel\\Exception\\HttpException</span> {<a class=sf-dump-ref>#4305</a><samp data-depth=1 class=sf-dump-expanded>
  #<span class=sf-dump-protected title=\"Protected property\">message</span>: \"<span class=sf-dump-str title=\"130 characters\">SQLSTATE[HY000] [1049] Unknown database &#039;richhminis&#039; (Connection: mysql, SQL: select * from `languages` where `code` = en limit 1)</span>\"
  #<span class=sf-dump-protected title=\"Protected property\">code</span>: <span class=sf-dump-num>0</span>
  #<span class=sf-dump-protected title=\"Protected property\">file</span>: \"<span class=sf-dump-str title=\"R:\\SoftwareFiles\\laragon\\www\\richminis\\vendor\\laravel\\framework\\src\\Illuminate\\Foundation\\Exceptions\\Handler.php
112 characters\"><span class=\"sf-dump-ellipsis sf-dump-ellipsis-path\">R:\\SoftwareFiles\\laragon\\www\\richminis\\vendor</span><span class=\"sf-dump-ellipsis sf-dump-ellipsis-path\">\\laravel\\framework\\</span>src\\Illuminate\\Foundation\\Exceptions\\Handler.php</span>\"
  #<span class=sf-dump-protected title=\"Protected property\">line</span>: <span class=sf-dump-num>646</span>
  -<span class=sf-dump-private title=\"Private property defined in class:&#10;`Exception`\">previous</span>: <span class=sf-dump-note title=\"Illuminate\\Database\\QueryException
\"><span class=\"sf-dump-ellipsis sf-dump-ellipsis-note\">Illuminate\\Database</span><span class=\"sf-dump-ellipsis sf-dump-ellipsis-note\">\\</span>QueryException</span> {<a class=sf-dump-ref href=#sf-dump-1616538388-ref24272 title=\"6 occurrences\">#4272</a><samp data-depth=2 id=sf-dump-1616538388-ref24272 class=sf-dump-compact>
    #<span class=sf-dump-protected title=\"Protected property\">message</span>: \"<span class=sf-dump-str title=\"130 characters\">SQLSTATE[HY000] [1049] Unknown database &#039;richhminis&#039; (Connection: mysql, SQL: select * from `languages` where `code` = en limit 1)</span>\"
    #<span class=sf-dump-protected title=\"Protected property\">code</span>: <span class=sf-dump-num>1049</span>
    #<span class=sf-dump-protected title=\"Protected property\">file</span>: \"<span class=sf-dump-str title=\"R:\\SoftwareFiles\\laragon\\www\\richminis\\vendor\\laravel\\framework\\src\\Illuminate\\Database\\Connection.php
102 characters\"><span class=\"sf-dump-ellipsis sf-dump-ellipsis-path\">R:\\SoftwareFiles\\laragon\\www\\richminis\\vendor</span><span class=\"sf-dump-ellipsis sf-dump-ellipsis-path\">\\laravel\\framework\\</span>src\\Illuminate\\Database\\Connection.php</span>\"
    #<span class=sf-dump-protected title=\"Protected property\">line</span>: <span class=sf-dump-num>829</span>
    -<span class=sf-dump-private title=\"Private property defined in class:&#10;`Exception`\">previous</span>: <span class=sf-dump-note>PDOException</span> {<a class=sf-dump-ref>#4277</a><samp data-depth=3 class=sf-dump-compact>
      #<span class=sf-dump-protected title=\"Protected property\">message</span>: \"<span class=sf-dump-str title=\"52 characters\">SQLSTATE[HY000] [1049] Unknown database &#039;richhminis&#039;</span>\"
      #<span class=sf-dump-protected title=\"Protected property\">code</span>: <span class=sf-dump-num>1049</span>
      #<span class=sf-dump-protected title=\"Protected property\">file</span>: \"<span class=sf-dump-str title=\"R:\\SoftwareFiles\\laragon\\www\\richminis\\vendor\\laravel\\framework\\src\\Illuminate\\Database\\Connectors\\Connector.php
112 characters\"><span class=\"sf-dump-ellipsis sf-dump-ellipsis-path\">R:\\SoftwareFiles\\laragon\\www\\richminis\\vendor</span><span class=\"sf-dump-ellipsis sf-dump-ellipsis-path\">\\laravel\\framework\\</span>src\\Illuminate\\Database\\Connectors\\Connector.php</span>\"
      #<span class=sf-dump-protected title=\"Protected property\">line</span>: <span class=sf-dump-num>65</span>
      +<span class=sf-dump-public title=\"Public property\">errorInfo</span>: <span class=sf-dump-note>array:3</span> [ &#8230;3]
      <span class=sf-dump-meta>trace</span>: { &#8230;67}
    </samp>}
    +<span class=sf-dump-public title=\"Public property\">errorInfo</span>: <span class=sf-dump-note>array:3</span> [<samp data-depth=3 class=sf-dump-compact>
      <span class=sf-dump-index>0</span> => \"<span class=sf-dump-str title=\"5 characters\">HY000</span>\"
      <span class=sf-dump-index>1</span> => <span class=sf-dump-num>1049</span>
      <span class=sf-dump-index>2</span> => \"<span class=sf-dump-str title=\"29 characters\">Unknown database &#039;richhminis&#039;</span>\"
    </samp>]
    +<span class=sf-dump-public title=\"Public property\">connectionName</span>: \"<span class=sf-dump-str title=\"5 characters\">mysql</span>\"
    #<span class=sf-dump-protected title=\"Protected property\">sql</span>: \"<span class=sf-dump-str title=\"50 characters\">select * from `languages` where `code` = ? limit 1</span>\"
    #<span class=sf-dump-protected title=\"Protected property\">bindings</span>: <span class=sf-dump-note>array:1</span> [<samp data-depth=3 class=sf-dump-compact>
      <span class=sf-dump-index>0</span> => \"<span class=sf-dump-str title=\"2 characters\">en</span>\"
    </samp>]
    <span class=sf-dump-meta>trace</span>: {<samp data-depth=3 class=sf-dump-compact>
      <span class=sf-dump-meta title=\"R:\\SoftwareFiles\\laragon\\www\\richminis\\vendor\\laravel\\framework\\src\\Illuminate\\Database\\Connection.php:829
Stack level 58.\"><span class=\"sf-dump-ellipsis sf-dump-ellipsis-path\">R:\\SoftwareFiles\\laragon\\www\\richminis\\vendor</span><span class=\"sf-dump-ellipsis sf-dump-ellipsis-path\">\\laravel\\framework\\</span>src\\Illuminate\\Database\\Connection.php:829</span> { &#8230;4}
      <span class=sf-dump-meta title=\"R:\\SoftwareFiles\\laragon\\www\\richminis\\vendor\\laravel\\framework\\src\\Illuminate\\Database\\Connection.php:783
Stack level 57.\"><span class=\"sf-dump-ellipsis sf-dump-ellipsis-path\">R:\\SoftwareFiles\\laragon\\www\\richminis\\vendor</span><span class=\"sf-dump-ellipsis sf-dump-ellipsis-path\">\\laravel\\framework\\</span>src\\Illuminate\\Database\\Connection.php:783</span> { &#8230;5}
      <span class=sf-dump-meta title=\"R:\\SoftwareFiles\\laragon\\www\\richminis\\vendor\\laravel\\framework\\src\\Illuminate\\Database\\Connection.php:414
Stack level 56.\"><span class=\"sf-dump-ellipsis sf-dump-ellipsis-path\">R:\\SoftwareFiles\\laragon\\www\\richminis\\vendor</span><span class=\"sf-dump-ellipsis sf-dump-ellipsis-path\">\\laravel\\framework\\</span>src\\Illuminate\\Database\\Connection.php:414</span> { &#8230;5}
      <span class=sf-dump-meta title=\"R:\\SoftwareFiles\\laragon\\www\\richminis\\vendor\\laravel\\framework\\src\\Illuminate\\Database\\Query\\Builder.php:2913
Stack level 55.\"><span class=\"sf-dump-ellipsis sf-dump-ellipsis-path\">R:\\SoftwareFiles\\laragon\\www\\richminis\\vendor</span><span class=\"sf-dump-ellipsis sf-dump-ellipsis-path\">\\laravel\\framework\\</span>src\\Illuminate\\Database\\Query\\Builder.php:2913</span> { &#8230;5}
      <span class=sf-dump-meta title=\"R:\\SoftwareFiles\\laragon\\www\\richminis\\vendor\\laravel\\framework\\src\\Illuminate\\Database\\Query\\Builder.php:2902
Stack level 54.\"><span class=\"sf-dump-ellipsis sf-dump-ellipsis-path\">R:\\SoftwareFiles\\laragon\\www\\richminis\\vendor</span><span class=\"sf-dump-ellipsis sf-dump-ellipsis-path\">\\laravel\\framework\\</span>src\\Illuminate\\Database\\Query\\Builder.php:2902</span> { &#8230;4}
      <span class=sf-dump-meta title=\"R:\\SoftwareFiles\\laragon\\www\\richminis\\vendor\\laravel\\framework\\src\\Illuminate\\Database\\Query\\Builder.php:3456
Stack level 53.\"><span class=\"sf-dump-ellipsis sf-dump-ellipsis-path\">R:\\SoftwareFiles\\laragon\\www\\richminis\\vendor</span><span class=\"sf-dump-ellipsis sf-dump-ellipsis-path\">\\laravel\\framework\\</span>src\\Illuminate\\Database\\Query\\Builder.php:3456</span> { &#8230;4}
      <span class=sf-dump-meta title=\"R:\\SoftwareFiles\\laragon\\www\\richminis\\vendor\\laravel\\framework\\src\\Illuminate\\Database\\Query\\Builder.php:2901
Stack level 52.\"><span class=\"sf-dump-ellipsis sf-dump-ellipsis-path\">R:\\SoftwareFiles\\laragon\\www\\richminis\\vendor</span><span class=\"sf-dump-ellipsis sf-dump-ellipsis-path\">\\laravel\\framework\\</span>src\\Illuminate\\Database\\Query\\Builder.php:2901</span> { &#8230;5}
      <span class=sf-dump-meta title=\"R:\\SoftwareFiles\\laragon\\www\\richminis\\vendor\\laravel\\framework\\src\\Illuminate\\Database\\Eloquent\\Builder.php:739
Stack level 51.\"><span class=\"sf-dump-ellipsis sf-dump-ellipsis-path\">R:\\SoftwareFiles\\laragon\\www\\richminis\\vendor</span><span class=\"sf-dump-ellipsis sf-dump-ellipsis-path\">\\laravel\\framework\\</span>src\\Illuminate\\Database\\Eloquent\\Builder.php:739</span> { &#8230;5}
      <span class=sf-dump-meta title=\"R:\\SoftwareFiles\\laragon\\www\\richminis\\vendor\\laravel\\framework\\src\\Illuminate\\Database\\Eloquent\\Builder.php:723
Stack level 50.\"><span class=\"sf-dump-ellipsis sf-dump-ellipsis-path\">R:\\SoftwareFiles\\laragon\\www\\richminis\\vendor</span><span class=\"sf-dump-ellipsis sf-dump-ellipsis-path\">\\laravel\\framework\\</span>src\\Illuminate\\Database\\Eloquent\\Builder.php:723</span> { &#8230;5}
      <span class=sf-dump-meta title=\"R:\\SoftwareFiles\\laragon\\www\\richminis\\vendor\\laravel\\framework\\src\\Illuminate\\Database\\Concerns\\BuildsQueries.php:333
Stack level 49.\"><span class=\"sf-dump-ellipsis sf-dump-ellipsis-path\">R:\\SoftwareFiles\\laragon\\www\\richminis\\vendor</span><span class=\"sf-dump-ellipsis sf-dump-ellipsis-path\">\\laravel\\framework\\</span>src\\Illuminate\\Database\\Concerns\\BuildsQueries.php:333</span> { &#8230;5}
      <span class=sf-dump-meta title=\"R:\\SoftwareFiles\\laragon\\www\\richminis\\app\\Http\\Helpers.php:1891
Stack level 48.\"><span class=\"sf-dump-ellipsis sf-dump-ellipsis-path\">R:\\SoftwareFiles\\laragon\\www\\richminis</span><span class=\"sf-dump-ellipsis sf-dump-ellipsis-path\">\\</span>app\\Http\\Helpers.php:1891</span> { &#8230;4}
      <span class=sf-dump-meta title=\"R:\\SoftwareFiles\\laragon\\www\\richminis\\app\\Http\\Controllers\\HomeController.php:54
Stack level 47.\"><span class=\"sf-dump-ellipsis sf-dump-ellipsis-path\">R:\\SoftwareFiles\\laragon\\www\\richminis</span><span class=\"sf-dump-ellipsis sf-dump-ellipsis-path\">\\</span>app\\Http\\Controllers\\HomeController.php:54</span> { &#8230;4}
      <span class=sf-dump-meta title=\"R:\\SoftwareFiles\\laragon\\www\\richminis\\vendor\\laravel\\framework\\src\\Illuminate\\Routing\\Controller.php:54
Stack level 46.\"><span class=\"sf-dump-ellipsis sf-dump-ellipsis-path\">R:\\SoftwareFiles\\laragon\\www\\richminis\\vendor</span><span class=\"sf-dump-ellipsis sf-dump-ellipsis-path\">\\laravel\\framework\\</span>src\\Illuminate\\Routing\\Controller.php:54</span> { &#8230;4}
      <span class=sf-dump-meta title=\"R:\\SoftwareFiles\\laragon\\www\\richminis\\vendor\\laravel\\framework\\src\\Illuminate\\Routing\\ControllerDispatcher.php:43
Stack level 45.\"><span class=\"sf-dump-ellipsis sf-dump-ellipsis-path\">R:\\SoftwareFiles\\laragon\\www\\richminis\\vendor</span><span class=\"sf-dump-ellipsis sf-dump-ellipsis-path\">\\laravel\\framework\\</span>src\\Illuminate\\Routing\\ControllerDispatcher.php:43</span> { &#8230;5}
      <span class=sf-dump-meta title=\"R:\\SoftwareFiles\\laragon\\www\\richminis\\vendor\\laravel\\framework\\src\\Illuminate\\Routing\\Route.php:259
Stack level 44.\"><span class=\"sf-dump-ellipsis sf-dump-ellipsis-path\">R:\\SoftwareFiles\\laragon\\www\\richminis\\vendor</span><span class=\"sf-dump-ellipsis sf-dump-ellipsis-path\">\\laravel\\framework\\</span>src\\Illuminate\\Routing\\Route.php:259</span> { &#8230;5}
      <span class=sf-dump-meta title=\"R:\\SoftwareFiles\\laragon\\www\\richminis\\vendor\\laravel\\framework\\src\\Illuminate\\Routing\\Route.php:205
Stack level 43.\"><span class=\"sf-dump-ellipsis sf-dump-ellipsis-path\">R:\\SoftwareFiles\\laragon\\www\\richminis\\vendor</span><span class=\"sf-dump-ellipsis sf-dump-ellipsis-path\">\\laravel\\framework\\</span>src\\Illuminate\\Routing\\Route.php:205</span> { &#8230;4}
      <span class=sf-dump-meta title=\"R:\\SoftwareFiles\\laragon\\www\\richminis\\vendor\\laravel\\framework\\src\\Illuminate\\Routing\\Router.php:806
Stack level 42.\"><span class=\"sf-dump-ellipsis sf-dump-ellipsis-path\">R:\\SoftwareFiles\\laragon\\www\\richminis\\vendor</span><span class=\"sf-dump-ellipsis sf-dump-ellipsis-path\">\\laravel\\framework\\</span>src\\Illuminate\\Routing\\Router.php:806</span> { &#8230;4}
      <span class=sf-dump-meta title=\"R:\\SoftwareFiles\\laragon\\www\\richminis\\vendor\\laravel\\framework\\src\\Illuminate\\Pipeline\\Pipeline.php:144
Stack level 41.\"><span class=\"sf-dump-ellipsis sf-dump-ellipsis-path\">R:\\SoftwareFiles\\laragon\\www\\richminis\\vendor</span><span class=\"sf-dump-ellipsis sf-dump-ellipsis-path\">\\laravel\\framework\\</span>src\\Illuminate\\Pipeline\\Pipeline.php:144</span> { &#8230;5}
      <span class=sf-dump-meta title=\"R:\\SoftwareFiles\\laragon\\www\\richminis\\app\\Http\\Middleware\\CheckForMaintenanceMode.php:64
Stack level 40.\"><span class=\"sf-dump-ellipsis sf-dump-ellipsis-path\">R:\\SoftwareFiles\\laragon\\www\\richminis</span><span class=\"sf-dump-ellipsis sf-dump-ellipsis-path\">\\</span>app\\Http\\Middleware\\CheckForMaintenanceMode.php:64</span> { &#8230;5}
      <span class=sf-dump-meta title=\"R:\\SoftwareFiles\\laragon\\www\\richminis\\vendor\\laravel\\framework\\src\\Illuminate\\Pipeline\\Pipeline.php:183
Stack level 39.\"><span class=\"sf-dump-ellipsis sf-dump-ellipsis-path\">R:\\SoftwareFiles\\laragon\\www\\richminis\\vendor</span><span class=\"sf-dump-ellipsis sf-dump-ellipsis-path\">\\laravel\\framework\\</span>src\\Illuminate\\Pipeline\\Pipeline.php:183</span> { &#8230;5}
      <span class=sf-dump-meta title=\"R:\\SoftwareFiles\\laragon\\www\\richminis\\app\\Http\\Middleware\\HttpsProtocol.php:20
Stack level 38.\"><span class=\"sf-dump-ellipsis sf-dump-ellipsis-path\">R:\\SoftwareFiles\\laragon\\www\\richminis</span><span class=\"sf-dump-ellipsis sf-dump-ellipsis-path\">\\</span>app\\Http\\Middleware\\HttpsProtocol.php:20</span> { &#8230;5}
      <span class=sf-dump-meta title=\"R:\\SoftwareFiles\\laragon\\www\\richminis\\vendor\\laravel\\framework\\src\\Illuminate\\Pipeline\\Pipeline.php:183
Stack level 37.\"><span class=\"sf-dump-ellipsis sf-dump-ellipsis-path\">R:\\SoftwareFiles\\laragon\\www\\richminis\\vendor</span><span class=\"sf-dump-ellipsis sf-dump-ellipsis-path\">\\laravel\\framework\\</span>src\\Illuminate\\Pipeline\\Pipeline.php:183</span> { &#8230;5}
      <span class=sf-dump-meta title=\"R:\\SoftwareFiles\\laragon\\www\\richminis\\app\\Http\\Middleware\\Language.php:35
Stack level 36.\"><span class=\"sf-dump-ellipsis sf-dump-ellipsis-path\">R:\\SoftwareFiles\\laragon\\www\\richminis</span><span class=\"sf-dump-ellipsis sf-dump-ellipsis-path\">\\</span>app\\Http\\Middleware\\Language.php:35</span> { &#8230;5}
      <span class=sf-dump-meta title=\"R:\\SoftwareFiles\\laragon\\www\\richminis\\vendor\\laravel\\framework\\src\\Illuminate\\Pipeline\\Pipeline.php:183
Stack level 35.\"><span class=\"sf-dump-ellipsis sf-dump-ellipsis-path\">R:\\SoftwareFiles\\laragon\\www\\richminis\\vendor</span><span class=\"sf-dump-ellipsis sf-dump-ellipsis-path\">\\laravel\\framework\\</span>src\\Illuminate\\Pipeline\\Pipeline.php:183</span> { &#8230;5}
      <span class=sf-dump-meta title=\"R:\\SoftwareFiles\\laragon\\www\\richminis\\vendor\\laravel\\framework\\src\\Illuminate\\Routing\\Middleware\\SubstituteBindings.php:50
Stack level 34.\"><span class=\"sf-dump-ellipsis sf-dump-ellipsis-path\">R:\\SoftwareFiles\\laragon\\www\\richminis\\vendor</span><span class=\"sf-dump-ellipsis sf-dump-ellipsis-path\">\\laravel\\framework\\</span>src\\Illuminate\\Routing\\Middleware\\SubstituteBindings.php:50</span> { &#8230;5}
      <span class=sf-dump-meta title=\"R:\\SoftwareFiles\\laragon\\www\\richminis\\vendor\\laravel\\framework\\src\\Illuminate\\Pipeline\\Pipeline.php:183
Stack level 33.\"><span class=\"sf-dump-ellipsis sf-dump-ellipsis-path\">R:\\SoftwareFiles\\laragon\\www\\richminis\\vendor</span><span class=\"sf-dump-ellipsis sf-dump-ellipsis-path\">\\laravel\\framework\\</span>src\\Illuminate\\Pipeline\\Pipeline.php:183</span> { &#8230;5}
      <span class=sf-dump-meta title=\"R:\\SoftwareFiles\\laragon\\www\\richminis\\vendor\\laravel\\framework\\src\\Illuminate\\Foundation\\Http\\Middleware\\VerifyCsrfToken.php:78
Stack level 32.\"><span class=\"sf-dump-ellipsis sf-dump-ellipsis-path\">R:\\SoftwareFiles\\laragon\\www\\richminis\\vendor</span><span class=\"sf-dump-ellipsis sf-dump-ellipsis-path\">\\laravel\\framework\\</span>src\\Illuminate\\Foundation\\Http\\Middleware\\VerifyCsrfToken.php:78</span> { &#8230;5}
      <span class=sf-dump-meta title=\"R:\\SoftwareFiles\\laragon\\www\\richminis\\vendor\\laravel\\framework\\src\\Illuminate\\Pipeline\\Pipeline.php:183
Stack level 31.\"><span class=\"sf-dump-ellipsis sf-dump-ellipsis-path\">R:\\SoftwareFiles\\laragon\\www\\richminis\\vendor</span><span class=\"sf-dump-ellipsis sf-dump-ellipsis-path\">\\laravel\\framework\\</span>src\\Illuminate\\Pipeline\\Pipeline.php:183</span> { &#8230;5}
      <span class=sf-dump-meta title=\"R:\\SoftwareFiles\\laragon\\www\\richminis\\vendor\\laravel\\framework\\src\\Illuminate\\Cookie\\Middleware\\AddQueuedCookiesToResponse.php:37
Stack level 30.\"><span class=\"sf-dump-ellipsis sf-dump-ellipsis-path\">R:\\SoftwareFiles\\laragon\\www\\richminis\\vendor</span><span class=\"sf-dump-ellipsis sf-dump-ellipsis-path\">\\laravel\\framework\\</span>src\\Illuminate\\Cookie\\Middleware\\AddQueuedCookiesToResponse.php:37</span> { &#8230;5}
      <span class=sf-dump-meta title=\"R:\\SoftwareFiles\\laragon\\www\\richminis\\vendor\\laravel\\framework\\src\\Illuminate\\Pipeline\\Pipeline.php:183
Stack level 29.\"><span class=\"sf-dump-ellipsis sf-dump-ellipsis-path\">R:\\SoftwareFiles\\laragon\\www\\richminis\\vendor</span><span class=\"sf-dump-ellipsis sf-dump-ellipsis-path\">\\laravel\\framework\\</span>src\\Illuminate\\Pipeline\\Pipeline.php:183</span> { &#8230;5}
      <span class=sf-dump-meta title=\"R:\\SoftwareFiles\\laragon\\www\\richminis\\vendor\\laravel\\framework\\src\\Illuminate\\Pipeline\\Pipeline.php:119
Stack level 28.\"><span class=\"sf-dump-ellipsis sf-dump-ellipsis-path\">R:\\SoftwareFiles\\laragon\\www\\richminis\\vendor</span><span class=\"sf-dump-ellipsis sf-dump-ellipsis-path\">\\laravel\\framework\\</span>src\\Illuminate\\Pipeline\\Pipeline.php:119</span> { &#8230;5}
      <span class=sf-dump-meta title=\"R:\\SoftwareFiles\\laragon\\www\\richminis\\vendor\\laravel\\framework\\src\\Illuminate\\Routing\\Router.php:805
Stack level 27.\"><span class=\"sf-dump-ellipsis sf-dump-ellipsis-path\">R:\\SoftwareFiles\\laragon\\www\\richminis\\vendor</span><span class=\"sf-dump-ellipsis sf-dump-ellipsis-path\">\\laravel\\framework\\</span>src\\Illuminate\\Routing\\Router.php:805</span> { &#8230;5}
      <span class=sf-dump-meta title=\"R:\\SoftwareFiles\\laragon\\www\\richminis\\vendor\\laravel\\framework\\src\\Illuminate\\Routing\\Router.php:784
Stack level 26.\"><span class=\"sf-dump-ellipsis sf-dump-ellipsis-path\">R:\\SoftwareFiles\\laragon\\www\\richminis\\vendor</span><span class=\"sf-dump-ellipsis sf-dump-ellipsis-path\">\\laravel\\framework\\</span>src\\Illuminate\\Routing\\Router.php:784</span> { &#8230;5}
      <span class=sf-dump-meta title=\"R:\\SoftwareFiles\\laragon\\www\\richminis\\vendor\\laravel\\framework\\src\\Illuminate\\Routing\\Router.php:748
Stack level 25.\"><span class=\"sf-dump-ellipsis sf-dump-ellipsis-path\">R:\\SoftwareFiles\\laragon\\www\\richminis\\vendor</span><span class=\"sf-dump-ellipsis sf-dump-ellipsis-path\">\\laravel\\framework\\</span>src\\Illuminate\\Routing\\Router.php:748</span> { &#8230;5}
      <span class=sf-dump-meta title=\"R:\\SoftwareFiles\\laragon\\www\\richminis\\vendor\\laravel\\framework\\src\\Illuminate\\Routing\\Router.php:737
Stack level 24.\"><span class=\"sf-dump-ellipsis sf-dump-ellipsis-path\">R:\\SoftwareFiles\\laragon\\www\\richminis\\vendor</span><span class=\"sf-dump-ellipsis sf-dump-ellipsis-path\">\\laravel\\framework\\</span>src\\Illuminate\\Routing\\Router.php:737</span> { &#8230;5}
      <span class=sf-dump-meta title=\"R:\\SoftwareFiles\\laragon\\www\\richminis\\vendor\\laravel\\framework\\src\\Illuminate\\Foundation\\Http\\Kernel.php:200
Stack level 23.\"><span class=\"sf-dump-ellipsis sf-dump-ellipsis-path\">R:\\SoftwareFiles\\laragon\\www\\richminis\\vendor</span><span class=\"sf-dump-ellipsis sf-dump-ellipsis-path\">\\laravel\\framework\\</span>src\\Illuminate\\Foundation\\Http\\Kernel.php:200</span> { &#8230;5}
      <span class=sf-dump-meta title=\"R:\\SoftwareFiles\\laragon\\www\\richminis\\vendor\\laravel\\framework\\src\\Illuminate\\Pipeline\\Pipeline.php:144
Stack level 22.\"><span class=\"sf-dump-ellipsis sf-dump-ellipsis-path\">R:\\SoftwareFiles\\laragon\\www\\richminis\\vendor</span><span class=\"sf-dump-ellipsis sf-dump-ellipsis-path\">\\laravel\\framework\\</span>src\\Illuminate\\Pipeline\\Pipeline.php:144</span> { &#8230;5}
      <span class=sf-dump-meta title=\"R:\\SoftwareFiles\\laragon\\www\\richminis\\vendor\\barryvdh\\laravel-debugbar\\src\\Middleware\\InjectDebugbar.php:59
Stack level 21.\"><span class=\"sf-dump-ellipsis sf-dump-ellipsis-path\">R:\\SoftwareFiles\\laragon\\www\\richminis\\vendor</span><span class=\"sf-dump-ellipsis sf-dump-ellipsis-path\">\\barryvdh\\laravel-debugbar\\</span>src\\Middleware\\InjectDebugbar.php:59</span> { &#8230;5}
      <span class=sf-dump-meta title=\"R:\\SoftwareFiles\\laragon\\www\\richminis\\vendor\\laravel\\framework\\src\\Illuminate\\Pipeline\\Pipeline.php:183
Stack level 20.\"><span class=\"sf-dump-ellipsis sf-dump-ellipsis-path\">R:\\SoftwareFiles\\laragon\\www\\richminis\\vendor</span><span class=\"sf-dump-ellipsis sf-dump-ellipsis-path\">\\laravel\\framework\\</span>src\\Illuminate\\Pipeline\\Pipeline.php:183</span> { &#8230;5}
      <span class=sf-dump-meta title=\"R:\\SoftwareFiles\\laragon\\www\\richminis\\vendor\\laravel\\framework\\src\\Illuminate\\View\\Middleware\\ShareErrorsFromSession.php:49
Stack level 19.\"><span class=\"sf-dump-ellipsis sf-dump-ellipsis-path\">R:\\SoftwareFiles\\laragon\\www\\richminis\\vendor</span><span class=\"sf-dump-ellipsis sf-dump-ellipsis-path\">\\laravel\\framework\\</span>src\\Illuminate\\View\\Middleware\\ShareErrorsFromSession.php:49</span> { &#8230;5}
      <span class=sf-dump-meta title=\"R:\\SoftwareFiles\\laragon\\www\\richminis\\vendor\\laravel\\framework\\src\\Illuminate\\Pipeline\\Pipeline.php:183
Stack level 18.\"><span class=\"sf-dump-ellipsis sf-dump-ellipsis-path\">R:\\SoftwareFiles\\laragon\\www\\richminis\\vendor</span><span class=\"sf-dump-ellipsis sf-dump-ellipsis-path\">\\laravel\\framework\\</span>src\\Illuminate\\Pipeline\\Pipeline.php:183</span> { &#8230;5}
      <span class=sf-dump-meta title=\"R:\\SoftwareFiles\\laragon\\www\\richminis\\vendor\\laravel\\framework\\src\\Illuminate\\Session\\Middleware\\StartSession.php:121
Stack level 17.\"><span class=\"sf-dump-ellipsis sf-dump-ellipsis-path\">R:\\SoftwareFiles\\laragon\\www\\richminis\\vendor</span><span class=\"sf-dump-ellipsis sf-dump-ellipsis-path\">\\laravel\\framework\\</span>src\\Illuminate\\Session\\Middleware\\StartSession.php:121</span> { &#8230;5}
      <span class=sf-dump-meta title=\"R:\\SoftwareFiles\\laragon\\www\\richminis\\vendor\\laravel\\framework\\src\\Illuminate\\Session\\Middleware\\StartSession.php:64
Stack level 16.\"><span class=\"sf-dump-ellipsis sf-dump-ellipsis-path\">R:\\SoftwareFiles\\laragon\\www\\richminis\\vendor</span><span class=\"sf-dump-ellipsis sf-dump-ellipsis-path\">\\laravel\\framework\\</span>src\\Illuminate\\Session\\Middleware\\StartSession.php:64</span> { &#8230;5}
      <span class=sf-dump-meta title=\"R:\\SoftwareFiles\\laragon\\www\\richminis\\vendor\\laravel\\framework\\src\\Illuminate\\Pipeline\\Pipeline.php:183
Stack level 15.\"><span class=\"sf-dump-ellipsis sf-dump-ellipsis-path\">R:\\SoftwareFiles\\laragon\\www\\richminis\\vendor</span><span class=\"sf-dump-ellipsis sf-dump-ellipsis-path\">\\laravel\\framework\\</span>src\\Illuminate\\Pipeline\\Pipeline.php:183</span> { &#8230;5}
      <span class=sf-dump-meta title=\"R:\\SoftwareFiles\\laragon\\www\\richminis\\vendor\\laravel\\framework\\src\\Illuminate\\Http\\Middleware\\TrustProxies.php:39
Stack level 14.\"><span class=\"sf-dump-ellipsis sf-dump-ellipsis-path\">R:\\SoftwareFiles\\laragon\\www\\richminis\\vendor</span><span class=\"sf-dump-ellipsis sf-dump-ellipsis-path\">\\laravel\\framework\\</span>src\\Illuminate\\Http\\Middleware\\TrustProxies.php:39</span> { &#8230;5}
      <span class=sf-dump-meta title=\"R:\\SoftwareFiles\\laragon\\www\\richminis\\vendor\\laravel\\framework\\src\\Illuminate\\Pipeline\\Pipeline.php:183
Stack level 13.\"><span class=\"sf-dump-ellipsis sf-dump-ellipsis-path\">R:\\SoftwareFiles\\laragon\\www\\richminis\\vendor</span><span class=\"sf-dump-ellipsis sf-dump-ellipsis-path\">\\laravel\\framework\\</span>src\\Illuminate\\Pipeline\\Pipeline.php:183</span> { &#8230;5}
      <span class=sf-dump-meta title=\"R:\\SoftwareFiles\\laragon\\www\\richminis\\vendor\\laravel\\framework\\src\\Illuminate\\Foundation\\Http\\Middleware\\TransformsRequest.php:21
Stack level 12.\"><span class=\"sf-dump-ellipsis sf-dump-ellipsis-path\">R:\\SoftwareFiles\\laragon\\www\\richminis\\vendor</span><span class=\"sf-dump-ellipsis sf-dump-ellipsis-path\">\\laravel\\framework\\</span>src\\Illuminate\\Foundation\\Http\\Middleware\\TransformsRequest.php:21</span> { &#8230;5}
      <span class=sf-dump-meta title=\"R:\\SoftwareFiles\\laragon\\www\\richminis\\vendor\\laravel\\framework\\src\\Illuminate\\Foundation\\Http\\Middleware\\ConvertEmptyStringsToNull.php:31
Stack level 11.\"><span class=\"sf-dump-ellipsis sf-dump-ellipsis-path\">R:\\SoftwareFiles\\laragon\\www\\richminis\\vendor</span><span class=\"sf-dump-ellipsis sf-dump-ellipsis-path\">\\laravel\\framework\\</span>src\\Illuminate\\Foundation\\Http\\Middleware\\ConvertEmptyStringsToNull.php:31</span> { &#8230;5}
      <span class=sf-dump-meta title=\"R:\\SoftwareFiles\\laragon\\www\\richminis\\vendor\\laravel\\framework\\src\\Illuminate\\Pipeline\\Pipeline.php:183
Stack level 10.\"><span class=\"sf-dump-ellipsis sf-dump-ellipsis-path\">R:\\SoftwareFiles\\laragon\\www\\richminis\\vendor</span><span class=\"sf-dump-ellipsis sf-dump-ellipsis-path\">\\laravel\\framework\\</span>src\\Illuminate\\Pipeline\\Pipeline.php:183</span> { &#8230;5}
      <span class=sf-dump-meta title=\"R:\\SoftwareFiles\\laragon\\www\\richminis\\vendor\\laravel\\framework\\src\\Illuminate\\Foundation\\Http\\Middleware\\TransformsRequest.php:21
Stack level 9.\"><span class=\"sf-dump-ellipsis sf-dump-ellipsis-path\">R:\\SoftwareFiles\\laragon\\www\\richminis\\vendor</span><span class=\"sf-dump-ellipsis sf-dump-ellipsis-path\">\\laravel\\framework\\</span>src\\Illuminate\\Foundation\\Http\\Middleware\\TransformsRequest.php:21</span> { &#8230;5}
      <span class=sf-dump-meta title=\"R:\\SoftwareFiles\\laragon\\www\\richminis\\vendor\\laravel\\framework\\src\\Illuminate\\Foundation\\Http\\Middleware\\TrimStrings.php:40
Stack level 8.\"><span class=\"sf-dump-ellipsis sf-dump-ellipsis-path\">R:\\SoftwareFiles\\laragon\\www\\richminis\\vendor</span><span class=\"sf-dump-ellipsis sf-dump-ellipsis-path\">\\laravel\\framework\\</span>src\\Illuminate\\Foundation\\Http\\Middleware\\TrimStrings.php:40</span> { &#8230;5}
      <span class=sf-dump-meta title=\"R:\\SoftwareFiles\\laragon\\www\\richminis\\vendor\\laravel\\framework\\src\\Illuminate\\Pipeline\\Pipeline.php:183
Stack level 7.\"><span class=\"sf-dump-ellipsis sf-dump-ellipsis-path\">R:\\SoftwareFiles\\laragon\\www\\richminis\\vendor</span><span class=\"sf-dump-ellipsis sf-dump-ellipsis-path\">\\laravel\\framework\\</span>src\\Illuminate\\Pipeline\\Pipeline.php:183</span> { &#8230;5}
      <span class=sf-dump-meta title=\"R:\\SoftwareFiles\\laragon\\www\\richminis\\vendor\\laravel\\framework\\src\\Illuminate\\Foundation\\Http\\Middleware\\ValidatePostSize.php:27
Stack level 6.\"><span class=\"sf-dump-ellipsis sf-dump-ellipsis-path\">R:\\SoftwareFiles\\laragon\\www\\richminis\\vendor</span><span class=\"sf-dump-ellipsis sf-dump-ellipsis-path\">\\laravel\\framework\\</span>src\\Illuminate\\Foundation\\Http\\Middleware\\ValidatePostSize.php:27</span> { &#8230;5}
      <span class=sf-dump-meta title=\"R:\\SoftwareFiles\\laragon\\www\\richminis\\vendor\\laravel\\framework\\src\\Illuminate\\Pipeline\\Pipeline.php:183
Stack level 5.\"><span class=\"sf-dump-ellipsis sf-dump-ellipsis-path\">R:\\SoftwareFiles\\laragon\\www\\richminis\\vendor</span><span class=\"sf-dump-ellipsis sf-dump-ellipsis-path\">\\laravel\\framework\\</span>src\\Illuminate\\Pipeline\\Pipeline.php:183</span> { &#8230;5}
      <span class=sf-dump-meta title=\"R:\\SoftwareFiles\\laragon\\www\\richminis\\vendor\\laravel\\framework\\src\\Illuminate\\Pipeline\\Pipeline.php:119
Stack level 4.\"><span class=\"sf-dump-ellipsis sf-dump-ellipsis-path\">R:\\SoftwareFiles\\laragon\\www\\richminis\\vendor</span><span class=\"sf-dump-ellipsis sf-dump-ellipsis-path\">\\laravel\\framework\\</span>src\\Illuminate\\Pipeline\\Pipeline.php:119</span> { &#8230;5}
      <span class=sf-dump-meta title=\"R:\\SoftwareFiles\\laragon\\www\\richminis\\vendor\\laravel\\framework\\src\\Illuminate\\Foundation\\Http\\Kernel.php:175
Stack level 3.\"><span class=\"sf-dump-ellipsis sf-dump-ellipsis-path\">R:\\SoftwareFiles\\laragon\\www\\richminis\\vendor</span><span class=\"sf-dump-ellipsis sf-dump-ellipsis-path\">\\laravel\\framework\\</span>src\\Illuminate\\Foundation\\Http\\Kernel.php:175</span> { &#8230;5}
      <span class=sf-dump-meta title=\"R:\\SoftwareFiles\\laragon\\www\\richminis\\vendor\\laravel\\framework\\src\\Illuminate\\Foundation\\Http\\Kernel.php:144
Stack level 2.\"><span class=\"sf-dump-ellipsis sf-dump-ellipsis-path\">R:\\SoftwareFiles\\laragon\\www\\richminis\\vendor</span><span class=\"sf-dump-ellipsis sf-dump-ellipsis-path\">\\laravel\\framework\\</span>src\\Illuminate\\Foundation\\Http\\Kernel.php:144</span> { &#8230;5}
      <span class=sf-dump-meta title=\"R:\\SoftwareFiles\\laragon\\www\\richminis\\index.php:56
Stack level 1.\"><span class=\"sf-dump-ellipsis sf-dump-ellipsis-path\">R:\\SoftwareFiles\\laragon\\www\\richminis</span><span class=\"sf-dump-ellipsis sf-dump-ellipsis-path\">\\</span>index.php:56</span> { &#8230;4}
    </samp>}
  </samp>}
  -<span class=sf-dump-private title=\"Private property defined in class:&#10;`Symfony\\Component\\HttpKernel\\Exception\\HttpException`\">statusCode</span>: <span class=sf-dump-num>500</span>
  -<span class=sf-dump-private title=\"Private property defined in class:&#10;`Symfony\\Component\\HttpKernel\\Exception\\HttpException`\">headers</span>: []
  <span class=sf-dump-meta>trace</span>: {<samp data-depth=2 class=sf-dump-compact>
    <span class=sf-dump-meta title=\"R:\\SoftwareFiles\\laragon\\www\\richminis\\vendor\\laravel\\framework\\src\\Illuminate\\Foundation\\Exceptions\\Handler.php:646
Stack level 46.\"><span class=\"sf-dump-ellipsis sf-dump-ellipsis-path\">R:\\SoftwareFiles\\laragon\\www\\richminis\\vendor</span><span class=\"sf-dump-ellipsis sf-dump-ellipsis-path\">\\laravel\\framework\\</span>src\\Illuminate\\Foundation\\Exceptions\\Handler.php:646</span> {<samp data-depth=3 class=sf-dump-compact>
      <span class=sf-dump-note title=\"Illuminate\\Foundation\\Exceptions\\Handler-&gt;prepareResponse($request, Throwable $e)
\"><span class=\"sf-dump-ellipsis sf-dump-ellipsis-note\">Illuminate\\Foundation\\Exceptions</span><span class=\"sf-dump-ellipsis sf-dump-ellipsis-note\">\\</span>Handler-&gt;prepareResponse($request, Throwable $e)</span> &#8230;
      &#8250; <code class=\"php\"><span class=sf-dump-default>if (! $this-&gt;isHttpException($e)) {</span></code>
      &#8250; <code class=\"php\"><span class=sf-dump-const title=\"in Illuminate\\Foundation\\Exceptions\\Handler-&gt;prepareResponse($request, Throwable $e)\">    $e = new HttpException(500, $e-&gt;getMessage(), $e);</span></code>
      &#8250; <code class=\"php\"><span class=sf-dump-default>}</span></code>
    </samp>}
    <span class=sf-dump-meta title=\"R:\\SoftwareFiles\\laragon\\www\\richminis\\vendor\\laravel\\framework\\src\\Illuminate\\Foundation\\Exceptions\\Handler.php:556
Stack level 45.\"><span class=\"sf-dump-ellipsis sf-dump-ellipsis-path\">R:\\SoftwareFiles\\laragon\\www\\richminis\\vendor</span><span class=\"sf-dump-ellipsis sf-dump-ellipsis-path\">\\laravel\\framework\\</span>src\\Illuminate\\Foundation\\Exceptions\\Handler.php:556</span> {<samp data-depth=3 class=sf-dump-compact>
      <span class=sf-dump-note title=\"Illuminate\\Foundation\\Exceptions\\Handler-&gt;renderExceptionResponse($request, Throwable $e)
\"><span class=\"sf-dump-ellipsis sf-dump-ellipsis-note\">Illuminate\\Foundation\\Exceptions</span><span class=\"sf-dump-ellipsis sf-dump-ellipsis-note\">\\</span>Handler-&gt;renderExceptionResponse($request, Throwable $e)</span> &#8230;
      &#8250; <code class=\"php\"><span class=sf-dump-default>                ? $this-&gt;prepareJsonResponse($request, $e)</span></code>
      &#8250; <code class=\"php\"><span class=sf-dump-const title=\"in Illuminate\\Foundation\\Exceptions\\Handler-&gt;renderExceptionResponse($request, Throwable $e)\">                : $this-&gt;prepareResponse($request, $e);</span></code>
      &#8250; <code class=\"php\"><span class=sf-dump-default>}</span></code>
      <span class=sf-dump-meta>arguments</span>: { &#8230;2}
    </samp>}
    <span class=sf-dump-meta title=\"R:\\SoftwareFiles\\laragon\\www\\richminis\\vendor\\laravel\\framework\\src\\Illuminate\\Foundation\\Exceptions\\Handler.php:473
Stack level 44.\"><span class=\"sf-dump-ellipsis sf-dump-ellipsis-path\">R:\\SoftwareFiles\\laragon\\www\\richminis\\vendor</span><span class=\"sf-dump-ellipsis sf-dump-ellipsis-path\">\\laravel\\framework\\</span>src\\Illuminate\\Foundation\\Exceptions\\Handler.php:473</span> {<samp data-depth=3 class=sf-dump-compact>
      <span class=sf-dump-note title=\"Illuminate\\Foundation\\Exceptions\\Handler-&gt;render($request, Throwable $e)
\"><span class=\"sf-dump-ellipsis sf-dump-ellipsis-note\">Illuminate\\Foundation\\Exceptions</span><span class=\"sf-dump-ellipsis sf-dump-ellipsis-note\">\\</span>Handler-&gt;render($request, Throwable $e)</span> &#8230;
      &#8250; <code class=\"php\"><span class=sf-dump-default>    $e instanceof ValidationException =&gt; $this-&gt;convertValidationExceptionToResponse($e, $request),</span></code>
      &#8250; <code class=\"php\"><span class=sf-dump-const title=\"in Illuminate\\Foundation\\Exceptions\\Handler-&gt;render($request, Throwable $e)\">    default =&gt; $this-&gt;renderExceptionResponse($request, $e),</span></code>
      &#8250; <code class=\"php\"><span class=sf-dump-default>};</span></code>
      <span class=sf-dump-meta>arguments</span>: { &#8230;2}
    </samp>}
    <span class=sf-dump-meta title=\"R:\\SoftwareFiles\\laragon\\www\\richminis\\app\\Exceptions\\Handler.php:59
Stack level 43.\"><span class=\"sf-dump-ellipsis sf-dump-ellipsis-path\">R:\\SoftwareFiles\\laragon\\www\\richminis</span><span class=\"sf-dump-ellipsis sf-dump-ellipsis-path\">\\</span>app\\Exceptions\\Handler.php:59</span> {<samp data-depth=3 class=sf-dump-compact>
      <span class=sf-dump-note title=\"App\\Exceptions\\Handler-&gt;render($request, Throwable $e)
\"><span class=\"sf-dump-ellipsis sf-dump-ellipsis-note\">App\\Exceptions</span><span class=\"sf-dump-ellipsis sf-dump-ellipsis-note\">\\</span>Handler-&gt;render($request, Throwable $e)</span> &#8230;
      &#8250; <code class=\"php\"><span class=sf-dump-default>{<span class=\"sf-dump-default sf-dump-ns\">\\r</span></span></code>
      &#8250; <code class=\"php\"><span class=sf-dump-const title=\"in App\\Exceptions\\Handler-&gt;render($request, Throwable $e)\">    return parent::render($request, $e);<span class=\"sf-dump-default sf-dump-ns\">\\r</span></span></code>
      &#8250; <code class=\"php\"><span class=sf-dump-default>}<span class=\"sf-dump-default sf-dump-ns\">\\r</span></span></code>
      <span class=sf-dump-meta>arguments</span>: { &#8230;2}
    </samp>}
    <span class=sf-dump-meta title=\"R:\\SoftwareFiles\\laragon\\www\\richminis\\vendor\\laravel\\framework\\src\\Illuminate\\Routing\\Pipeline.php:51
Stack level 42.\"><span class=\"sf-dump-ellipsis sf-dump-ellipsis-path\">R:\\SoftwareFiles\\laragon\\www\\richminis\\vendor</span><span class=\"sf-dump-ellipsis sf-dump-ellipsis-path\">\\laravel\\framework\\</span>src\\Illuminate\\Routing\\Pipeline.php:51</span> {<samp data-depth=3 class=sf-dump-compact>
      <span class=sf-dump-note title=\"Illuminate\\Routing\\Pipeline-&gt;handleException($passable, Throwable $e)
\"><span class=\"sf-dump-ellipsis sf-dump-ellipsis-note\">Illuminate\\Routing</span><span class=\"sf-dump-ellipsis sf-dump-ellipsis-note\">\\</span>Pipeline-&gt;handleException($passable, Throwable $e)</span> &#8230;
      &#8250; 
      &#8250; <code class=\"php\"><span class=sf-dump-const title=\"in Illuminate\\Routing\\Pipeline-&gt;handleException($passable, Throwable $e)\">$response = $handler-&gt;render($passable, $e);</span></code>
      &#8250; 
      <span class=sf-dump-meta>arguments</span>: { &#8230;2}
    </samp>}
    <span class=sf-dump-meta title=\"R:\\SoftwareFiles\\laragon\\www\\richminis\\vendor\\laravel\\framework\\src\\Illuminate\\Pipeline\\Pipeline.php:146
Stack level 41.\"><span class=\"sf-dump-ellipsis sf-dump-ellipsis-path\">R:\\SoftwareFiles\\laragon\\www\\richminis\\vendor</span><span class=\"sf-dump-ellipsis sf-dump-ellipsis-path\">\\laravel\\framework\\</span>src\\Illuminate\\Pipeline\\Pipeline.php:146</span> {<samp data-depth=3 class=sf-dump-compact>
      <span class=sf-dump-note title=\"Illuminate\\Pipeline\\Pipeline-&gt;Illuminate\\Pipeline\\{closure}
\"><span class=\"sf-dump-ellipsis sf-dump-ellipsis-note\">Illuminate\\Pipeline\\Pipeline-&gt;Illuminate\\Pipeline</span><span class=\"sf-dump-ellipsis sf-dump-ellipsis-note\">\\</span>{closure}</span> &#8230;
      &#8250; <code class=\"php\"><span class=sf-dump-default>} catch (Throwable $e) {</span></code>
      &#8250; <code class=\"php\"><span class=sf-dump-const title=\"in Illuminate\\Pipeline\\Pipeline-&gt;Illuminate\\Pipeline\\{closure}\">    return $this-&gt;handleException($passable, $e);</span></code>
      &#8250; <code class=\"php\"><span class=sf-dump-default>}</span></code>
      <span class=sf-dump-meta>arguments</span>: { &#8230;2}
    </samp>}
    <span class=sf-dump-meta title=\"R:\\SoftwareFiles\\laragon\\www\\richminis\\app\\Http\\Middleware\\CheckForMaintenanceMode.php:64
Stack level 40.\"><span class=\"sf-dump-ellipsis sf-dump-ellipsis-path\">R:\\SoftwareFiles\\laragon\\www\\richminis</span><span class=\"sf-dump-ellipsis sf-dump-ellipsis-path\">\\</span>app\\Http\\Middleware\\CheckForMaintenanceMode.php:64</span> {<samp data-depth=3 class=sf-dump-compact>
      <span class=sf-dump-note title=\"App\\Http\\Middleware\\CheckForMaintenanceMode-&gt;handle($request, Closure $next)
\"><span class=\"sf-dump-ellipsis sf-dump-ellipsis-note\">App\\Http\\Middleware</span><span class=\"sf-dump-ellipsis sf-dump-ellipsis-note\">\\</span>CheckForMaintenanceMode-&gt;handle($request, Closure $next)</span> &#8230;
      &#8250; <code class=\"php\"><span class=sf-dump-default><span class=\"sf-dump-default sf-dump-ns\">\\r</span></span></code>
      &#8250; <code class=\"php\"><span class=sf-dump-const title=\"in App\\Http\\Middleware\\CheckForMaintenanceMode-&gt;handle($request, Closure $next)\">    return $next($request);<span class=\"sf-dump-default sf-dump-ns\">\\r</span></span></code>
      &#8250; <code class=\"php\"><span class=sf-dump-default>}<span class=\"sf-dump-default sf-dump-ns\">\\r</span></span></code>
      <span class=sf-dump-meta>arguments</span>: { &#8230;1}
    </samp>}
    <span class=sf-dump-meta title=\"R:\\SoftwareFiles\\laragon\\www\\richminis\\vendor\\laravel\\framework\\src\\Illuminate\\Pipeline\\Pipeline.php:183
Stack level 39.\"><span class=\"sf-dump-ellipsis sf-dump-ellipsis-path\">R:\\SoftwareFiles\\laragon\\www\\richminis\\vendor</span><span class=\"sf-dump-ellipsis sf-dump-ellipsis-path\">\\laravel\\framework\\</span>src\\Illuminate\\Pipeline\\Pipeline.php:183</span> {<samp data-depth=3 class=sf-dump-compact>
      <span class=sf-dump-note title=\"Illuminate\\Pipeline\\Pipeline-&gt;Illuminate\\Pipeline\\{closure}
\"><span class=\"sf-dump-ellipsis sf-dump-ellipsis-note\">Illuminate\\Pipeline\\Pipeline-&gt;Illuminate\\Pipeline</span><span class=\"sf-dump-ellipsis sf-dump-ellipsis-note\">\\</span>{closure}</span> &#8230;
      &#8250; <code class=\"php\"><span class=sf-dump-default>$carry = method_exists($pipe, $this-&gt;method)</span></code>
      &#8250; <code class=\"php\"><span class=sf-dump-const title=\"in Illuminate\\Pipeline\\Pipeline-&gt;Illuminate\\Pipeline\\{closure}\">                ? $pipe-&gt;{$this-&gt;method}(...$parameters)</span></code>
      &#8250; <code class=\"php\"><span class=sf-dump-default>                : $pipe(...$parameters);</span></code>
      <span class=sf-dump-meta>arguments</span>: { &#8230;2}
    </samp>}
    <span class=sf-dump-meta title=\"R:\\SoftwareFiles\\laragon\\www\\richminis\\app\\Http\\Middleware\\HttpsProtocol.php:20
Stack level 38.\"><span class=\"sf-dump-ellipsis sf-dump-ellipsis-path\">R:\\SoftwareFiles\\laragon\\www\\richminis</span><span class=\"sf-dump-ellipsis sf-dump-ellipsis-path\">\\</span>app\\Http\\Middleware\\HttpsProtocol.php:20</span> {<samp data-depth=3 class=sf-dump-compact>
      <span class=sf-dump-note title=\"App\\Http\\Middleware\\HttpsProtocol-&gt;handle($request, Closure $next)
\"><span class=\"sf-dump-ellipsis sf-dump-ellipsis-note\">App\\Http\\Middleware</span><span class=\"sf-dump-ellipsis sf-dump-ellipsis-note\">\\</span>HttpsProtocol-&gt;handle($request, Closure $next)</span> &#8230;
      &#8250; <code class=\"php\"><span class=sf-dump-default>    }<span class=\"sf-dump-default sf-dump-ns\">\\r</span></span></code>
      &#8250; <code class=\"php\"><span class=sf-dump-const title=\"in App\\Http\\Middleware\\HttpsProtocol-&gt;handle($request, Closure $next)\">    return $next($request);<span class=\"sf-dump-default sf-dump-ns\">\\r</span></span></code>
      &#8250; <code class=\"php\"><span class=sf-dump-default>}<span class=\"sf-dump-default sf-dump-ns\">\\r</span></span></code>
      <span class=sf-dump-meta>arguments</span>: { &#8230;1}
    </samp>}
    <span class=sf-dump-meta title=\"R:\\SoftwareFiles\\laragon\\www\\richminis\\vendor\\laravel\\framework\\src\\Illuminate\\Pipeline\\Pipeline.php:183
Stack level 37.\"><span class=\"sf-dump-ellipsis sf-dump-ellipsis-path\">R:\\SoftwareFiles\\laragon\\www\\richminis\\vendor</span><span class=\"sf-dump-ellipsis sf-dump-ellipsis-path\">\\laravel\\framework\\</span>src\\Illuminate\\Pipeline\\Pipeline.php:183</span> {<samp data-depth=3 class=sf-dump-compact>
      <span class=sf-dump-note title=\"Illuminate\\Pipeline\\Pipeline-&gt;Illuminate\\Pipeline\\{closure}
\"><span class=\"sf-dump-ellipsis sf-dump-ellipsis-note\">Illuminate\\Pipeline\\Pipeline-&gt;Illuminate\\Pipeline</span><span class=\"sf-dump-ellipsis sf-dump-ellipsis-note\">\\</span>{closure}</span> &#8230;
      &#8250; <code class=\"php\"><span class=sf-dump-default>$carry = method_exists($pipe, $this-&gt;method)</span></code>
      &#8250; <code class=\"php\"><span class=sf-dump-const title=\"in Illuminate\\Pipeline\\Pipeline-&gt;Illuminate\\Pipeline\\{closure}\">                ? $pipe-&gt;{$this-&gt;method}(...$parameters)</span></code>
      &#8250; <code class=\"php\"><span class=sf-dump-default>                : $pipe(...$parameters);</span></code>
      <span class=sf-dump-meta>arguments</span>: { &#8230;2}
    </samp>}
    <span class=sf-dump-meta title=\"R:\\SoftwareFiles\\laragon\\www\\richminis\\app\\Http\\Middleware\\Language.php:35
Stack level 36.\"><span class=\"sf-dump-ellipsis sf-dump-ellipsis-path\">R:\\SoftwareFiles\\laragon\\www\\richminis</span><span class=\"sf-dump-ellipsis sf-dump-ellipsis-path\">\\</span>app\\Http\\Middleware\\Language.php:35</span> {<samp data-depth=3 class=sf-dump-compact>
      <span class=sf-dump-note title=\"App\\Http\\Middleware\\Language-&gt;handle($request, Closure $next)
\"><span class=\"sf-dump-ellipsis sf-dump-ellipsis-note\">App\\Http\\Middleware</span><span class=\"sf-dump-ellipsis sf-dump-ellipsis-note\">\\</span>Language-&gt;handle($request, Closure $next)</span> &#8230;
      &#8250; <code class=\"php\"><span class=sf-dump-default><span class=\"sf-dump-default sf-dump-ns\">\\r</span></span></code>
      &#8250; <code class=\"php\"><span class=sf-dump-const title=\"in App\\Http\\Middleware\\Language-&gt;handle($request, Closure $next)\">    return $next($request);<span class=\"sf-dump-default sf-dump-ns\">\\r</span></span></code>
      &#8250; <code class=\"php\"><span class=sf-dump-default>}<span class=\"sf-dump-default sf-dump-ns\">\\r</span></span></code>
      <span class=sf-dump-meta>arguments</span>: { &#8230;1}
    </samp>}
    <span class=sf-dump-meta title=\"R:\\SoftwareFiles\\laragon\\www\\richminis\\vendor\\laravel\\framework\\src\\Illuminate\\Pipeline\\Pipeline.php:183
Stack level 35.\"><span class=\"sf-dump-ellipsis sf-dump-ellipsis-path\">R:\\SoftwareFiles\\laragon\\www\\richminis\\vendor</span><span class=\"sf-dump-ellipsis sf-dump-ellipsis-path\">\\laravel\\framework\\</span>src\\Illuminate\\Pipeline\\Pipeline.php:183</span> {<samp data-depth=3 class=sf-dump-compact>
      <span class=sf-dump-note title=\"Illuminate\\Pipeline\\Pipeline-&gt;Illuminate\\Pipeline\\{closure}
\"><span class=\"sf-dump-ellipsis sf-dump-ellipsis-note\">Illuminate\\Pipeline\\Pipeline-&gt;Illuminate\\Pipeline</span><span class=\"sf-dump-ellipsis sf-dump-ellipsis-note\">\\</span>{closure}</span> &#8230;
      &#8250; <code class=\"php\"><span class=sf-dump-default>$carry = method_exists($pipe, $this-&gt;method)</span></code>
      &#8250; <code class=\"php\"><span class=sf-dump-const title=\"in Illuminate\\Pipeline\\Pipeline-&gt;Illuminate\\Pipeline\\{closure}\">                ? $pipe-&gt;{$this-&gt;method}(...$parameters)</span></code>
      &#8250; <code class=\"php\"><span class=sf-dump-default>                : $pipe(...$parameters);</span></code>
      <span class=sf-dump-meta>arguments</span>: { &#8230;2}
    </samp>}
    <span class=sf-dump-meta title=\"R:\\SoftwareFiles\\laragon\\www\\richminis\\vendor\\laravel\\framework\\src\\Illuminate\\Routing\\Middleware\\SubstituteBindings.php:50
Stack level 34.\"><span class=\"sf-dump-ellipsis sf-dump-ellipsis-path\">R:\\SoftwareFiles\\laragon\\www\\richminis\\vendor</span><span class=\"sf-dump-ellipsis sf-dump-ellipsis-path\">\\laravel\\framework\\</span>src\\Illuminate\\Routing\\Middleware\\SubstituteBindings.php:50</span> {<samp data-depth=3 class=sf-dump-compact>
      <span class=sf-dump-note title=\"Illuminate\\Routing\\Middleware\\SubstituteBindings-&gt;handle($request, Closure $next)
\"><span class=\"sf-dump-ellipsis sf-dump-ellipsis-note\">Illuminate\\Routing\\Middleware</span><span class=\"sf-dump-ellipsis sf-dump-ellipsis-note\">\\</span>SubstituteBindings-&gt;handle($request, Closure $next)</span> &#8230;
      &#8250; 
      &#8250; <code class=\"php\"><span class=sf-dump-const title=\"in Illuminate\\Routing\\Middleware\\SubstituteBindings-&gt;handle($request, Closure $next)\">    return $next($request);</span></code>
      &#8250; <code class=\"php\"><span class=sf-dump-default>}</span></code>
      <span class=sf-dump-meta>arguments</span>: { &#8230;1}
    </samp>}
    <span class=sf-dump-meta title=\"R:\\SoftwareFiles\\laragon\\www\\richminis\\vendor\\laravel\\framework\\src\\Illuminate\\Pipeline\\Pipeline.php:183
Stack level 33.\"><span class=\"sf-dump-ellipsis sf-dump-ellipsis-path\">R:\\SoftwareFiles\\laragon\\www\\richminis\\vendor</span><span class=\"sf-dump-ellipsis sf-dump-ellipsis-path\">\\laravel\\framework\\</span>src\\Illuminate\\Pipeline\\Pipeline.php:183</span> {<samp data-depth=3 class=sf-dump-compact>
      <span class=sf-dump-note title=\"Illuminate\\Pipeline\\Pipeline-&gt;Illuminate\\Pipeline\\{closure}
\"><span class=\"sf-dump-ellipsis sf-dump-ellipsis-note\">Illuminate\\Pipeline\\Pipeline-&gt;Illuminate\\Pipeline</span><span class=\"sf-dump-ellipsis sf-dump-ellipsis-note\">\\</span>{closure}</span> &#8230;
      &#8250; <code class=\"php\"><span class=sf-dump-default>$carry = method_exists($pipe, $this-&gt;method)</span></code>
      &#8250; <code class=\"php\"><span class=sf-dump-const title=\"in Illuminate\\Pipeline\\Pipeline-&gt;Illuminate\\Pipeline\\{closure}\">                ? $pipe-&gt;{$this-&gt;method}(...$parameters)</span></code>
      &#8250; <code class=\"php\"><span class=sf-dump-default>                : $pipe(...$parameters);</span></code>
      <span class=sf-dump-meta>arguments</span>: { &#8230;2}
    </samp>}
    <span class=sf-dump-meta title=\"R:\\SoftwareFiles\\laragon\\www\\richminis\\vendor\\laravel\\framework\\src\\Illuminate\\Foundation\\Http\\Middleware\\VerifyCsrfToken.php:78
Stack level 32.\"><span class=\"sf-dump-ellipsis sf-dump-ellipsis-path\">R:\\SoftwareFiles\\laragon\\www\\richminis\\vendor</span><span class=\"sf-dump-ellipsis sf-dump-ellipsis-path\">\\laravel\\framework\\</span>src\\Illuminate\\Foundation\\Http\\Middleware\\VerifyCsrfToken.php:78</span> {<samp data-depth=3 class=sf-dump-compact>
      <span class=sf-dump-note title=\"Illuminate\\Foundation\\Http\\Middleware\\VerifyCsrfToken-&gt;handle($request, Closure $next)
\"><span class=\"sf-dump-ellipsis sf-dump-ellipsis-note\">Illuminate\\Foundation\\Http\\Middleware</span><span class=\"sf-dump-ellipsis sf-dump-ellipsis-note\">\\</span>VerifyCsrfToken-&gt;handle($request, Closure $next)</span> &#8230;
      &#8250; <code class=\"php\"><span class=sf-dump-default>) {</span></code>
      &#8250; <code class=\"php\"><span class=sf-dump-const title=\"in Illuminate\\Foundation\\Http\\Middleware\\VerifyCsrfToken-&gt;handle($request, Closure $next)\">    return tap($next($request), function ($response) use ($request) {</span></code>
      &#8250; <code class=\"php\"><span class=sf-dump-default>        if ($this-&gt;shouldAddXsrfTokenCookie()) {</span></code>
      <span class=sf-dump-meta>arguments</span>: { &#8230;1}
    </samp>}
    <span class=sf-dump-meta title=\"R:\\SoftwareFiles\\laragon\\www\\richminis\\vendor\\laravel\\framework\\src\\Illuminate\\Pipeline\\Pipeline.php:183
Stack level 31.\"><span class=\"sf-dump-ellipsis sf-dump-ellipsis-path\">R:\\SoftwareFiles\\laragon\\www\\richminis\\vendor</span><span class=\"sf-dump-ellipsis sf-dump-ellipsis-path\">\\laravel\\framework\\</span>src\\Illuminate\\Pipeline\\Pipeline.php:183</span> {<samp data-depth=3 class=sf-dump-compact>
      <span class=sf-dump-note title=\"Illuminate\\Pipeline\\Pipeline-&gt;Illuminate\\Pipeline\\{closure}
\"><span class=\"sf-dump-ellipsis sf-dump-ellipsis-note\">Illuminate\\Pipeline\\Pipeline-&gt;Illuminate\\Pipeline</span><span class=\"sf-dump-ellipsis sf-dump-ellipsis-note\">\\</span>{closure}</span> &#8230;
      &#8250; <code class=\"php\"><span class=sf-dump-default>$carry = method_exists($pipe, $this-&gt;method)</span></code>
      &#8250; <code class=\"php\"><span class=sf-dump-const title=\"in Illuminate\\Pipeline\\Pipeline-&gt;Illuminate\\Pipeline\\{closure}\">                ? $pipe-&gt;{$this-&gt;method}(...$parameters)</span></code>
      &#8250; <code class=\"php\"><span class=sf-dump-default>                : $pipe(...$parameters);</span></code>
      <span class=sf-dump-meta>arguments</span>: { &#8230;2}
    </samp>}
    <span class=sf-dump-meta title=\"R:\\SoftwareFiles\\laragon\\www\\richminis\\vendor\\laravel\\framework\\src\\Illuminate\\Cookie\\Middleware\\AddQueuedCookiesToResponse.php:37
Stack level 30.\"><span class=\"sf-dump-ellipsis sf-dump-ellipsis-path\">R:\\SoftwareFiles\\laragon\\www\\richminis\\vendor</span><span class=\"sf-dump-ellipsis sf-dump-ellipsis-path\">\\laravel\\framework\\</span>src\\Illuminate\\Cookie\\Middleware\\AddQueuedCookiesToResponse.php:37</span> {<samp data-depth=3 class=sf-dump-compact>
      <span class=sf-dump-note title=\"Illuminate\\Cookie\\Middleware\\AddQueuedCookiesToResponse-&gt;handle($request, Closure $next)
\"><span class=\"sf-dump-ellipsis sf-dump-ellipsis-note\">Illuminate\\Cookie\\Middleware</span><span class=\"sf-dump-ellipsis sf-dump-ellipsis-note\">\\</span>AddQueuedCookiesToResponse-&gt;handle($request, Closure $next)</span> &#8230;
      &#8250; <code class=\"php\"><span class=sf-dump-default>{</span></code>
      &#8250; <code class=\"php\"><span class=sf-dump-const title=\"in Illuminate\\Cookie\\Middleware\\AddQueuedCookiesToResponse-&gt;handle($request, Closure $next)\">    $response = $next($request);</span></code>
      &#8250; 
      <span class=sf-dump-meta>arguments</span>: { &#8230;1}
    </samp>}
    <span class=sf-dump-meta title=\"R:\\SoftwareFiles\\laragon\\www\\richminis\\vendor\\laravel\\framework\\src\\Illuminate\\Pipeline\\Pipeline.php:183
Stack level 29.\"><span class=\"sf-dump-ellipsis sf-dump-ellipsis-path\">R:\\SoftwareFiles\\laragon\\www\\richminis\\vendor</span><span class=\"sf-dump-ellipsis sf-dump-ellipsis-path\">\\laravel\\framework\\</span>src\\Illuminate\\Pipeline\\Pipeline.php:183</span> {<samp data-depth=3 class=sf-dump-compact>
      <span class=sf-dump-note title=\"Illuminate\\Pipeline\\Pipeline-&gt;Illuminate\\Pipeline\\{closure}
\"><span class=\"sf-dump-ellipsis sf-dump-ellipsis-note\">Illuminate\\Pipeline\\Pipeline-&gt;Illuminate\\Pipeline</span><span class=\"sf-dump-ellipsis sf-dump-ellipsis-note\">\\</span>{closure}</span> &#8230;
      &#8250; <code class=\"php\"><span class=sf-dump-default>$carry = method_exists($pipe, $this-&gt;method)</span></code>
      &#8250; <code class=\"php\"><span class=sf-dump-const title=\"in Illuminate\\Pipeline\\Pipeline-&gt;Illuminate\\Pipeline\\{closure}\">                ? $pipe-&gt;{$this-&gt;method}(...$parameters)</span></code>
      &#8250; <code class=\"php\"><span class=sf-dump-default>                : $pipe(...$parameters);</span></code>
      <span class=sf-dump-meta>arguments</span>: { &#8230;2}
    </samp>}
    <span class=sf-dump-meta title=\"R:\\SoftwareFiles\\laragon\\www\\richminis\\vendor\\laravel\\framework\\src\\Illuminate\\Pipeline\\Pipeline.php:119
Stack level 28.\"><span class=\"sf-dump-ellipsis sf-dump-ellipsis-path\">R:\\SoftwareFiles\\laragon\\www\\richminis\\vendor</span><span class=\"sf-dump-ellipsis sf-dump-ellipsis-path\">\\laravel\\framework\\</span>src\\Illuminate\\Pipeline\\Pipeline.php:119</span> {<samp data-depth=3 class=sf-dump-compact>
      <span class=sf-dump-note title=\"Illuminate\\Pipeline\\Pipeline-&gt;then(Closure $destination)
\"><span class=\"sf-dump-ellipsis sf-dump-ellipsis-note\">Illuminate\\Pipeline</span><span class=\"sf-dump-ellipsis sf-dump-ellipsis-note\">\\</span>Pipeline-&gt;then(Closure $destination)</span> &#8230;
      &#8250; 
      &#8250; <code class=\"php\"><span class=sf-dump-const title=\"in Illuminate\\Pipeline\\Pipeline-&gt;then(Closure $destination)\">    return $pipeline($this-&gt;passable);</span></code>
      &#8250; <code class=\"php\"><span class=sf-dump-default>}</span></code>
      <span class=sf-dump-meta>arguments</span>: { &#8230;1}
    </samp>}
    <span class=sf-dump-meta title=\"R:\\SoftwareFiles\\laragon\\www\\richminis\\vendor\\laravel\\framework\\src\\Illuminate\\Routing\\Router.php:805
Stack level 27.\"><span class=\"sf-dump-ellipsis sf-dump-ellipsis-path\">R:\\SoftwareFiles\\laragon\\www\\richminis\\vendor</span><span class=\"sf-dump-ellipsis sf-dump-ellipsis-path\">\\laravel\\framework\\</span>src\\Illuminate\\Routing\\Router.php:805</span> {<samp data-depth=3 class=sf-dump-compact>
      <span class=sf-dump-note title=\"Illuminate\\Routing\\Router-&gt;runRouteWithinStack(Route $route, Request $request)
\"><span class=\"sf-dump-ellipsis sf-dump-ellipsis-note\">Illuminate\\Routing</span><span class=\"sf-dump-ellipsis sf-dump-ellipsis-note\">\\</span>Router-&gt;runRouteWithinStack(Route $route, Request $request)</span> &#8230;
      &#8250; <code class=\"php\"><span class=sf-dump-default>-&gt;through($middleware)</span></code>
      &#8250; <code class=\"php\"><span class=sf-dump-const title=\"in Illuminate\\Routing\\Router-&gt;runRouteWithinStack(Route $route, Request $request)\">-&gt;then(fn ($request) =&gt; $this-&gt;prepareResponse(</span></code>
      &#8250; <code class=\"php\"><span class=sf-dump-default>    $request, $route-&gt;run()</span></code>
      <span class=sf-dump-meta>arguments</span>: { &#8230;1}
    </samp>}
    <span class=sf-dump-meta title=\"R:\\SoftwareFiles\\laragon\\www\\richminis\\vendor\\laravel\\framework\\src\\Illuminate\\Routing\\Router.php:784
Stack level 26.\"><span class=\"sf-dump-ellipsis sf-dump-ellipsis-path\">R:\\SoftwareFiles\\laragon\\www\\richminis\\vendor</span><span class=\"sf-dump-ellipsis sf-dump-ellipsis-path\">\\laravel\\framework\\</span>src\\Illuminate\\Routing\\Router.php:784</span> {<samp data-depth=3 class=sf-dump-compact>
      <span class=sf-dump-note title=\"Illuminate\\Routing\\Router-&gt;runRoute(Request $request, Route $route)
\"><span class=\"sf-dump-ellipsis sf-dump-ellipsis-note\">Illuminate\\Routing</span><span class=\"sf-dump-ellipsis sf-dump-ellipsis-note\">\\</span>Router-&gt;runRoute(Request $request, Route $route)</span> &#8230;
      &#8250; <code class=\"php\"><span class=sf-dump-default>return $this-&gt;prepareResponse($request,</span></code>
      &#8250; <code class=\"php\"><span class=sf-dump-const title=\"in Illuminate\\Routing\\Router-&gt;runRoute(Request $request, Route $route)\">    $this-&gt;runRouteWithinStack($route, $request)</span></code>
      &#8250; <code class=\"php\"><span class=sf-dump-default>);</span></code>
      <span class=sf-dump-meta>arguments</span>: { &#8230;2}
    </samp>}
    <span class=sf-dump-meta title=\"R:\\SoftwareFiles\\laragon\\www\\richminis\\vendor\\laravel\\framework\\src\\Illuminate\\Routing\\Router.php:748
Stack level 25.\"><span class=\"sf-dump-ellipsis sf-dump-ellipsis-path\">R:\\SoftwareFiles\\laragon\\www\\richminis\\vendor</span><span class=\"sf-dump-ellipsis sf-dump-ellipsis-path\">\\laravel\\framework\\</span>src\\Illuminate\\Routing\\Router.php:748</span> {<samp data-depth=3 class=sf-dump-compact>
      <span class=sf-dump-note title=\"Illuminate\\Routing\\Router-&gt;dispatchToRoute(Request $request)
\"><span class=\"sf-dump-ellipsis sf-dump-ellipsis-note\">Illuminate\\Routing</span><span class=\"sf-dump-ellipsis sf-dump-ellipsis-note\">\\</span>Router-&gt;dispatchToRoute(Request $request)</span> &#8230;
      &#8250; <code class=\"php\"><span class=sf-dump-default>{</span></code>
      &#8250; <code class=\"php\"><span class=sf-dump-const title=\"in Illuminate\\Routing\\Router-&gt;dispatchToRoute(Request $request)\">    return $this-&gt;runRoute($request, $this-&gt;findRoute($request));</span></code>
      &#8250; <code class=\"php\"><span class=sf-dump-default>}</span></code>
      <span class=sf-dump-meta>arguments</span>: { &#8230;2}
    </samp>}
    <span class=sf-dump-meta title=\"R:\\SoftwareFiles\\laragon\\www\\richminis\\vendor\\laravel\\framework\\src\\Illuminate\\Routing\\Router.php:737
Stack level 24.\"><span class=\"sf-dump-ellipsis sf-dump-ellipsis-path\">R:\\SoftwareFiles\\laragon\\www\\richminis\\vendor</span><span class=\"sf-dump-ellipsis sf-dump-ellipsis-path\">\\laravel\\framework\\</span>src\\Illuminate\\Routing\\Router.php:737</span> {<samp data-depth=3 class=sf-dump-compact>
      <span class=sf-dump-note title=\"Illuminate\\Routing\\Router-&gt;dispatch(Request $request)
\"><span class=\"sf-dump-ellipsis sf-dump-ellipsis-note\">Illuminate\\Routing</span><span class=\"sf-dump-ellipsis sf-dump-ellipsis-note\">\\</span>Router-&gt;dispatch(Request $request)</span> &#8230;
      &#8250; 
      &#8250; <code class=\"php\"><span class=sf-dump-const title=\"in Illuminate\\Routing\\Router-&gt;dispatch(Request $request)\">    return $this-&gt;dispatchToRoute($request);</span></code>
      &#8250; <code class=\"php\"><span class=sf-dump-default>}</span></code>
      <span class=sf-dump-meta>arguments</span>: { &#8230;1}
    </samp>}
    <span class=sf-dump-meta title=\"R:\\SoftwareFiles\\laragon\\www\\richminis\\vendor\\laravel\\framework\\src\\Illuminate\\Foundation\\Http\\Kernel.php:200
Stack level 23.\"><span class=\"sf-dump-ellipsis sf-dump-ellipsis-path\">R:\\SoftwareFiles\\laragon\\www\\richminis\\vendor</span><span class=\"sf-dump-ellipsis sf-dump-ellipsis-path\">\\laravel\\framework\\</span>src\\Illuminate\\Foundation\\Http\\Kernel.php:200</span> {<samp data-depth=3 class=sf-dump-compact>
      <span class=sf-dump-note title=\"Illuminate\\Foundation\\Http\\Kernel-&gt;Illuminate\\Foundation\\Http\\{closure}
\"><span class=\"sf-dump-ellipsis sf-dump-ellipsis-note\">Illuminate\\Foundation\\Http\\Kernel-&gt;Illuminate\\Foundation\\Http</span><span class=\"sf-dump-ellipsis sf-dump-ellipsis-note\">\\</span>{closure}</span> &#8230;
      &#8250; 
      &#8250; <code class=\"php\"><span class=sf-dump-const title=\"in Illuminate\\Foundation\\Http\\Kernel-&gt;Illuminate\\Foundation\\Http\\{closure}\">    return $this-&gt;router-&gt;dispatch($request);</span></code>
      &#8250; <code class=\"php\"><span class=sf-dump-default>};</span></code>
      <span class=sf-dump-meta>arguments</span>: { &#8230;1}
    </samp>}
    <span class=sf-dump-meta title=\"R:\\SoftwareFiles\\laragon\\www\\richminis\\vendor\\laravel\\framework\\src\\Illuminate\\Pipeline\\Pipeline.php:144
Stack level 22.\"><span class=\"sf-dump-ellipsis sf-dump-ellipsis-path\">R:\\SoftwareFiles\\laragon\\www\\richminis\\vendor</span><span class=\"sf-dump-ellipsis sf-dump-ellipsis-path\">\\laravel\\framework\\</span>src\\Illuminate\\Pipeline\\Pipeline.php:144</span> {<samp data-depth=3 class=sf-dump-compact>
      <span class=sf-dump-note title=\"Illuminate\\Pipeline\\Pipeline-&gt;Illuminate\\Pipeline\\{closure}
\"><span class=\"sf-dump-ellipsis sf-dump-ellipsis-note\">Illuminate\\Pipeline\\Pipeline-&gt;Illuminate\\Pipeline</span><span class=\"sf-dump-ellipsis sf-dump-ellipsis-note\">\\</span>{closure}</span> &#8230;
      &#8250; <code class=\"php\"><span class=sf-dump-default>try {</span></code>
      &#8250; <code class=\"php\"><span class=sf-dump-const title=\"in Illuminate\\Pipeline\\Pipeline-&gt;Illuminate\\Pipeline\\{closure}\">    return $destination($passable);</span></code>
      &#8250; <code class=\"php\"><span class=sf-dump-default>} catch (Throwable $e) {</span></code>
      <span class=sf-dump-meta>arguments</span>: { &#8230;1}
    </samp>}
    <span class=sf-dump-meta title=\"R:\\SoftwareFiles\\laragon\\www\\richminis\\vendor\\barryvdh\\laravel-debugbar\\src\\Middleware\\InjectDebugbar.php:59
Stack level 21.\"><span class=\"sf-dump-ellipsis sf-dump-ellipsis-path\">R:\\SoftwareFiles\\laragon\\www\\richminis\\vendor</span><span class=\"sf-dump-ellipsis sf-dump-ellipsis-path\">\\barryvdh\\laravel-debugbar\\</span>src\\Middleware\\InjectDebugbar.php:59</span> {<samp data-depth=3 class=sf-dump-compact>
      <span class=sf-dump-note title=\"Barryvdh\\Debugbar\\Middleware\\InjectDebugbar-&gt;handle($request, Closure $next)
\"><span class=\"sf-dump-ellipsis sf-dump-ellipsis-note\">Barryvdh\\Debugbar\\Middleware</span><span class=\"sf-dump-ellipsis sf-dump-ellipsis-note\">\\</span>InjectDebugbar-&gt;handle($request, Closure $next)</span> &#8230;
      &#8250; <code class=\"php\"><span class=sf-dump-default>if (!$this-&gt;debugbar-&gt;isEnabled() || $this-&gt;inExceptArray($request)) {</span></code>
      &#8250; <code class=\"php\"><span class=sf-dump-const title=\"in Barryvdh\\Debugbar\\Middleware\\InjectDebugbar-&gt;handle($request, Closure $next)\">    return $next($request);</span></code>
      &#8250; <code class=\"php\"><span class=sf-dump-default>}</span></code>
      <span class=sf-dump-meta>arguments</span>: { &#8230;1}
    </samp>}
    <span class=sf-dump-meta title=\"R:\\SoftwareFiles\\laragon\\www\\richminis\\vendor\\laravel\\framework\\src\\Illuminate\\Pipeline\\Pipeline.php:183
Stack level 20.\"><span class=\"sf-dump-ellipsis sf-dump-ellipsis-path\">R:\\SoftwareFiles\\laragon\\www\\richminis\\vendor</span><span class=\"sf-dump-ellipsis sf-dump-ellipsis-path\">\\laravel\\framework\\</span>src\\Illuminate\\Pipeline\\Pipeline.php:183</span> {<samp data-depth=3 class=sf-dump-compact>
      <span class=sf-dump-note title=\"Illuminate\\Pipeline\\Pipeline-&gt;Illuminate\\Pipeline\\{closure}
\"><span class=\"sf-dump-ellipsis sf-dump-ellipsis-note\">Illuminate\\Pipeline\\Pipeline-&gt;Illuminate\\Pipeline</span><span class=\"sf-dump-ellipsis sf-dump-ellipsis-note\">\\</span>{closure}</span> &#8230;
      &#8250; <code class=\"php\"><span class=sf-dump-default>$carry = method_exists($pipe, $this-&gt;method)</span></code>
      &#8250; <code class=\"php\"><span class=sf-dump-const title=\"in Illuminate\\Pipeline\\Pipeline-&gt;Illuminate\\Pipeline\\{closure}\">                ? $pipe-&gt;{$this-&gt;method}(...$parameters)</span></code>
      &#8250; <code class=\"php\"><span class=sf-dump-default>                : $pipe(...$parameters);</span></code>
      <span class=sf-dump-meta>arguments</span>: { &#8230;2}
    </samp>}
    <span class=sf-dump-meta title=\"R:\\SoftwareFiles\\laragon\\www\\richminis\\vendor\\laravel\\framework\\src\\Illuminate\\View\\Middleware\\ShareErrorsFromSession.php:49
Stack level 19.\"><span class=\"sf-dump-ellipsis sf-dump-ellipsis-path\">R:\\SoftwareFiles\\laragon\\www\\richminis\\vendor</span><span class=\"sf-dump-ellipsis sf-dump-ellipsis-path\">\\laravel\\framework\\</span>src\\Illuminate\\View\\Middleware\\ShareErrorsFromSession.php:49</span> {<samp data-depth=3 class=sf-dump-compact>
      <span class=sf-dump-note title=\"Illuminate\\View\\Middleware\\ShareErrorsFromSession-&gt;handle($request, Closure $next)
\"><span class=\"sf-dump-ellipsis sf-dump-ellipsis-note\">Illuminate\\View\\Middleware</span><span class=\"sf-dump-ellipsis sf-dump-ellipsis-note\">\\</span>ShareErrorsFromSession-&gt;handle($request, Closure $next)</span> &#8230;
      &#8250; 
      &#8250; <code class=\"php\"><span class=sf-dump-const title=\"in Illuminate\\View\\Middleware\\ShareErrorsFromSession-&gt;handle($request, Closure $next)\">    return $next($request);</span></code>
      &#8250; <code class=\"php\"><span class=sf-dump-default>}</span></code>
      <span class=sf-dump-meta>arguments</span>: { &#8230;1}
    </samp>}
    <span class=sf-dump-meta title=\"R:\\SoftwareFiles\\laragon\\www\\richminis\\vendor\\laravel\\framework\\src\\Illuminate\\Pipeline\\Pipeline.php:183
Stack level 18.\"><span class=\"sf-dump-ellipsis sf-dump-ellipsis-path\">R:\\SoftwareFiles\\laragon\\www\\richminis\\vendor</span><span class=\"sf-dump-ellipsis sf-dump-ellipsis-path\">\\laravel\\framework\\</span>src\\Illuminate\\Pipeline\\Pipeline.php:183</span> {<samp data-depth=3 class=sf-dump-compact>
      <span class=sf-dump-note title=\"Illuminate\\Pipeline\\Pipeline-&gt;Illuminate\\Pipeline\\{closure}
\"><span class=\"sf-dump-ellipsis sf-dump-ellipsis-note\">Illuminate\\Pipeline\\Pipeline-&gt;Illuminate\\Pipeline</span><span class=\"sf-dump-ellipsis sf-dump-ellipsis-note\">\\</span>{closure}</span> &#8230;
      &#8250; <code class=\"php\"><span class=sf-dump-default>$carry = method_exists($pipe, $this-&gt;method)</span></code>
      &#8250; <code class=\"php\"><span class=sf-dump-const title=\"in Illuminate\\Pipeline\\Pipeline-&gt;Illuminate\\Pipeline\\{closure}\">                ? $pipe-&gt;{$this-&gt;method}(...$parameters)</span></code>
      &#8250; <code class=\"php\"><span class=sf-dump-default>                : $pipe(...$parameters);</span></code>
      <span class=sf-dump-meta>arguments</span>: { &#8230;2}
    </samp>}
    <span class=sf-dump-meta title=\"R:\\SoftwareFiles\\laragon\\www\\richminis\\vendor\\laravel\\framework\\src\\Illuminate\\Session\\Middleware\\StartSession.php:121
Stack level 17.\"><span class=\"sf-dump-ellipsis sf-dump-ellipsis-path\">R:\\SoftwareFiles\\laragon\\www\\richminis\\vendor</span><span class=\"sf-dump-ellipsis sf-dump-ellipsis-path\">\\laravel\\framework\\</span>src\\Illuminate\\Session\\Middleware\\StartSession.php:121</span> {<samp data-depth=3 class=sf-dump-compact>
      <span class=sf-dump-note title=\"Illuminate\\Session\\Middleware\\StartSession-&gt;handleStatefulRequest(Request $request, $session, Closure $next)
\"><span class=\"sf-dump-ellipsis sf-dump-ellipsis-note\">Illuminate\\Session\\Middleware</span><span class=\"sf-dump-ellipsis sf-dump-ellipsis-note\">\\</span>StartSession-&gt;handleStatefulRequest(Request $request, $session, Closure $next)</span> &#8230;
      &#8250; 
      &#8250; <code class=\"php\"><span class=sf-dump-const title=\"in Illuminate\\Session\\Middleware\\StartSession-&gt;handleStatefulRequest(Request $request, $session, Closure $next)\">$response = $next($request);</span></code>
      &#8250; 
      <span class=sf-dump-meta>arguments</span>: { &#8230;1}
    </samp>}
    <span class=sf-dump-meta title=\"R:\\SoftwareFiles\\laragon\\www\\richminis\\vendor\\laravel\\framework\\src\\Illuminate\\Session\\Middleware\\StartSession.php:64
Stack level 16.\"><span class=\"sf-dump-ellipsis sf-dump-ellipsis-path\">R:\\SoftwareFiles\\laragon\\www\\richminis\\vendor</span><span class=\"sf-dump-ellipsis sf-dump-ellipsis-path\">\\laravel\\framework\\</span>src\\Illuminate\\Session\\Middleware\\StartSession.php:64</span> {<samp data-depth=3 class=sf-dump-compact>
      <span class=sf-dump-note title=\"Illuminate\\Session\\Middleware\\StartSession-&gt;handle($request, Closure $next)
\"><span class=\"sf-dump-ellipsis sf-dump-ellipsis-note\">Illuminate\\Session\\Middleware</span><span class=\"sf-dump-ellipsis sf-dump-ellipsis-note\">\\</span>StartSession-&gt;handle($request, Closure $next)</span> &#8230;
      &#8250; 
      &#8250; <code class=\"php\"><span class=sf-dump-const title=\"in Illuminate\\Session\\Middleware\\StartSession-&gt;handle($request, Closure $next)\">    return $this-&gt;handleStatefulRequest($request, $session, $next);</span></code>
      &#8250; <code class=\"php\"><span class=sf-dump-default>}</span></code>
      <span class=sf-dump-meta>arguments</span>: { &#8230;3}
    </samp>}
    <span class=sf-dump-meta title=\"R:\\SoftwareFiles\\laragon\\www\\richminis\\vendor\\laravel\\framework\\src\\Illuminate\\Pipeline\\Pipeline.php:183
Stack level 15.\"><span class=\"sf-dump-ellipsis sf-dump-ellipsis-path\">R:\\SoftwareFiles\\laragon\\www\\richminis\\vendor</span><span class=\"sf-dump-ellipsis sf-dump-ellipsis-path\">\\laravel\\framework\\</span>src\\Illuminate\\Pipeline\\Pipeline.php:183</span> {<samp data-depth=3 class=sf-dump-compact>
      <span class=sf-dump-note title=\"Illuminate\\Pipeline\\Pipeline-&gt;Illuminate\\Pipeline\\{closure}
\"><span class=\"sf-dump-ellipsis sf-dump-ellipsis-note\">Illuminate\\Pipeline\\Pipeline-&gt;Illuminate\\Pipeline</span><span class=\"sf-dump-ellipsis sf-dump-ellipsis-note\">\\</span>{closure}</span> &#8230;
      &#8250; <code class=\"php\"><span class=sf-dump-default>$carry = method_exists($pipe, $this-&gt;method)</span></code>
      &#8250; <code class=\"php\"><span class=sf-dump-const title=\"in Illuminate\\Pipeline\\Pipeline-&gt;Illuminate\\Pipeline\\{closure}\">                ? $pipe-&gt;{$this-&gt;method}(...$parameters)</span></code>
      &#8250; <code class=\"php\"><span class=sf-dump-default>                : $pipe(...$parameters);</span></code>
      <span class=sf-dump-meta>arguments</span>: { &#8230;2}
    </samp>}
    <span class=sf-dump-meta title=\"R:\\SoftwareFiles\\laragon\\www\\richminis\\vendor\\laravel\\framework\\src\\Illuminate\\Http\\Middleware\\TrustProxies.php:39
Stack level 14.\"><span class=\"sf-dump-ellipsis sf-dump-ellipsis-path\">R:\\SoftwareFiles\\laragon\\www\\richminis\\vendor</span><span class=\"sf-dump-ellipsis sf-dump-ellipsis-path\">\\laravel\\framework\\</span>src\\Illuminate\\Http\\Middleware\\TrustProxies.php:39</span> {<samp data-depth=3 class=sf-dump-compact>
      <span class=sf-dump-note title=\"Illuminate\\Http\\Middleware\\TrustProxies-&gt;handle(Request $request, Closure $next)
\"><span class=\"sf-dump-ellipsis sf-dump-ellipsis-note\">Illuminate\\Http\\Middleware</span><span class=\"sf-dump-ellipsis sf-dump-ellipsis-note\">\\</span>TrustProxies-&gt;handle(Request $request, Closure $next)</span> &#8230;
      &#8250; 
      &#8250; <code class=\"php\"><span class=sf-dump-const title=\"in Illuminate\\Http\\Middleware\\TrustProxies-&gt;handle(Request $request, Closure $next)\">    return $next($request);</span></code>
      &#8250; <code class=\"php\"><span class=sf-dump-default>}</span></code>
      <span class=sf-dump-meta>arguments</span>: { &#8230;1}
    </samp>}
    <span class=sf-dump-meta title=\"R:\\SoftwareFiles\\laragon\\www\\richminis\\vendor\\laravel\\framework\\src\\Illuminate\\Pipeline\\Pipeline.php:183
Stack level 13.\"><span class=\"sf-dump-ellipsis sf-dump-ellipsis-path\">R:\\SoftwareFiles\\laragon\\www\\richminis\\vendor</span><span class=\"sf-dump-ellipsis sf-dump-ellipsis-path\">\\laravel\\framework\\</span>src\\Illuminate\\Pipeline\\Pipeline.php:183</span> {<samp data-depth=3 class=sf-dump-compact>
      <span class=sf-dump-note title=\"Illuminate\\Pipeline\\Pipeline-&gt;Illuminate\\Pipeline\\{closure}
\"><span class=\"sf-dump-ellipsis sf-dump-ellipsis-note\">Illuminate\\Pipeline\\Pipeline-&gt;Illuminate\\Pipeline</span><span class=\"sf-dump-ellipsis sf-dump-ellipsis-note\">\\</span>{closure}</span> &#8230;
      &#8250; <code class=\"php\"><span class=sf-dump-default>$carry = method_exists($pipe, $this-&gt;method)</span></code>
      &#8250; <code class=\"php\"><span class=sf-dump-const title=\"in Illuminate\\Pipeline\\Pipeline-&gt;Illuminate\\Pipeline\\{closure}\">                ? $pipe-&gt;{$this-&gt;method}(...$parameters)</span></code>
      &#8250; <code class=\"php\"><span class=sf-dump-default>                : $pipe(...$parameters);</span></code>
      <span class=sf-dump-meta>arguments</span>: { &#8230;2}
    </samp>}
    <span class=sf-dump-meta title=\"R:\\SoftwareFiles\\laragon\\www\\richminis\\vendor\\laravel\\framework\\src\\Illuminate\\Foundation\\Http\\Middleware\\TransformsRequest.php:21
Stack level 12.\"><span class=\"sf-dump-ellipsis sf-dump-ellipsis-path\">R:\\SoftwareFiles\\laragon\\www\\richminis\\vendor</span><span class=\"sf-dump-ellipsis sf-dump-ellipsis-path\">\\laravel\\framework\\</span>src\\Illuminate\\Foundation\\Http\\Middleware\\TransformsRequest.php:21</span> {<samp data-depth=3 class=sf-dump-compact>
      <span class=sf-dump-note title=\"Illuminate\\Foundation\\Http\\Middleware\\TransformsRequest-&gt;handle($request, Closure $next)
\"><span class=\"sf-dump-ellipsis sf-dump-ellipsis-note\">Illuminate\\Foundation\\Http\\Middleware</span><span class=\"sf-dump-ellipsis sf-dump-ellipsis-note\">\\</span>TransformsRequest-&gt;handle($request, Closure $next)</span> &#8230;
      &#8250; 
      &#8250; <code class=\"php\"><span class=sf-dump-const title=\"in Illuminate\\Foundation\\Http\\Middleware\\TransformsRequest-&gt;handle($request, Closure $next)\">    return $next($request);</span></code>
      &#8250; <code class=\"php\"><span class=sf-dump-default>}</span></code>
      <span class=sf-dump-meta>arguments</span>: { &#8230;1}
    </samp>}
    <span class=sf-dump-meta title=\"R:\\SoftwareFiles\\laragon\\www\\richminis\\vendor\\laravel\\framework\\src\\Illuminate\\Foundation\\Http\\Middleware\\ConvertEmptyStringsToNull.php:31
Stack level 11.\"><span class=\"sf-dump-ellipsis sf-dump-ellipsis-path\">R:\\SoftwareFiles\\laragon\\www\\richminis\\vendor</span><span class=\"sf-dump-ellipsis sf-dump-ellipsis-path\">\\laravel\\framework\\</span>src\\Illuminate\\Foundation\\Http\\Middleware\\ConvertEmptyStringsToNull.php:31</span> {<samp data-depth=3 class=sf-dump-compact>
      <span class=sf-dump-note title=\"Illuminate\\Foundation\\Http\\Middleware\\ConvertEmptyStringsToNull-&gt;handle($request, Closure $next)
\"><span class=\"sf-dump-ellipsis sf-dump-ellipsis-note\">Illuminate\\Foundation\\Http\\Middleware</span><span class=\"sf-dump-ellipsis sf-dump-ellipsis-note\">\\</span>ConvertEmptyStringsToNull-&gt;handle($request, Closure $next)</span> &#8230;
      &#8250; 
      &#8250; <code class=\"php\"><span class=sf-dump-const title=\"in Illuminate\\Foundation\\Http\\Middleware\\ConvertEmptyStringsToNull-&gt;handle($request, Closure $next)\">    return parent::handle($request, $next);</span></code>
      &#8250; <code class=\"php\"><span class=sf-dump-default>}</span></code>
      <span class=sf-dump-meta>arguments</span>: { &#8230;2}
    </samp>}
    <span class=sf-dump-meta title=\"R:\\SoftwareFiles\\laragon\\www\\richminis\\vendor\\laravel\\framework\\src\\Illuminate\\Pipeline\\Pipeline.php:183
Stack level 10.\"><span class=\"sf-dump-ellipsis sf-dump-ellipsis-path\">R:\\SoftwareFiles\\laragon\\www\\richminis\\vendor</span><span class=\"sf-dump-ellipsis sf-dump-ellipsis-path\">\\laravel\\framework\\</span>src\\Illuminate\\Pipeline\\Pipeline.php:183</span> {<samp data-depth=3 class=sf-dump-compact>
      <span class=sf-dump-note title=\"Illuminate\\Pipeline\\Pipeline-&gt;Illuminate\\Pipeline\\{closure}
\"><span class=\"sf-dump-ellipsis sf-dump-ellipsis-note\">Illuminate\\Pipeline\\Pipeline-&gt;Illuminate\\Pipeline</span><span class=\"sf-dump-ellipsis sf-dump-ellipsis-note\">\\</span>{closure}</span> &#8230;
      &#8250; <code class=\"php\"><span class=sf-dump-default>$carry = method_exists($pipe, $this-&gt;method)</span></code>
      &#8250; <code class=\"php\"><span class=sf-dump-const title=\"in Illuminate\\Pipeline\\Pipeline-&gt;Illuminate\\Pipeline\\{closure}\">                ? $pipe-&gt;{$this-&gt;method}(...$parameters)</span></code>
      &#8250; <code class=\"php\"><span class=sf-dump-default>                : $pipe(...$parameters);</span></code>
      <span class=sf-dump-meta>arguments</span>: { &#8230;2}
    </samp>}
    <span class=sf-dump-meta title=\"R:\\SoftwareFiles\\laragon\\www\\richminis\\vendor\\laravel\\framework\\src\\Illuminate\\Foundation\\Http\\Middleware\\TransformsRequest.php:21
Stack level 9.\"><span class=\"sf-dump-ellipsis sf-dump-ellipsis-path\">R:\\SoftwareFiles\\laragon\\www\\richminis\\vendor</span><span class=\"sf-dump-ellipsis sf-dump-ellipsis-path\">\\laravel\\framework\\</span>src\\Illuminate\\Foundation\\Http\\Middleware\\TransformsRequest.php:21</span> {<samp data-depth=3 class=sf-dump-compact>
      <span class=sf-dump-note title=\"Illuminate\\Foundation\\Http\\Middleware\\TransformsRequest-&gt;handle($request, Closure $next)
\"><span class=\"sf-dump-ellipsis sf-dump-ellipsis-note\">Illuminate\\Foundation\\Http\\Middleware</span><span class=\"sf-dump-ellipsis sf-dump-ellipsis-note\">\\</span>TransformsRequest-&gt;handle($request, Closure $next)</span> &#8230;
      &#8250; 
      &#8250; <code class=\"php\"><span class=sf-dump-const title=\"in Illuminate\\Foundation\\Http\\Middleware\\TransformsRequest-&gt;handle($request, Closure $next)\">    return $next($request);</span></code>
      &#8250; <code class=\"php\"><span class=sf-dump-default>}</span></code>
      <span class=sf-dump-meta>arguments</span>: { &#8230;1}
    </samp>}
    <span class=sf-dump-meta title=\"R:\\SoftwareFiles\\laragon\\www\\richminis\\vendor\\laravel\\framework\\src\\Illuminate\\Foundation\\Http\\Middleware\\TrimStrings.php:40
Stack level 8.\"><span class=\"sf-dump-ellipsis sf-dump-ellipsis-path\">R:\\SoftwareFiles\\laragon\\www\\richminis\\vendor</span><span class=\"sf-dump-ellipsis sf-dump-ellipsis-path\">\\laravel\\framework\\</span>src\\Illuminate\\Foundation\\Http\\Middleware\\TrimStrings.php:40</span> {<samp data-depth=3 class=sf-dump-compact>
      <span class=sf-dump-note title=\"Illuminate\\Foundation\\Http\\Middleware\\TrimStrings-&gt;handle($request, Closure $next)
\"><span class=\"sf-dump-ellipsis sf-dump-ellipsis-note\">Illuminate\\Foundation\\Http\\Middleware</span><span class=\"sf-dump-ellipsis sf-dump-ellipsis-note\">\\</span>TrimStrings-&gt;handle($request, Closure $next)</span> &#8230;
      &#8250; 
      &#8250; <code class=\"php\"><span class=sf-dump-const title=\"in Illuminate\\Foundation\\Http\\Middleware\\TrimStrings-&gt;handle($request, Closure $next)\">    return parent::handle($request, $next);</span></code>
      &#8250; <code class=\"php\"><span class=sf-dump-default>}</span></code>
      <span class=sf-dump-meta>arguments</span>: { &#8230;2}
    </samp>}
    <span class=sf-dump-meta title=\"R:\\SoftwareFiles\\laragon\\www\\richminis\\vendor\\laravel\\framework\\src\\Illuminate\\Pipeline\\Pipeline.php:183
Stack level 7.\"><span class=\"sf-dump-ellipsis sf-dump-ellipsis-path\">R:\\SoftwareFiles\\laragon\\www\\richminis\\vendor</span><span class=\"sf-dump-ellipsis sf-dump-ellipsis-path\">\\laravel\\framework\\</span>src\\Illuminate\\Pipeline\\Pipeline.php:183</span> {<samp data-depth=3 class=sf-dump-compact>
      <span class=sf-dump-note title=\"Illuminate\\Pipeline\\Pipeline-&gt;Illuminate\\Pipeline\\{closure}
\"><span class=\"sf-dump-ellipsis sf-dump-ellipsis-note\">Illuminate\\Pipeline\\Pipeline-&gt;Illuminate\\Pipeline</span><span class=\"sf-dump-ellipsis sf-dump-ellipsis-note\">\\</span>{closure}</span> &#8230;
      &#8250; <code class=\"php\"><span class=sf-dump-default>$carry = method_exists($pipe, $this-&gt;method)</span></code>
      &#8250; <code class=\"php\"><span class=sf-dump-const title=\"in Illuminate\\Pipeline\\Pipeline-&gt;Illuminate\\Pipeline\\{closure}\">                ? $pipe-&gt;{$this-&gt;method}(...$parameters)</span></code>
      &#8250; <code class=\"php\"><span class=sf-dump-default>                : $pipe(...$parameters);</span></code>
      <span class=sf-dump-meta>arguments</span>: { &#8230;2}
    </samp>}
    <span class=sf-dump-meta title=\"R:\\SoftwareFiles\\laragon\\www\\richminis\\vendor\\laravel\\framework\\src\\Illuminate\\Foundation\\Http\\Middleware\\ValidatePostSize.php:27
Stack level 6.\"><span class=\"sf-dump-ellipsis sf-dump-ellipsis-path\">R:\\SoftwareFiles\\laragon\\www\\richminis\\vendor</span><span class=\"sf-dump-ellipsis sf-dump-ellipsis-path\">\\laravel\\framework\\</span>src\\Illuminate\\Foundation\\Http\\Middleware\\ValidatePostSize.php:27</span> {<samp data-depth=3 class=sf-dump-compact>
      <span class=sf-dump-note title=\"Illuminate\\Foundation\\Http\\Middleware\\ValidatePostSize-&gt;handle($request, Closure $next)
\"><span class=\"sf-dump-ellipsis sf-dump-ellipsis-note\">Illuminate\\Foundation\\Http\\Middleware</span><span class=\"sf-dump-ellipsis sf-dump-ellipsis-note\">\\</span>ValidatePostSize-&gt;handle($request, Closure $next)</span> &#8230;
      &#8250; 
      &#8250; <code class=\"php\"><span class=sf-dump-const title=\"in Illuminate\\Foundation\\Http\\Middleware\\ValidatePostSize-&gt;handle($request, Closure $next)\">    return $next($request);</span></code>
      &#8250; <code class=\"php\"><span class=sf-dump-default>}</span></code>
      <span class=sf-dump-meta>arguments</span>: { &#8230;1}
    </samp>}
    <span class=sf-dump-meta title=\"R:\\SoftwareFiles\\laragon\\www\\richminis\\vendor\\laravel\\framework\\src\\Illuminate\\Pipeline\\Pipeline.php:183
Stack level 5.\"><span class=\"sf-dump-ellipsis sf-dump-ellipsis-path\">R:\\SoftwareFiles\\laragon\\www\\richminis\\vendor</span><span class=\"sf-dump-ellipsis sf-dump-ellipsis-path\">\\laravel\\framework\\</span>src\\Illuminate\\Pipeline\\Pipeline.php:183</span> {<samp data-depth=3 class=sf-dump-compact>
      <span class=sf-dump-note title=\"Illuminate\\Pipeline\\Pipeline-&gt;Illuminate\\Pipeline\\{closure}
\"><span class=\"sf-dump-ellipsis sf-dump-ellipsis-note\">Illuminate\\Pipeline\\Pipeline-&gt;Illuminate\\Pipeline</span><span class=\"sf-dump-ellipsis sf-dump-ellipsis-note\">\\</span>{closure}</span> &#8230;
      &#8250; <code class=\"php\"><span class=sf-dump-default>$carry = method_exists($pipe, $this-&gt;method)</span></code>
      &#8250; <code class=\"php\"><span class=sf-dump-const title=\"in Illuminate\\Pipeline\\Pipeline-&gt;Illuminate\\Pipeline\\{closure}\">                ? $pipe-&gt;{$this-&gt;method}(...$parameters)</span></code>
      &#8250; <code class=\"php\"><span class=sf-dump-default>                : $pipe(...$parameters);</span></code>
      <span class=sf-dump-meta>arguments</span>: { &#8230;2}
    </samp>}
    <span class=sf-dump-meta title=\"R:\\SoftwareFiles\\laragon\\www\\richminis\\vendor\\laravel\\framework\\src\\Illuminate\\Pipeline\\Pipeline.php:119
Stack level 4.\"><span class=\"sf-dump-ellipsis sf-dump-ellipsis-path\">R:\\SoftwareFiles\\laragon\\www\\richminis\\vendor</span><span class=\"sf-dump-ellipsis sf-dump-ellipsis-path\">\\laravel\\framework\\</span>src\\Illuminate\\Pipeline\\Pipeline.php:119</span> {<samp data-depth=3 class=sf-dump-compact>
      <span class=sf-dump-note title=\"Illuminate\\Pipeline\\Pipeline-&gt;then(Closure $destination)
\"><span class=\"sf-dump-ellipsis sf-dump-ellipsis-note\">Illuminate\\Pipeline</span><span class=\"sf-dump-ellipsis sf-dump-ellipsis-note\">\\</span>Pipeline-&gt;then(Closure $destination)</span> &#8230;
      &#8250; 
      &#8250; <code class=\"php\"><span class=sf-dump-const title=\"in Illuminate\\Pipeline\\Pipeline-&gt;then(Closure $destination)\">    return $pipeline($this-&gt;passable);</span></code>
      &#8250; <code class=\"php\"><span class=sf-dump-default>}</span></code>
      <span class=sf-dump-meta>arguments</span>: { &#8230;1}
    </samp>}
    <span class=sf-dump-meta title=\"R:\\SoftwareFiles\\laragon\\www\\richminis\\vendor\\laravel\\framework\\src\\Illuminate\\Foundation\\Http\\Kernel.php:175
Stack level 3.\"><span class=\"sf-dump-ellipsis sf-dump-ellipsis-path\">R:\\SoftwareFiles\\laragon\\www\\richminis\\vendor</span><span class=\"sf-dump-ellipsis sf-dump-ellipsis-path\">\\laravel\\framework\\</span>src\\Illuminate\\Foundation\\Http\\Kernel.php:175</span> {<samp data-depth=3 class=sf-dump-compact>
      <span class=sf-dump-note title=\"Illuminate\\Foundation\\Http\\Kernel-&gt;sendRequestThroughRouter($request)
\"><span class=\"sf-dump-ellipsis sf-dump-ellipsis-note\">Illuminate\\Foundation\\Http</span><span class=\"sf-dump-ellipsis sf-dump-ellipsis-note\">\\</span>Kernel-&gt;sendRequestThroughRouter($request)</span> &#8230;
      &#8250; <code class=\"php\"><span class=sf-dump-default>                -&gt;through($this-&gt;app-&gt;shouldSkipMiddleware() ? [] : $this-&gt;middleware)</span></code>
      &#8250; <code class=\"php\"><span class=sf-dump-const title=\"in Illuminate\\Foundation\\Http\\Kernel-&gt;sendRequestThroughRouter($request)\">                -&gt;then($this-&gt;dispatchToRouter());</span></code>
      &#8250; <code class=\"php\"><span class=sf-dump-default>}</span></code>
      <span class=sf-dump-meta>arguments</span>: { &#8230;1}
    </samp>}
    <span class=sf-dump-meta title=\"R:\\SoftwareFiles\\laragon\\www\\richminis\\vendor\\laravel\\framework\\src\\Illuminate\\Foundation\\Http\\Kernel.php:144
Stack level 2.\"><span class=\"sf-dump-ellipsis sf-dump-ellipsis-path\">R:\\SoftwareFiles\\laragon\\www\\richminis\\vendor</span><span class=\"sf-dump-ellipsis sf-dump-ellipsis-path\">\\laravel\\framework\\</span>src\\Illuminate\\Foundation\\Http\\Kernel.php:144</span> {<samp data-depth=3 class=sf-dump-compact>
      <span class=sf-dump-note title=\"Illuminate\\Foundation\\Http\\Kernel-&gt;handle($request)
\"><span class=\"sf-dump-ellipsis sf-dump-ellipsis-note\">Illuminate\\Foundation\\Http</span><span class=\"sf-dump-ellipsis sf-dump-ellipsis-note\">\\</span>Kernel-&gt;handle($request)</span> &#8230;
      &#8250; 
      &#8250; <code class=\"php\"><span class=sf-dump-const title=\"in Illuminate\\Foundation\\Http\\Kernel-&gt;handle($request)\">    $response = $this-&gt;sendRequestThroughRouter($request);</span></code>
      &#8250; <code class=\"php\"><span class=sf-dump-default>} catch (Throwable $e) {</span></code>
      <span class=sf-dump-meta>arguments</span>: { &#8230;1}
    </samp>}
    <span class=sf-dump-meta title=\"R:\\SoftwareFiles\\laragon\\www\\richminis\\index.php:56
Stack level 1.\"><span class=\"sf-dump-ellipsis sf-dump-ellipsis-path\">R:\\SoftwareFiles\\laragon\\www\\richminis</span><span class=\"sf-dump-ellipsis sf-dump-ellipsis-path\">\\</span>index.php:56</span> {<samp data-depth=3 class=sf-dump-compact>
      &#8250; <code class=\"php\"><span class=sf-dump-default><span class=\"sf-dump-default sf-dump-ns\">\\r</span></span></code>
      &#8250; <code class=\"php\"><span class=sf-dump-const title=\"\">$response = $kernel-&gt;handle(<span class=\"sf-dump-default sf-dump-ns\">\\r</span></span></code>
      &#8250; <code class=\"php\"><span class=sf-dump-default>    $request = Illuminate\\Http\\Request::capture()<span class=\"sf-dump-default sf-dump-ns\">\\r</span></span></code>
      <span class=sf-dump-meta>arguments</span>: { &#8230;1}
    </samp>}
  </samp>}
</samp>}
</pre><script>Sfdump(\"sf-dump-1616538388\", {\"maxDepth\":3,\"maxStringLength\":160})</script>
","layout":"<pre class=sf-dump id=sf-dump-820291163 data-indent-pad=\"  \">\"<span class=sf-dump-str title=\"20 characters\">frontend.layouts.app</span>\"
</pre><script>Sfdump(\"sf-dump-820291163\", {\"maxDepth\":3,\"maxStringLength\":160})</script>
"}},"exception":"[object] (Spatie\\LaravelIgnition\\Exceptions\\ViewException(code: 0): SQLSTATE[HY000] [1049] Unknown database 'richhminis' (Connection: mysql, SQL: select * from `languages` where `code` = en limit 1) at R:\\SoftwareFiles\\laragon\\www\\richminis\\vendor\\laravel\\framework\\src\\Illuminate\\Database\\Connection.php:829)
[stacktrace]
#0 R:\\SoftwareFiles\\laragon\\www\\richminis\\vendor\\laravel\\framework\\src\\Illuminate\\Database\\Connection.php(783): Illuminate\\Database\\Connection->runQueryCallback('select * from `...', Array, Object(Closure))
#1 R:\\SoftwareFiles\\laragon\\www\\richminis\\vendor\\laravel\\framework\\src\\Illuminate\\Database\\Connection.php(414): Illuminate\\Database\\Connection->run('select * from `...', Array, Object(Closure))
#2 R:\\SoftwareFiles\\laragon\\www\\richminis\\vendor\\laravel\\framework\\src\\Illuminate\\Database\\Query\\Builder.php(2913): Illuminate\\Database\\Connection->select('select * from `...', Array, true)
#3 R:\\SoftwareFiles\\laragon\\www\\richminis\\vendor\\laravel\\framework\\src\\Illuminate\\Database\\Query\\Builder.php(2902): Illuminate\\Database\\Query\\Builder->runSelect()
#4 R:\\SoftwareFiles\\laragon\\www\\richminis\\vendor\\laravel\\framework\\src\\Illuminate\\Database\\Query\\Builder.php(3456): Illuminate\\Database\\Query\\Builder->Illuminate\\Database\\Query\\{closure}()
#5 R:\\SoftwareFiles\\laragon\\www\\richminis\\vendor\\laravel\\framework\\src\\Illuminate\\Database\\Query\\Builder.php(2901): Illuminate\\Database\\Query\\Builder->onceWithColumns(Array, Object(Closure))
#6 R:\\SoftwareFiles\\laragon\\www\\richminis\\vendor\\laravel\\framework\\src\\Illuminate\\Database\\Eloquent\\Builder.php(739): Illuminate\\Database\\Query\\Builder->get(Array)
#7 R:\\SoftwareFiles\\laragon\\www\\richminis\\vendor\\laravel\\framework\\src\\Illuminate\\Database\\Eloquent\\Builder.php(723): Illuminate\\Database\\Eloquent\\Builder->getModels(Array)
#8 R:\\SoftwareFiles\\laragon\\www\\richminis\\vendor\\laravel\\framework\\src\\Illuminate\\Database\\Concerns\\BuildsQueries.php(333): Illuminate\\Database\\Eloquent\\Builder->get(Array)
#9 R:\\SoftwareFiles\\laragon\\www\\richminis\\app\\Http\\Helpers.php(1910): Illuminate\\Database\\Eloquent\\Builder->first()
#10 R:\\SoftwareFiles\\laragon\\www\\richminis\\resources\\views\\frontend\\layouts\\app.blade.php(3): get_session_language()
#11 R:\\SoftwareFiles\\laragon\\www\\richminis\\vendor\\laravel\\framework\\src\\Illuminate\\Filesystem\\Filesystem.php(123): require('R:\\\\SoftwareFile...')
#12 R:\\SoftwareFiles\\laragon\\www\\richminis\\vendor\\laravel\\framework\\src\\Illuminate\\Filesystem\\Filesystem.php(124): Illuminate\\Filesystem\\Filesystem::Illuminate\\Filesystem\\{closure}()
#13 R:\\SoftwareFiles\\laragon\\www\\richminis\\vendor\\laravel\\framework\\src\\Illuminate\\View\\Engines\\PhpEngine.php(58): Illuminate\\Filesystem\\Filesystem->getRequire('R:\\\\SoftwareFile...', Array)
#14 R:\\SoftwareFiles\\laragon\\www\\richminis\\vendor\\laravel\\framework\\src\\Illuminate\\View\\Engines\\CompilerEngine.php(72): Illuminate\\View\\Engines\\PhpEngine->evaluatePath('R:\\\\SoftwareFile...', Array)
#15 R:\\SoftwareFiles\\laragon\\www\\richminis\\vendor\\laravel\\framework\\src\\Illuminate\\View\\View.php(207): Illuminate\\View\\Engines\\CompilerEngine->get('R:\\\\SoftwareFile...', Array)
#16 R:\\SoftwareFiles\\laragon\\www\\richminis\\vendor\\laravel\\framework\\src\\Illuminate\\View\\View.php(190): Illuminate\\View\\View->getContents()
#17 R:\\SoftwareFiles\\laragon\\www\\richminis\\vendor\\laravel\\framework\\src\\Illuminate\\View\\View.php(159): Illuminate\\View\\View->renderContents()
#18 R:\\SoftwareFiles\\laragon\\www\\richminis\\resources\\views\\errors\\500.blade.php(32): Illuminate\\View\\View->render()
#19 R:\\SoftwareFiles\\laragon\\www\\richminis\\vendor\\laravel\\framework\\src\\Illuminate\\Filesystem\\Filesystem.php(123): require('R:\\\\SoftwareFile...')
#20 R:\\SoftwareFiles\\laragon\\www\\richminis\\vendor\\laravel\\framework\\src\\Illuminate\\Filesystem\\Filesystem.php(124): Illuminate\\Filesystem\\Filesystem::Illuminate\\Filesystem\\{closure}()
#21 R:\\SoftwareFiles\\laragon\\www\\richminis\\vendor\\laravel\\framework\\src\\Illuminate\\View\\Engines\\PhpEngine.php(58): Illuminate\\Filesystem\\Filesystem->getRequire('R:\\\\SoftwareFile...', Array)
#22 R:\\SoftwareFiles\\laragon\\www\\richminis\\vendor\\laravel\\framework\\src\\Illuminate\\View\\Engines\\CompilerEngine.php(72): Illuminate\\View\\Engines\\PhpEngine->evaluatePath('R:\\\\SoftwareFile...', Array)
#23 R:\\SoftwareFiles\\laragon\\www\\richminis\\vendor\\laravel\\framework\\src\\Illuminate\\View\\View.php(207): Illuminate\\View\\Engines\\CompilerEngine->get('R:\\\\SoftwareFile...', Array)
#24 R:\\SoftwareFiles\\laragon\\www\\richminis\\vendor\\laravel\\framework\\src\\Illuminate\\View\\View.php(190): Illuminate\\View\\View->getContents()
#25 R:\\SoftwareFiles\\laragon\\www\\richminis\\vendor\\laravel\\framework\\src\\Illuminate\\View\\View.php(159): Illuminate\\View\\View->renderContents()
#26 R:\\SoftwareFiles\\laragon\\www\\richminis\\vendor\\laravel\\framework\\src\\Illuminate\\Http\\Response.php(69): Illuminate\\View\\View->render()
#27 R:\\SoftwareFiles\\laragon\\www\\richminis\\vendor\\laravel\\framework\\src\\Illuminate\\Http\\Response.php(35): Illuminate\\Http\\Response->setContent(Object(Illuminate\\View\\View))
#28 R:\\SoftwareFiles\\laragon\\www\\richminis\\vendor\\laravel\\framework\\src\\Illuminate\\Routing\\ResponseFactory.php(58): Illuminate\\Http\\Response->__construct(Object(Illuminate\\View\\View), 500, Array)
#29 R:\\SoftwareFiles\\laragon\\www\\richminis\\vendor\\laravel\\framework\\src\\Illuminate\\Routing\\ResponseFactory.php(88): Illuminate\\Routing\\ResponseFactory->make(Object(Illuminate\\View\\View), 500, Array)
#30 R:\\SoftwareFiles\\laragon\\www\\richminis\\vendor\\laravel\\framework\\src\\Illuminate\\Foundation\\Exceptions\\Handler.php(723): Illuminate\\Routing\\ResponseFactory->view('errors::500', Array, 500, Array)
#31 R:\\SoftwareFiles\\laragon\\www\\richminis\\vendor\\laravel\\framework\\src\\Illuminate\\Foundation\\Exceptions\\Handler.php(650): Illuminate\\Foundation\\Exceptions\\Handler->renderHttpException(Object(Symfony\\Component\\HttpKernel\\Exception\\HttpException))
#32 R:\\SoftwareFiles\\laragon\\www\\richminis\\vendor\\laravel\\framework\\src\\Illuminate\\Foundation\\Exceptions\\Handler.php(556): Illuminate\\Foundation\\Exceptions\\Handler->prepareResponse(Object(Illuminate\\Http\\Request), Object(Symfony\\Component\\HttpKernel\\Exception\\HttpException))
#33 R:\\SoftwareFiles\\laragon\\www\\richminis\\vendor\\laravel\\framework\\src\\Illuminate\\Foundation\\Exceptions\\Handler.php(473): Illuminate\\Foundation\\Exceptions\\Handler->renderExceptionResponse(Object(Illuminate\\Http\\Request), Object(Illuminate\\Database\\QueryException))
#34 R:\\SoftwareFiles\\laragon\\www\\richminis\\app\\Exceptions\\Handler.php(59): Illuminate\\Foundation\\Exceptions\\Handler->render(Object(Illuminate\\Http\\Request), Object(Illuminate\\Database\\QueryException))
#35 R:\\SoftwareFiles\\laragon\\www\\richminis\\vendor\\laravel\\framework\\src\\Illuminate\\Routing\\Pipeline.php(51): App\\Exceptions\\Handler->render(Object(Illuminate\\Http\\Request), Object(Illuminate\\Database\\QueryException))
#36 R:\\SoftwareFiles\\laragon\\www\\richminis\\vendor\\laravel\\framework\\src\\Illuminate\\Pipeline\\Pipeline.php(146): Illuminate\\Routing\\Pipeline->handleException(Object(Illuminate\\Http\\Request), Object(Illuminate\\Database\\QueryException))
#37 R:\\SoftwareFiles\\laragon\\www\\richminis\\app\\Http\\Middleware\\CheckForMaintenanceMode.php(64): Illuminate\\Pipeline\\Pipeline->Illuminate\\Pipeline\\{closure}(Object(Illuminate\\Http\\Request))
#38 R:\\SoftwareFiles\\laragon\\www\\richminis\\vendor\\laravel\\framework\\src\\Illuminate\\Pipeline\\Pipeline.php(183): App\\Http\\Middleware\\CheckForMaintenanceMode->handle(Object(Illuminate\\Http\\Request), Object(Closure))
#39 R:\\SoftwareFiles\\laragon\\www\\richminis\\app\\Http\\Middleware\\HttpsProtocol.php(20): Illuminate\\Pipeline\\Pipeline->Illuminate\\Pipeline\\{closure}(Object(Illuminate\\Http\\Request))
#40 R:\\SoftwareFiles\\laragon\\www\\richminis\\vendor\\laravel\\framework\\src\\Illuminate\\Pipeline\\Pipeline.php(183): App\\Http\\Middleware\\HttpsProtocol->handle(Object(Illuminate\\Http\\Request), Object(Closure))
#41 R:\\SoftwareFiles\\laragon\\www\\richminis\\app\\Http\\Middleware\\Language.php(35): Illuminate\\Pipeline\\Pipeline->Illuminate\\Pipeline\\{closure}(Object(Illuminate\\Http\\Request))
#42 R:\\SoftwareFiles\\laragon\\www\\richminis\\vendor\\laravel\\framework\\src\\Illuminate\\Pipeline\\Pipeline.php(183): App\\Http\\Middleware\\Language->handle(Object(Illuminate\\Http\\Request), Object(Closure))
#43 R:\\SoftwareFiles\\laragon\\www\\richminis\\vendor\\laravel\\framework\\src\\Illuminate\\Routing\\Middleware\\SubstituteBindings.php(50): Illuminate\\Pipeline\\Pipeline->Illuminate\\Pipeline\\{closure}(Object(Illuminate\\Http\\Request))
#44 R:\\SoftwareFiles\\laragon\\www\\richminis\\vendor\\laravel\\framework\\src\\Illuminate\\Pipeline\\Pipeline.php(183): Illuminate\\Routing\\Middleware\\SubstituteBindings->handle(Object(Illuminate\\Http\\Request), Object(Closure))
#45 R:\\SoftwareFiles\\laragon\\www\\richminis\\vendor\\laravel\\framework\\src\\Illuminate\\Foundation\\Http\\Middleware\\VerifyCsrfToken.php(78): Illuminate\\Pipeline\\Pipeline->Illuminate\\Pipeline\\{closure}(Object(Illuminate\\Http\\Request))
#46 R:\\SoftwareFiles\\laragon\\www\\richminis\\vendor\\laravel\\framework\\src\\Illuminate\\Pipeline\\Pipeline.php(183): Illuminate\\Foundation\\Http\\Middleware\\VerifyCsrfToken->handle(Object(Illuminate\\Http\\Request), Object(Closure))
#47 R:\\SoftwareFiles\\laragon\\www\\richminis\\vendor\\laravel\\framework\\src\\Illuminate\\Cookie\\Middleware\\AddQueuedCookiesToResponse.php(37): Illuminate\\Pipeline\\Pipeline->Illuminate\\Pipeline\\{closure}(Object(Illuminate\\Http\\Request))
#48 R:\\SoftwareFiles\\laragon\\www\\richminis\\vendor\\laravel\\framework\\src\\Illuminate\\Pipeline\\Pipeline.php(183): Illuminate\\Cookie\\Middleware\\AddQueuedCookiesToResponse->handle(Object(Illuminate\\Http\\Request), Object(Closure))
#49 R:\\SoftwareFiles\\laragon\\www\\richminis\\vendor\\laravel\\framework\\src\\Illuminate\\Pipeline\\Pipeline.php(119): Illuminate\\Pipeline\\Pipeline->Illuminate\\Pipeline\\{closure}(Object(Illuminate\\Http\\Request))
#50 R:\\SoftwareFiles\\laragon\\www\\richminis\\vendor\\laravel\\framework\\src\\Illuminate\\Routing\\Router.php(805): Illuminate\\Pipeline\\Pipeline->then(Object(Closure))
#51 R:\\SoftwareFiles\\laragon\\www\\richminis\\vendor\\laravel\\framework\\src\\Illuminate\\Routing\\Router.php(784): Illuminate\\Routing\\Router->runRouteWithinStack(Object(Illuminate\\Routing\\Route), Object(Illuminate\\Http\\Request))
#52 R:\\SoftwareFiles\\laragon\\www\\richminis\\vendor\\laravel\\framework\\src\\Illuminate\\Routing\\Router.php(748): Illuminate\\Routing\\Router->runRoute(Object(Illuminate\\Http\\Request), Object(Illuminate\\Routing\\Route))
#53 R:\\SoftwareFiles\\laragon\\www\\richminis\\vendor\\laravel\\framework\\src\\Illuminate\\Routing\\Router.php(737): Illuminate\\Routing\\Router->dispatchToRoute(Object(Illuminate\\Http\\Request))
#54 R:\\SoftwareFiles\\laragon\\www\\richminis\\vendor\\laravel\\framework\\src\\Illuminate\\Foundation\\Http\\Kernel.php(200): Illuminate\\Routing\\Router->dispatch(Object(Illuminate\\Http\\Request))
#55 R:\\SoftwareFiles\\laragon\\www\\richminis\\vendor\\laravel\\framework\\src\\Illuminate\\Pipeline\\Pipeline.php(144): Illuminate\\Foundation\\Http\\Kernel->Illuminate\\Foundation\\Http\\{closure}(Object(Illuminate\\Http\\Request))
#56 R:\\SoftwareFiles\\laragon\\www\\richminis\\vendor\\barryvdh\\laravel-debugbar\\src\\Middleware\\InjectDebugbar.php(59): Illuminate\\Pipeline\\Pipeline->Illuminate\\Pipeline\\{closure}(Object(Illuminate\\Http\\Request))
#57 R:\\SoftwareFiles\\laragon\\www\\richminis\\vendor\\laravel\\framework\\src\\Illuminate\\Pipeline\\Pipeline.php(183): Barryvdh\\Debugbar\\Middleware\\InjectDebugbar->handle(Object(Illuminate\\Http\\Request), Object(Closure))
#58 R:\\SoftwareFiles\\laragon\\www\\richminis\\vendor\\laravel\\framework\\src\\Illuminate\\View\\Middleware\\ShareErrorsFromSession.php(49): Illuminate\\Pipeline\\Pipeline->Illuminate\\Pipeline\\{closure}(Object(Illuminate\\Http\\Request))
#59 R:\\SoftwareFiles\\laragon\\www\\richminis\\vendor\\laravel\\framework\\src\\Illuminate\\Pipeline\\Pipeline.php(183): Illuminate\\View\\Middleware\\ShareErrorsFromSession->handle(Object(Illuminate\\Http\\Request), Object(Closure))
#60 R:\\SoftwareFiles\\laragon\\www\\richminis\\vendor\\laravel\\framework\\src\\Illuminate\\Session\\Middleware\\StartSession.php(121): Illuminate\\Pipeline\\Pipeline->Illuminate\\Pipeline\\{closure}(Object(Illuminate\\Http\\Request))
#61 R:\\SoftwareFiles\\laragon\\www\\richminis\\vendor\\laravel\\framework\\src\\Illuminate\\Session\\Middleware\\StartSession.php(64): Illuminate\\Session\\Middleware\\StartSession->handleStatefulRequest(Object(Illuminate\\Http\\Request), Object(Illuminate\\Session\\Store), Object(Closure))
#62 R:\\SoftwareFiles\\laragon\\www\\richminis\\vendor\\laravel\\framework\\src\\Illuminate\\Pipeline\\Pipeline.php(183): Illuminate\\Session\\Middleware\\StartSession->handle(Object(Illuminate\\Http\\Request), Object(Closure))
#63 R:\\SoftwareFiles\\laragon\\www\\richminis\\vendor\\laravel\\framework\\src\\Illuminate\\Http\\Middleware\\TrustProxies.php(39): Illuminate\\Pipeline\\Pipeline->Illuminate\\Pipeline\\{closure}(Object(Illuminate\\Http\\Request))
#64 R:\\SoftwareFiles\\laragon\\www\\richminis\\vendor\\laravel\\framework\\src\\Illuminate\\Pipeline\\Pipeline.php(183): Illuminate\\Http\\Middleware\\TrustProxies->handle(Object(Illuminate\\Http\\Request), Object(Closure))
#65 R:\\SoftwareFiles\\laragon\\www\\richminis\\vendor\\laravel\\framework\\src\\Illuminate\\Foundation\\Http\\Middleware\\TransformsRequest.php(21): Illuminate\\Pipeline\\Pipeline->Illuminate\\Pipeline\\{closure}(Object(Illuminate\\Http\\Request))
#66 R:\\SoftwareFiles\\laragon\\www\\richminis\\vendor\\laravel\\framework\\src\\Illuminate\\Foundation\\Http\\Middleware\\ConvertEmptyStringsToNull.php(31): Illuminate\\Foundation\\Http\\Middleware\\TransformsRequest->handle(Object(Illuminate\\Http\\Request), Object(Closure))
#67 R:\\SoftwareFiles\\laragon\\www\\richminis\\vendor\\laravel\\framework\\src\\Illuminate\\Pipeline\\Pipeline.php(183): Illuminate\\Foundation\\Http\\Middleware\\ConvertEmptyStringsToNull->handle(Object(Illuminate\\Http\\Request), Object(Closure))
#68 R:\\SoftwareFiles\\laragon\\www\\richminis\\vendor\\laravel\\framework\\src\\Illuminate\\Foundation\\Http\\Middleware\\TransformsRequest.php(21): Illuminate\\Pipeline\\Pipeline->Illuminate\\Pipeline\\{closure}(Object(Illuminate\\Http\\Request))
#69 R:\\SoftwareFiles\\laragon\\www\\richminis\\vendor\\laravel\\framework\\src\\Illuminate\\Foundation\\Http\\Middleware\\TrimStrings.php(40): Illuminate\\Foundation\\Http\\Middleware\\TransformsRequest->handle(Object(Illuminate\\Http\\Request), Object(Closure))
#70 R:\\SoftwareFiles\\laragon\\www\\richminis\\vendor\\laravel\\framework\\src\\Illuminate\\Pipeline\\Pipeline.php(183): Illuminate\\Foundation\\Http\\Middleware\\TrimStrings->handle(Object(Illuminate\\Http\\Request), Object(Closure))
#71 R:\\SoftwareFiles\\laragon\\www\\richminis\\vendor\\laravel\\framework\\src\\Illuminate\\Foundation\\Http\\Middleware\\ValidatePostSize.php(27): Illuminate\\Pipeline\\Pipeline->Illuminate\\Pipeline\\{closure}(Object(Illuminate\\Http\\Request))
#72 R:\\SoftwareFiles\\laragon\\www\\richminis\\vendor\\laravel\\framework\\src\\Illuminate\\Pipeline\\Pipeline.php(183): Illuminate\\Foundation\\Http\\Middleware\\ValidatePostSize->handle(Object(Illuminate\\Http\\Request), Object(Closure))
#73 R:\\SoftwareFiles\\laragon\\www\\richminis\\vendor\\laravel\\framework\\src\\Illuminate\\Pipeline\\Pipeline.php(119): Illuminate\\Pipeline\\Pipeline->Illuminate\\Pipeline\\{closure}(Object(Illuminate\\Http\\Request))
#74 R:\\SoftwareFiles\\laragon\\www\\richminis\\vendor\\laravel\\framework\\src\\Illuminate\\Foundation\\Http\\Kernel.php(175): Illuminate\\Pipeline\\Pipeline->then(Object(Closure))
#75 R:\\SoftwareFiles\\laragon\\www\\richminis\\vendor\\laravel\\framework\\src\\Illuminate\\Foundation\\Http\\Kernel.php(144): Illuminate\\Foundation\\Http\\Kernel->sendRequestThroughRouter(Object(Illuminate\\Http\\Request))
#76 R:\\SoftwareFiles\\laragon\\www\\richminis\\index.php(56): Illuminate\\Foundation\\Http\\Kernel->handle(Object(Illuminate\\Http\\Request))
#77 {main}

[previous exception] [object] (Illuminate\\Database\\QueryException(code: 1049): SQLSTATE[HY000] [1049] Unknown database 'richhminis' (Connection: mysql, SQL: select * from `languages` where `code` = en limit 1) at R:\\SoftwareFiles\\laragon\\www\\richminis\\vendor\\laravel\\framework\\src\\Illuminate\\Database\\Connection.php:829)
[stacktrace]
#0 R:\\SoftwareFiles\\laragon\\www\\richminis\\vendor\\laravel\\framework\\src\\Illuminate\\Database\\Connection.php(783): Illuminate\\Database\\Connection->runQueryCallback('select * from `...', Array, Object(Closure))
#1 R:\\SoftwareFiles\\laragon\\www\\richminis\\vendor\\laravel\\framework\\src\\Illuminate\\Database\\Connection.php(414): Illuminate\\Database\\Connection->run('select * from `...', Array, Object(Closure))
#2 R:\\SoftwareFiles\\laragon\\www\\richminis\\vendor\\laravel\\framework\\src\\Illuminate\\Database\\Query\\Builder.php(2913): Illuminate\\Database\\Connection->select('select * from `...', Array, true)
#3 R:\\SoftwareFiles\\laragon\\www\\richminis\\vendor\\laravel\\framework\\src\\Illuminate\\Database\\Query\\Builder.php(2902): Illuminate\\Database\\Query\\Builder->runSelect()
#4 R:\\SoftwareFiles\\laragon\\www\\richminis\\vendor\\laravel\\framework\\src\\Illuminate\\Database\\Query\\Builder.php(3456): Illuminate\\Database\\Query\\Builder->Illuminate\\Database\\Query\\{closure}()
#5 R:\\SoftwareFiles\\laragon\\www\\richminis\\vendor\\laravel\\framework\\src\\Illuminate\\Database\\Query\\Builder.php(2901): Illuminate\\Database\\Query\\Builder->onceWithColumns(Array, Object(Closure))
#6 R:\\SoftwareFiles\\laragon\\www\\richminis\\vendor\\laravel\\framework\\src\\Illuminate\\Database\\Eloquent\\Builder.php(739): Illuminate\\Database\\Query\\Builder->get(Array)
#7 R:\\SoftwareFiles\\laragon\\www\\richminis\\vendor\\laravel\\framework\\src\\Illuminate\\Database\\Eloquent\\Builder.php(723): Illuminate\\Database\\Eloquent\\Builder->getModels(Array)
#8 R:\\SoftwareFiles\\laragon\\www\\richminis\\vendor\\laravel\\framework\\src\\Illuminate\\Database\\Concerns\\BuildsQueries.php(333): Illuminate\\Database\\Eloquent\\Builder->get(Array)
#9 R:\\SoftwareFiles\\laragon\\www\\richminis\\app\\Http\\Helpers.php(1910): Illuminate\\Database\\Eloquent\\Builder->first()
#10 R:\\SoftwareFiles\\laragon\\www\\richminis\\storage\\framework\\views\\01bb5cc1e16cb980c446b7fd8dc941ab.php(4): get_session_language()
#11 R:\\SoftwareFiles\\laragon\\www\\richminis\\vendor\\laravel\\framework\\src\\Illuminate\\Filesystem\\Filesystem.php(123): require('R:\\\\SoftwareFile...')
#12 R:\\SoftwareFiles\\laragon\\www\\richminis\\vendor\\laravel\\framework\\src\\Illuminate\\Filesystem\\Filesystem.php(124): Illuminate\\Filesystem\\Filesystem::Illuminate\\Filesystem\\{closure}()
#13 R:\\SoftwareFiles\\laragon\\www\\richminis\\vendor\\laravel\\framework\\src\\Illuminate\\View\\Engines\\PhpEngine.php(58): Illuminate\\Filesystem\\Filesystem->getRequire('R:\\\\SoftwareFile...', Array)
#14 R:\\SoftwareFiles\\laragon\\www\\richminis\\vendor\\laravel\\framework\\src\\Illuminate\\View\\Engines\\CompilerEngine.php(72): Illuminate\\View\\Engines\\PhpEngine->evaluatePath('R:\\\\SoftwareFile...', Array)
#15 R:\\SoftwareFiles\\laragon\\www\\richminis\\vendor\\laravel\\framework\\src\\Illuminate\\View\\View.php(207): Illuminate\\View\\Engines\\CompilerEngine->get('R:\\\\SoftwareFile...', Array)
#16 R:\\SoftwareFiles\\laragon\\www\\richminis\\vendor\\laravel\\framework\\src\\Illuminate\\View\\View.php(190): Illuminate\\View\\View->getContents()
#17 R:\\SoftwareFiles\\laragon\\www\\richminis\\vendor\\laravel\\framework\\src\\Illuminate\\View\\View.php(159): Illuminate\\View\\View->renderContents()
#18 R:\\SoftwareFiles\\laragon\\www\\richminis\\storage\\framework\\views\\fdd99c090a03634a98480b55657bbf97.php(34): Illuminate\\View\\View->render()
#19 R:\\SoftwareFiles\\laragon\\www\\richminis\\vendor\\laravel\\framework\\src\\Illuminate\\Filesystem\\Filesystem.php(123): require('R:\\\\SoftwareFile...')
#20 R:\\SoftwareFiles\\laragon\\www\\richminis\\vendor\\laravel\\framework\\src\\Illuminate\\Filesystem\\Filesystem.php(124): Illuminate\\Filesystem\\Filesystem::Illuminate\\Filesystem\\{closure}()
#21 R:\\SoftwareFiles\\laragon\\www\\richminis\\vendor\\laravel\\framework\\src\\Illuminate\\View\\Engines\\PhpEngine.php(58): Illuminate\\Filesystem\\Filesystem->getRequire('R:\\\\SoftwareFile...', Array)
#22 R:\\SoftwareFiles\\laragon\\www\\richminis\\vendor\\laravel\\framework\\src\\Illuminate\\View\\Engines\\CompilerEngine.php(72): Illuminate\\View\\Engines\\PhpEngine->evaluatePath('R:\\\\SoftwareFile...', Array)
#23 R:\\SoftwareFiles\\laragon\\www\\richminis\\vendor\\laravel\\framework\\src\\Illuminate\\View\\View.php(207): Illuminate\\View\\Engines\\CompilerEngine->get('R:\\\\SoftwareFile...', Array)
#24 R:\\SoftwareFiles\\laragon\\www\\richminis\\vendor\\laravel\\framework\\src\\Illuminate\\View\\View.php(190): Illuminate\\View\\View->getContents()
#25 R:\\SoftwareFiles\\laragon\\www\\richminis\\vendor\\laravel\\framework\\src\\Illuminate\\View\\View.php(159): Illuminate\\View\\View->renderContents()
#26 R:\\SoftwareFiles\\laragon\\www\\richminis\\vendor\\laravel\\framework\\src\\Illuminate\\Http\\Response.php(69): Illuminate\\View\\View->render()
#27 R:\\SoftwareFiles\\laragon\\www\\richminis\\vendor\\laravel\\framework\\src\\Illuminate\\Http\\Response.php(35): Illuminate\\Http\\Response->setContent(Object(Illuminate\\View\\View))
#28 R:\\SoftwareFiles\\laragon\\www\\richminis\\vendor\\laravel\\framework\\src\\Illuminate\\Routing\\ResponseFactory.php(58): Illuminate\\Http\\Response->__construct(Object(Illuminate\\View\\View), 500, Array)
#29 R:\\SoftwareFiles\\laragon\\www\\richminis\\vendor\\laravel\\framework\\src\\Illuminate\\Routing\\ResponseFactory.php(88): Illuminate\\Routing\\ResponseFactory->make(Object(Illuminate\\View\\View), 500, Array)
#30 R:\\SoftwareFiles\\laragon\\www\\richminis\\vendor\\laravel\\framework\\src\\Illuminate\\Foundation\\Exceptions\\Handler.php(723): Illuminate\\Routing\\ResponseFactory->view('errors::500', Array, 500, Array)
#31 R:\\SoftwareFiles\\laragon\\www\\richminis\\vendor\\laravel\\framework\\src\\Illuminate\\Foundation\\Exceptions\\Handler.php(650): Illuminate\\Foundation\\Exceptions\\Handler->renderHttpException(Object(Symfony\\Component\\HttpKernel\\Exception\\HttpException))
#32 R:\\SoftwareFiles\\laragon\\www\\richminis\\vendor\\laravel\\framework\\src\\Illuminate\\Foundation\\Exceptions\\Handler.php(556): Illuminate\\Foundation\\Exceptions\\Handler->prepareResponse(Object(Illuminate\\Http\\Request), Object(Symfony\\Component\\HttpKernel\\Exception\\HttpException))
#33 R:\\SoftwareFiles\\laragon\\www\\richminis\\vendor\\laravel\\framework\\src\\Illuminate\\Foundation\\Exceptions\\Handler.php(473): Illuminate\\Foundation\\Exceptions\\Handler->renderExceptionResponse(Object(Illuminate\\Http\\Request), Object(Illuminate\\Database\\QueryException))
#34 R:\\SoftwareFiles\\laragon\\www\\richminis\\app\\Exceptions\\Handler.php(59): Illuminate\\Foundation\\Exceptions\\Handler->render(Object(Illuminate\\Http\\Request), Object(Illuminate\\Database\\QueryException))
#35 R:\\SoftwareFiles\\laragon\\www\\richminis\\vendor\\laravel\\framework\\src\\Illuminate\\Routing\\Pipeline.php(51): App\\Exceptions\\Handler->render(Object(Illuminate\\Http\\Request), Object(Illuminate\\Database\\QueryException))
#36 R:\\SoftwareFiles\\laragon\\www\\richminis\\vendor\\laravel\\framework\\src\\Illuminate\\Pipeline\\Pipeline.php(146): Illuminate\\Routing\\Pipeline->handleException(Object(Illuminate\\Http\\Request), Object(Illuminate\\Database\\QueryException))
#37 R:\\SoftwareFiles\\laragon\\www\\richminis\\app\\Http\\Middleware\\CheckForMaintenanceMode.php(64): Illuminate\\Pipeline\\Pipeline->Illuminate\\Pipeline\\{closure}(Object(Illuminate\\Http\\Request))
#38 R:\\SoftwareFiles\\laragon\\www\\richminis\\vendor\\laravel\\framework\\src\\Illuminate\\Pipeline\\Pipeline.php(183): App\\Http\\Middleware\\CheckForMaintenanceMode->handle(Object(Illuminate\\Http\\Request), Object(Closure))
#39 R:\\SoftwareFiles\\laragon\\www\\richminis\\app\\Http\\Middleware\\HttpsProtocol.php(20): Illuminate\\Pipeline\\Pipeline->Illuminate\\Pipeline\\{closure}(Object(Illuminate\\Http\\Request))
#40 R:\\SoftwareFiles\\laragon\\www\\richminis\\vendor\\laravel\\framework\\src\\Illuminate\\Pipeline\\Pipeline.php(183): App\\Http\\Middleware\\HttpsProtocol->handle(Object(Illuminate\\Http\\Request), Object(Closure))
#41 R:\\SoftwareFiles\\laragon\\www\\richminis\\app\\Http\\Middleware\\Language.php(35): Illuminate\\Pipeline\\Pipeline->Illuminate\\Pipeline\\{closure}(Object(Illuminate\\Http\\Request))
#42 R:\\SoftwareFiles\\laragon\\www\\richminis\\vendor\\laravel\\framework\\src\\Illuminate\\Pipeline\\Pipeline.php(183): App\\Http\\Middleware\\Language->handle(Object(Illuminate\\Http\\Request), Object(Closure))
#43 R:\\SoftwareFiles\\laragon\\www\\richminis\\vendor\\laravel\\framework\\src\\Illuminate\\Routing\\Middleware\\SubstituteBindings.php(50): Illuminate\\Pipeline\\Pipeline->Illuminate\\Pipeline\\{closure}(Object(Illuminate\\Http\\Request))
#44 R:\\SoftwareFiles\\laragon\\www\\richminis\\vendor\\laravel\\framework\\src\\Illuminate\\Pipeline\\Pipeline.php(183): Illuminate\\Routing\\Middleware\\SubstituteBindings->handle(Object(Illuminate\\Http\\Request), Object(Closure))
#45 R:\\SoftwareFiles\\laragon\\www\\richminis\\vendor\\laravel\\framework\\src\\Illuminate\\Foundation\\Http\\Middleware\\VerifyCsrfToken.php(78): Illuminate\\Pipeline\\Pipeline->Illuminate\\Pipeline\\{closure}(Object(Illuminate\\Http\\Request))
#46 R:\\SoftwareFiles\\laragon\\www\\richminis\\vendor\\laravel\\framework\\src\\Illuminate\\Pipeline\\Pipeline.php(183): Illuminate\\Foundation\\Http\\Middleware\\VerifyCsrfToken->handle(Object(Illuminate\\Http\\Request), Object(Closure))
#47 R:\\SoftwareFiles\\laragon\\www\\richminis\\vendor\\laravel\\framework\\src\\Illuminate\\Cookie\\Middleware\\AddQueuedCookiesToResponse.php(37): Illuminate\\Pipeline\\Pipeline->Illuminate\\Pipeline\\{closure}(Object(Illuminate\\Http\\Request))
#48 R:\\SoftwareFiles\\laragon\\www\\richminis\\vendor\\laravel\\framework\\src\\Illuminate\\Pipeline\\Pipeline.php(183): Illuminate\\Cookie\\Middleware\\AddQueuedCookiesToResponse->handle(Object(Illuminate\\Http\\Request), Object(Closure))
#49 R:\\SoftwareFiles\\laragon\\www\\richminis\\vendor\\laravel\\framework\\src\\Illuminate\\Pipeline\\Pipeline.php(119): Illuminate\\Pipeline\\Pipeline->Illuminate\\Pipeline\\{closure}(Object(Illuminate\\Http\\Request))
#50 R:\\SoftwareFiles\\laragon\\www\\richminis\\vendor\\laravel\\framework\\src\\Illuminate\\Routing\\Router.php(805): Illuminate\\Pipeline\\Pipeline->then(Object(Closure))
#51 R:\\SoftwareFiles\\laragon\\www\\richminis\\vendor\\laravel\\framework\\src\\Illuminate\\Routing\\Router.php(784): Illuminate\\Routing\\Router->runRouteWithinStack(Object(Illuminate\\Routing\\Route), Object(Illuminate\\Http\\Request))
#52 R:\\SoftwareFiles\\laragon\\www\\richminis\\vendor\\laravel\\framework\\src\\Illuminate\\Routing\\Router.php(748): Illuminate\\Routing\\Router->runRoute(Object(Illuminate\\Http\\Request), Object(Illuminate\\Routing\\Route))
#53 R:\\SoftwareFiles\\laragon\\www\\richminis\\vendor\\laravel\\framework\\src\\Illuminate\\Routing\\Router.php(737): Illuminate\\Routing\\Router->dispatchToRoute(Object(Illuminate\\Http\\Request))
#54 R:\\SoftwareFiles\\laragon\\www\\richminis\\vendor\\laravel\\framework\\src\\Illuminate\\Foundation\\Http\\Kernel.php(200): Illuminate\\Routing\\Router->dispatch(Object(Illuminate\\Http\\Request))
#55 R:\\SoftwareFiles\\laragon\\www\\richminis\\vendor\\laravel\\framework\\src\\Illuminate\\Pipeline\\Pipeline.php(144): Illuminate\\Foundation\\Http\\Kernel->Illuminate\\Foundation\\Http\\{closure}(Object(Illuminate\\Http\\Request))
#56 R:\\SoftwareFiles\\laragon\\www\\richminis\\vendor\\barryvdh\\laravel-debugbar\\src\\Middleware\\InjectDebugbar.php(59): Illuminate\\Pipeline\\Pipeline->Illuminate\\Pipeline\\{closure}(Object(Illuminate\\Http\\Request))
#57 R:\\SoftwareFiles\\laragon\\www\\richminis\\vendor\\laravel\\framework\\src\\Illuminate\\Pipeline\\Pipeline.php(183): Barryvdh\\Debugbar\\Middleware\\InjectDebugbar->handle(Object(Illuminate\\Http\\Request), Object(Closure))
#58 R:\\SoftwareFiles\\laragon\\www\\richminis\\vendor\\laravel\\framework\\src\\Illuminate\\View\\Middleware\\ShareErrorsFromSession.php(49): Illuminate\\Pipeline\\Pipeline->Illuminate\\Pipeline\\{closure}(Object(Illuminate\\Http\\Request))
#59 R:\\SoftwareFiles\\laragon\\www\\richminis\\vendor\\laravel\\framework\\src\\Illuminate\\Pipeline\\Pipeline.php(183): Illuminate\\View\\Middleware\\ShareErrorsFromSession->handle(Object(Illuminate\\Http\\Request), Object(Closure))
#60 R:\\SoftwareFiles\\laragon\\www\\richminis\\vendor\\laravel\\framework\\src\\Illuminate\\Session\\Middleware\\StartSession.php(121): Illuminate\\Pipeline\\Pipeline->Illuminate\\Pipeline\\{closure}(Object(Illuminate\\Http\\Request))
#61 R:\\SoftwareFiles\\laragon\\www\\richminis\\vendor\\laravel\\framework\\src\\Illuminate\\Session\\Middleware\\StartSession.php(64): Illuminate\\Session\\Middleware\\StartSession->handleStatefulRequest(Object(Illuminate\\Http\\Request), Object(Illuminate\\Session\\Store), Object(Closure))
#62 R:\\SoftwareFiles\\laragon\\www\\richminis\\vendor\\laravel\\framework\\src\\Illuminate\\Pipeline\\Pipeline.php(183): Illuminate\\Session\\Middleware\\StartSession->handle(Object(Illuminate\\Http\\Request), Object(Closure))
#63 R:\\SoftwareFiles\\laragon\\www\\richminis\\vendor\\laravel\\framework\\src\\Illuminate\\Http\\Middleware\\TrustProxies.php(39): Illuminate\\Pipeline\\Pipeline->Illuminate\\Pipeline\\{closure}(Object(Illuminate\\Http\\Request))
#64 R:\\SoftwareFiles\\laragon\\www\\richminis\\vendor\\laravel\\framework\\src\\Illuminate\\Pipeline\\Pipeline.php(183): Illuminate\\Http\\Middleware\\TrustProxies->handle(Object(Illuminate\\Http\\Request), Object(Closure))
#65 R:\\SoftwareFiles\\laragon\\www\\richminis\\vendor\\laravel\\framework\\src\\Illuminate\\Foundation\\Http\\Middleware\\TransformsRequest.php(21): Illuminate\\Pipeline\\Pipeline->Illuminate\\Pipeline\\{closure}(Object(Illuminate\\Http\\Request))
#66 R:\\SoftwareFiles\\laragon\\www\\richminis\\vendor\\laravel\\framework\\src\\Illuminate\\Foundation\\Http\\Middleware\\ConvertEmptyStringsToNull.php(31): Illuminate\\Foundation\\Http\\Middleware\\TransformsRequest->handle(Object(Illuminate\\Http\\Request), Object(Closure))
#67 R:\\SoftwareFiles\\laragon\\www\\richminis\\vendor\\laravel\\framework\\src\\Illuminate\\Pipeline\\Pipeline.php(183): Illuminate\\Foundation\\Http\\Middleware\\ConvertEmptyStringsToNull->handle(Object(Illuminate\\Http\\Request), Object(Closure))
#68 R:\\SoftwareFiles\\laragon\\www\\richminis\\vendor\\laravel\\framework\\src\\Illuminate\\Foundation\\Http\\Middleware\\TransformsRequest.php(21): Illuminate\\Pipeline\\Pipeline->Illuminate\\Pipeline\\{closure}(Object(Illuminate\\Http\\Request))
#69 R:\\SoftwareFiles\\laragon\\www\\richminis\\vendor\\laravel\\framework\\src\\Illuminate\\Foundation\\Http\\Middleware\\TrimStrings.php(40): Illuminate\\Foundation\\Http\\Middleware\\TransformsRequest->handle(Object(Illuminate\\Http\\Request), Object(Closure))
#70 R:\\SoftwareFiles\\laragon\\www\\richminis\\vendor\\laravel\\framework\\src\\Illuminate\\Pipeline\\Pipeline.php(183): Illuminate\\Foundation\\Http\\Middleware\\TrimStrings->handle(Object(Illuminate\\Http\\Request), Object(Closure))
#71 R:\\SoftwareFiles\\laragon\\www\\richminis\\vendor\\laravel\\framework\\src\\Illuminate\\Foundation\\Http\\Middleware\\ValidatePostSize.php(27): Illuminate\\Pipeline\\Pipeline->Illuminate\\Pipeline\\{closure}(Object(Illuminate\\Http\\Request))
#72 R:\\SoftwareFiles\\laragon\\www\\richminis\\vendor\\laravel\\framework\\src\\Illuminate\\Pipeline\\Pipeline.php(183): Illuminate\\Foundation\\Http\\Middleware\\ValidatePostSize->handle(Object(Illuminate\\Http\\Request), Object(Closure))
#73 R:\\SoftwareFiles\\laragon\\www\\richminis\\vendor\\laravel\\framework\\src\\Illuminate\\Pipeline\\Pipeline.php(119): Illuminate\\Pipeline\\Pipeline->Illuminate\\Pipeline\\{closure}(Object(Illuminate\\Http\\Request))
#74 R:\\SoftwareFiles\\laragon\\www\\richminis\\vendor\\laravel\\framework\\src\\Illuminate\\Foundation\\Http\\Kernel.php(175): Illuminate\\Pipeline\\Pipeline->then(Object(Closure))
#75 R:\\SoftwareFiles\\laragon\\www\\richminis\\vendor\\laravel\\framework\\src\\Illuminate\\Foundation\\Http\\Kernel.php(144): Illuminate\\Foundation\\Http\\Kernel->sendRequestThroughRouter(Object(Illuminate\\Http\\Request))
#76 R:\\SoftwareFiles\\laragon\\www\\richminis\\index.php(56): Illuminate\\Foundation\\Http\\Kernel->handle(Object(Illuminate\\Http\\Request))
#77 {main}

[previous exception] [object] (PDOException(code: 1049): SQLSTATE[HY000] [1049] Unknown database 'richhminis' at R:\\SoftwareFiles\\laragon\\www\\richminis\\vendor\\laravel\\framework\\src\\Illuminate\\Database\\Connectors\\Connector.php:65)
[stacktrace]
#0 R:\\SoftwareFiles\\laragon\\www\\richminis\\vendor\\laravel\\framework\\src\\Illuminate\\Database\\Connectors\\Connector.php(65): PDO->__construct('mysql:host=loca...', 'root', Object(SensitiveParameterValue), Array)
#1 R:\\SoftwareFiles\\laragon\\www\\richminis\\vendor\\laravel\\framework\\src\\Illuminate\\Database\\Connectors\\Connector.php(44): Illuminate\\Database\\Connectors\\Connector->createPdoConnection('mysql:host=loca...', 'root', '', Array)
#2 R:\\SoftwareFiles\\laragon\\www\\richminis\\vendor\\laravel\\framework\\src\\Illuminate\\Database\\Connectors\\MySqlConnector.php(24): Illuminate\\Database\\Connectors\\Connector->createConnection('mysql:host=loca...', Array, Array)
#3 R:\\SoftwareFiles\\laragon\\www\\richminis\\vendor\\laravel\\framework\\src\\Illuminate\\Database\\Connectors\\ConnectionFactory.php(184): Illuminate\\Database\\Connectors\\MySqlConnector->connect(Array)
#4 [internal function]: Illuminate\\Database\\Connectors\\ConnectionFactory->Illuminate\\Database\\Connectors\\{closure}()
#5 R:\\SoftwareFiles\\laragon\\www\\richminis\\vendor\\laravel\\framework\\src\\Illuminate\\Database\\Connection.php(1339): call_user_func(Object(Closure))
#6 R:\\SoftwareFiles\\laragon\\www\\richminis\\vendor\\laravel\\framework\\src\\Illuminate\\Database\\Connection.php(1375): Illuminate\\Database\\Connection->getPdo()
#7 R:\\SoftwareFiles\\laragon\\www\\richminis\\vendor\\laravel\\framework\\src\\Illuminate\\Database\\Connection.php(528): Illuminate\\Database\\Connection->getReadPdo()
#8 R:\\SoftwareFiles\\laragon\\www\\richminis\\vendor\\laravel\\framework\\src\\Illuminate\\Database\\Connection.php(423): Illuminate\\Database\\Connection->getPdoForSelect(true)
#9 R:\\SoftwareFiles\\laragon\\www\\richminis\\vendor\\laravel\\framework\\src\\Illuminate\\Database\\Connection.php(816): Illuminate\\Database\\Connection->Illuminate\\Database\\{closure}('select * from `...', Array)
#10 R:\\SoftwareFiles\\laragon\\www\\richminis\\vendor\\laravel\\framework\\src\\Illuminate\\Database\\Connection.php(783): Illuminate\\Database\\Connection->runQueryCallback('select * from `...', Array, Object(Closure))
#11 R:\\SoftwareFiles\\laragon\\www\\richminis\\vendor\\laravel\\framework\\src\\Illuminate\\Database\\Connection.php(414): Illuminate\\Database\\Connection->run('select * from `...', Array, Object(Closure))
#12 R:\\SoftwareFiles\\laragon\\www\\richminis\\vendor\\laravel\\framework\\src\\Illuminate\\Database\\Query\\Builder.php(2913): Illuminate\\Database\\Connection->select('select * from `...', Array, true)
#13 R:\\SoftwareFiles\\laragon\\www\\richminis\\vendor\\laravel\\framework\\src\\Illuminate\\Database\\Query\\Builder.php(2902): Illuminate\\Database\\Query\\Builder->runSelect()
#14 R:\\SoftwareFiles\\laragon\\www\\richminis\\vendor\\laravel\\framework\\src\\Illuminate\\Database\\Query\\Builder.php(3456): Illuminate\\Database\\Query\\Builder->Illuminate\\Database\\Query\\{closure}()
#15 R:\\SoftwareFiles\\laragon\\www\\richminis\\vendor\\laravel\\framework\\src\\Illuminate\\Database\\Query\\Builder.php(2901): Illuminate\\Database\\Query\\Builder->onceWithColumns(Array, Object(Closure))
#16 R:\\SoftwareFiles\\laragon\\www\\richminis\\vendor\\laravel\\framework\\src\\Illuminate\\Database\\Eloquent\\Builder.php(739): Illuminate\\Database\\Query\\Builder->get(Array)
#17 R:\\SoftwareFiles\\laragon\\www\\richminis\\vendor\\laravel\\framework\\src\\Illuminate\\Database\\Eloquent\\Builder.php(723): Illuminate\\Database\\Eloquent\\Builder->getModels(Array)
#18 R:\\SoftwareFiles\\laragon\\www\\richminis\\vendor\\laravel\\framework\\src\\Illuminate\\Database\\Concerns\\BuildsQueries.php(333): Illuminate\\Database\\Eloquent\\Builder->get(Array)
#19 R:\\SoftwareFiles\\laragon\\www\\richminis\\app\\Http\\Helpers.php(1910): Illuminate\\Database\\Eloquent\\Builder->first()
#20 R:\\SoftwareFiles\\laragon\\www\\richminis\\storage\\framework\\views\\01bb5cc1e16cb980c446b7fd8dc941ab.php(4): get_session_language()
#21 R:\\SoftwareFiles\\laragon\\www\\richminis\\vendor\\laravel\\framework\\src\\Illuminate\\Filesystem\\Filesystem.php(123): require('R:\\\\SoftwareFile...')
#22 R:\\SoftwareFiles\\laragon\\www\\richminis\\vendor\\laravel\\framework\\src\\Illuminate\\Filesystem\\Filesystem.php(124): Illuminate\\Filesystem\\Filesystem::Illuminate\\Filesystem\\{closure}()
#23 R:\\SoftwareFiles\\laragon\\www\\richminis\\vendor\\laravel\\framework\\src\\Illuminate\\View\\Engines\\PhpEngine.php(58): Illuminate\\Filesystem\\Filesystem->getRequire('R:\\\\SoftwareFile...', Array)
#24 R:\\SoftwareFiles\\laragon\\www\\richminis\\vendor\\laravel\\framework\\src\\Illuminate\\View\\Engines\\CompilerEngine.php(72): Illuminate\\View\\Engines\\PhpEngine->evaluatePath('R:\\\\SoftwareFile...', Array)
#25 R:\\SoftwareFiles\\laragon\\www\\richminis\\vendor\\laravel\\framework\\src\\Illuminate\\View\\View.php(207): Illuminate\\View\\Engines\\CompilerEngine->get('R:\\\\SoftwareFile...', Array)
#26 R:\\SoftwareFiles\\laragon\\www\\richminis\\vendor\\laravel\\framework\\src\\Illuminate\\View\\View.php(190): Illuminate\\View\\View->getContents()
#27 R:\\SoftwareFiles\\laragon\\www\\richminis\\vendor\\laravel\\framework\\src\\Illuminate\\View\\View.php(159): Illuminate\\View\\View->renderContents()
#28 R:\\SoftwareFiles\\laragon\\www\\richminis\\storage\\framework\\views\\fdd99c090a03634a98480b55657bbf97.php(34): Illuminate\\View\\View->render()
#29 R:\\SoftwareFiles\\laragon\\www\\richminis\\vendor\\laravel\\framework\\src\\Illuminate\\Filesystem\\Filesystem.php(123): require('R:\\\\SoftwareFile...')
#30 R:\\SoftwareFiles\\laragon\\www\\richminis\\vendor\\laravel\\framework\\src\\Illuminate\\Filesystem\\Filesystem.php(124): Illuminate\\Filesystem\\Filesystem::Illuminate\\Filesystem\\{closure}()
#31 R:\\SoftwareFiles\\laragon\\www\\richminis\\vendor\\laravel\\framework\\src\\Illuminate\\View\\Engines\\PhpEngine.php(58): Illuminate\\Filesystem\\Filesystem->getRequire('R:\\\\SoftwareFile...', Array)
#32 R:\\SoftwareFiles\\laragon\\www\\richminis\\vendor\\laravel\\framework\\src\\Illuminate\\View\\Engines\\CompilerEngine.php(72): Illuminate\\View\\Engines\\PhpEngine->evaluatePath('R:\\\\SoftwareFile...', Array)
#33 R:\\SoftwareFiles\\laragon\\www\\richminis\\vendor\\laravel\\framework\\src\\Illuminate\\View\\View.php(207): Illuminate\\View\\Engines\\CompilerEngine->get('R:\\\\SoftwareFile...', Array)
#34 R:\\SoftwareFiles\\laragon\\www\\richminis\\vendor\\laravel\\framework\\src\\Illuminate\\View\\View.php(190): Illuminate\\View\\View->getContents()
#35 R:\\SoftwareFiles\\laragon\\www\\richminis\\vendor\\laravel\\framework\\src\\Illuminate\\View\\View.php(159): Illuminate\\View\\View->renderContents()
#36 R:\\SoftwareFiles\\laragon\\www\\richminis\\vendor\\laravel\\framework\\src\\Illuminate\\Http\\Response.php(69): Illuminate\\View\\View->render()
#37 R:\\SoftwareFiles\\laragon\\www\\richminis\\vendor\\laravel\\framework\\src\\Illuminate\\Http\\Response.php(35): Illuminate\\Http\\Response->setContent(Object(Illuminate\\View\\View))
#38 R:\\SoftwareFiles\\laragon\\www\\richminis\\vendor\\laravel\\framework\\src\\Illuminate\\Routing\\ResponseFactory.php(58): Illuminate\\Http\\Response->__construct(Object(Illuminate\\View\\View), 500, Array)
#39 R:\\SoftwareFiles\\laragon\\www\\richminis\\vendor\\laravel\\framework\\src\\Illuminate\\Routing\\ResponseFactory.php(88): Illuminate\\Routing\\ResponseFactory->make(Object(Illuminate\\View\\View), 500, Array)
#40 R:\\SoftwareFiles\\laragon\\www\\richminis\\vendor\\laravel\\framework\\src\\Illuminate\\Foundation\\Exceptions\\Handler.php(723): Illuminate\\Routing\\ResponseFactory->view('errors::500', Array, 500, Array)
#41 R:\\SoftwareFiles\\laragon\\www\\richminis\\vendor\\laravel\\framework\\src\\Illuminate\\Foundation\\Exceptions\\Handler.php(650): Illuminate\\Foundation\\Exceptions\\Handler->renderHttpException(Object(Symfony\\Component\\HttpKernel\\Exception\\HttpException))
#42 R:\\SoftwareFiles\\laragon\\www\\richminis\\vendor\\laravel\\framework\\src\\Illuminate\\Foundation\\Exceptions\\Handler.php(556): Illuminate\\Foundation\\Exceptions\\Handler->prepareResponse(Object(Illuminate\\Http\\Request), Object(Symfony\\Component\\HttpKernel\\Exception\\HttpException))
#43 R:\\SoftwareFiles\\laragon\\www\\richminis\\vendor\\laravel\\framework\\src\\Illuminate\\Foundation\\Exceptions\\Handler.php(473): Illuminate\\Foundation\\Exceptions\\Handler->renderExceptionResponse(Object(Illuminate\\Http\\Request), Object(Illuminate\\Database\\QueryException))
#44 R:\\SoftwareFiles\\laragon\\www\\richminis\\app\\Exceptions\\Handler.php(59): Illuminate\\Foundation\\Exceptions\\Handler->render(Object(Illuminate\\Http\\Request), Object(Illuminate\\Database\\QueryException))
#45 R:\\SoftwareFiles\\laragon\\www\\richminis\\vendor\\laravel\\framework\\src\\Illuminate\\Routing\\Pipeline.php(51): App\\Exceptions\\Handler->render(Object(Illuminate\\Http\\Request), Object(Illuminate\\Database\\QueryException))
#46 R:\\SoftwareFiles\\laragon\\www\\richminis\\vendor\\laravel\\framework\\src\\Illuminate\\Pipeline\\Pipeline.php(146): Illuminate\\Routing\\Pipeline->handleException(Object(Illuminate\\Http\\Request), Object(Illuminate\\Database\\QueryException))
#47 R:\\SoftwareFiles\\laragon\\www\\richminis\\app\\Http\\Middleware\\CheckForMaintenanceMode.php(64): Illuminate\\Pipeline\\Pipeline->Illuminate\\Pipeline\\{closure}(Object(Illuminate\\Http\\Request))
#48 R:\\SoftwareFiles\\laragon\\www\\richminis\\vendor\\laravel\\framework\\src\\Illuminate\\Pipeline\\Pipeline.php(183): App\\Http\\Middleware\\CheckForMaintenanceMode->handle(Object(Illuminate\\Http\\Request), Object(Closure))
#49 R:\\SoftwareFiles\\laragon\\www\\richminis\\app\\Http\\Middleware\\HttpsProtocol.php(20): Illuminate\\Pipeline\\Pipeline->Illuminate\\Pipeline\\{closure}(Object(Illuminate\\Http\\Request))
#50 R:\\SoftwareFiles\\laragon\\www\\richminis\\vendor\\laravel\\framework\\src\\Illuminate\\Pipeline\\Pipeline.php(183): App\\Http\\Middleware\\HttpsProtocol->handle(Object(Illuminate\\Http\\Request), Object(Closure))
#51 R:\\SoftwareFiles\\laragon\\www\\richminis\\app\\Http\\Middleware\\Language.php(35): Illuminate\\Pipeline\\Pipeline->Illuminate\\Pipeline\\{closure}(Object(Illuminate\\Http\\Request))
#52 R:\\SoftwareFiles\\laragon\\www\\richminis\\vendor\\laravel\\framework\\src\\Illuminate\\Pipeline\\Pipeline.php(183): App\\Http\\Middleware\\Language->handle(Object(Illuminate\\Http\\Request), Object(Closure))
#53 R:\\SoftwareFiles\\laragon\\www\\richminis\\vendor\\laravel\\framework\\src\\Illuminate\\Routing\\Middleware\\SubstituteBindings.php(50): Illuminate\\Pipeline\\Pipeline->Illuminate\\Pipeline\\{closure}(Object(Illuminate\\Http\\Request))
#54 R:\\SoftwareFiles\\laragon\\www\\richminis\\vendor\\laravel\\framework\\src\\Illuminate\\Pipeline\\Pipeline.php(183): Illuminate\\Routing\\Middleware\\SubstituteBindings->handle(Object(Illuminate\\Http\\Request), Object(Closure))
#55 R:\\SoftwareFiles\\laragon\\www\\richminis\\vendor\\laravel\\framework\\src\\Illuminate\\Foundation\\Http\\Middleware\\VerifyCsrfToken.php(78): Illuminate\\Pipeline\\Pipeline->Illuminate\\Pipeline\\{closure}(Object(Illuminate\\Http\\Request))
#56 R:\\SoftwareFiles\\laragon\\www\\richminis\\vendor\\laravel\\framework\\src\\Illuminate\\Pipeline\\Pipeline.php(183): Illuminate\\Foundation\\Http\\Middleware\\VerifyCsrfToken->handle(Object(Illuminate\\Http\\Request), Object(Closure))
#57 R:\\SoftwareFiles\\laragon\\www\\richminis\\vendor\\laravel\\framework\\src\\Illuminate\\Cookie\\Middleware\\AddQueuedCookiesToResponse.php(37): Illuminate\\Pipeline\\Pipeline->Illuminate\\Pipeline\\{closure}(Object(Illuminate\\Http\\Request))
#58 R:\\SoftwareFiles\\laragon\\www\\richminis\\vendor\\laravel\\framework\\src\\Illuminate\\Pipeline\\Pipeline.php(183): Illuminate\\Cookie\\Middleware\\AddQueuedCookiesToResponse->handle(Object(Illuminate\\Http\\Request), Object(Closure))
#59 R:\\SoftwareFiles\\laragon\\www\\richminis\\vendor\\laravel\\framework\\src\\Illuminate\\Pipeline\\Pipeline.php(119): Illuminate\\Pipeline\\Pipeline->Illuminate\\Pipeline\\{closure}(Object(Illuminate\\Http\\Request))
#60 R:\\SoftwareFiles\\laragon\\www\\richminis\\vendor\\laravel\\framework\\src\\Illuminate\\Routing\\Router.php(805): Illuminate\\Pipeline\\Pipeline->then(Object(Closure))
#61 R:\\SoftwareFiles\\laragon\\www\\richminis\\vendor\\laravel\\framework\\src\\Illuminate\\Routing\\Router.php(784): Illuminate\\Routing\\Router->runRouteWithinStack(Object(Illuminate\\Routing\\Route), Object(Illuminate\\Http\\Request))
#62 R:\\SoftwareFiles\\laragon\\www\\richminis\\vendor\\laravel\\framework\\src\\Illuminate\\Routing\\Router.php(748): Illuminate\\Routing\\Router->runRoute(Object(Illuminate\\Http\\Request), Object(Illuminate\\Routing\\Route))
#63 R:\\SoftwareFiles\\laragon\\www\\richminis\\vendor\\laravel\\framework\\src\\Illuminate\\Routing\\Router.php(737): Illuminate\\Routing\\Router->dispatchToRoute(Object(Illuminate\\Http\\Request))
#64 R:\\SoftwareFiles\\laragon\\www\\richminis\\vendor\\laravel\\framework\\src\\Illuminate\\Foundation\\Http\\Kernel.php(200): Illuminate\\Routing\\Router->dispatch(Object(Illuminate\\Http\\Request))
#65 R:\\SoftwareFiles\\laragon\\www\\richminis\\vendor\\laravel\\framework\\src\\Illuminate\\Pipeline\\Pipeline.php(144): Illuminate\\Foundation\\Http\\Kernel->Illuminate\\Foundation\\Http\\{closure}(Object(Illuminate\\Http\\Request))
#66 R:\\SoftwareFiles\\laragon\\www\\richminis\\vendor\\barryvdh\\laravel-debugbar\\src\\Middleware\\InjectDebugbar.php(59): Illuminate\\Pipeline\\Pipeline->Illuminate\\Pipeline\\{closure}(Object(Illuminate\\Http\\Request))
#67 R:\\SoftwareFiles\\laragon\\www\\richminis\\vendor\\laravel\\framework\\src\\Illuminate\\Pipeline\\Pipeline.php(183): Barryvdh\\Debugbar\\Middleware\\InjectDebugbar->handle(Object(Illuminate\\Http\\Request), Object(Closure))
#68 R:\\SoftwareFiles\\laragon\\www\\richminis\\vendor\\laravel\\framework\\src\\Illuminate\\View\\Middleware\\ShareErrorsFromSession.php(49): Illuminate\\Pipeline\\Pipeline->Illuminate\\Pipeline\\{closure}(Object(Illuminate\\Http\\Request))
#69 R:\\SoftwareFiles\\laragon\\www\\richminis\\vendor\\laravel\\framework\\src\\Illuminate\\Pipeline\\Pipeline.php(183): Illuminate\\View\\Middleware\\ShareErrorsFromSession->handle(Object(Illuminate\\Http\\Request), Object(Closure))
#70 R:\\SoftwareFiles\\laragon\\www\\richminis\\vendor\\laravel\\framework\\src\\Illuminate\\Session\\Middleware\\StartSession.php(121): Illuminate\\Pipeline\\Pipeline->Illuminate\\Pipeline\\{closure}(Object(Illuminate\\Http\\Request))
#71 R:\\SoftwareFiles\\laragon\\www\\richminis\\vendor\\laravel\\framework\\src\\Illuminate\\Session\\Middleware\\StartSession.php(64): Illuminate\\Session\\Middleware\\StartSession->handleStatefulRequest(Object(Illuminate\\Http\\Request), Object(Illuminate\\Session\\Store), Object(Closure))
#72 R:\\SoftwareFiles\\laragon\\www\\richminis\\vendor\\laravel\\framework\\src\\Illuminate\\Pipeline\\Pipeline.php(183): Illuminate\\Session\\Middleware\\StartSession->handle(Object(Illuminate\\Http\\Request), Object(Closure))
#73 R:\\SoftwareFiles\\laragon\\www\\richminis\\vendor\\laravel\\framework\\src\\Illuminate\\Http\\Middleware\\TrustProxies.php(39): Illuminate\\Pipeline\\Pipeline->Illuminate\\Pipeline\\{closure}(Object(Illuminate\\Http\\Request))
#74 R:\\SoftwareFiles\\laragon\\www\\richminis\\vendor\\laravel\\framework\\src\\Illuminate\\Pipeline\\Pipeline.php(183): Illuminate\\Http\\Middleware\\TrustProxies->handle(Object(Illuminate\\Http\\Request), Object(Closure))
#75 R:\\SoftwareFiles\\laragon\\www\\richminis\\vendor\\laravel\\framework\\src\\Illuminate\\Foundation\\Http\\Middleware\\TransformsRequest.php(21): Illuminate\\Pipeline\\Pipeline->Illuminate\\Pipeline\\{closure}(Object(Illuminate\\Http\\Request))
#76 R:\\SoftwareFiles\\laragon\\www\\richminis\\vendor\\laravel\\framework\\src\\Illuminate\\Foundation\\Http\\Middleware\\ConvertEmptyStringsToNull.php(31): Illuminate\\Foundation\\Http\\Middleware\\TransformsRequest->handle(Object(Illuminate\\Http\\Request), Object(Closure))
#77 R:\\SoftwareFiles\\laragon\\www\\richminis\\vendor\\laravel\\framework\\src\\Illuminate\\Pipeline\\Pipeline.php(183): Illuminate\\Foundation\\Http\\Middleware\\ConvertEmptyStringsToNull->handle(Object(Illuminate\\Http\\Request), Object(Closure))
#78 R:\\SoftwareFiles\\laragon\\www\\richminis\\vendor\\laravel\\framework\\src\\Illuminate\\Foundation\\Http\\Middleware\\TransformsRequest.php(21): Illuminate\\Pipeline\\Pipeline->Illuminate\\Pipeline\\{closure}(Object(Illuminate\\Http\\Request))
#79 R:\\SoftwareFiles\\laragon\\www\\richminis\\vendor\\laravel\\framework\\src\\Illuminate\\Foundation\\Http\\Middleware\\TrimStrings.php(40): Illuminate\\Foundation\\Http\\Middleware\\TransformsRequest->handle(Object(Illuminate\\Http\\Request), Object(Closure))
#80 R:\\SoftwareFiles\\laragon\\www\\richminis\\vendor\\laravel\\framework\\src\\Illuminate\\Pipeline\\Pipeline.php(183): Illuminate\\Foundation\\Http\\Middleware\\TrimStrings->handle(Object(Illuminate\\Http\\Request), Object(Closure))
#81 R:\\SoftwareFiles\\laragon\\www\\richminis\\vendor\\laravel\\framework\\src\\Illuminate\\Foundation\\Http\\Middleware\\ValidatePostSize.php(27): Illuminate\\Pipeline\\Pipeline->Illuminate\\Pipeline\\{closure}(Object(Illuminate\\Http\\Request))
#82 R:\\SoftwareFiles\\laragon\\www\\richminis\\vendor\\laravel\\framework\\src\\Illuminate\\Pipeline\\Pipeline.php(183): Illuminate\\Foundation\\Http\\Middleware\\ValidatePostSize->handle(Object(Illuminate\\Http\\Request), Object(Closure))
#83 R:\\SoftwareFiles\\laragon\\www\\richminis\\vendor\\laravel\\framework\\src\\Illuminate\\Pipeline\\Pipeline.php(119): Illuminate\\Pipeline\\Pipeline->Illuminate\\Pipeline\\{closure}(Object(Illuminate\\Http\\Request))
#84 R:\\SoftwareFiles\\laragon\\www\\richminis\\vendor\\laravel\\framework\\src\\Illuminate\\Foundation\\Http\\Kernel.php(175): Illuminate\\Pipeline\\Pipeline->then(Object(Closure))
#85 R:\\SoftwareFiles\\laragon\\www\\richminis\\vendor\\laravel\\framework\\src\\Illuminate\\Foundation\\Http\\Kernel.php(144): Illuminate\\Foundation\\Http\\Kernel->sendRequestThroughRouter(Object(Illuminate\\Http\\Request))
#86 R:\\SoftwareFiles\\laragon\\www\\richminis\\index.php(56): Illuminate\\Foundation\\Http\\Kernel->handle(Object(Illuminate\\Http\\Request))
#87 {main}
"} 
[2026-05-11 12:15:33] local.ERROR: SQLSTATE[HY000] [1049] Unknown database 'richhminis' (Connection: mysql, SQL: select * from `languages` where `code` = en limit 1) {"exception":"[object] (Illuminate\\Database\\QueryException(code: 1049): SQLSTATE[HY000] [1049] Unknown database 'richhminis' (Connection: mysql, SQL: select * from `languages` where `code` = en limit 1) at R:\\SoftwareFiles\\laragon\\www\\richminis\\vendor\\laravel\\framework\\src\\Illuminate\\Database\\Connection.php:829)
[stacktrace]
#0 R:\\SoftwareFiles\\laragon\\www\\richminis\\vendor\\laravel\\framework\\src\\Illuminate\\Database\\Connection.php(783): Illuminate\\Database\\Connection->runQueryCallback('select * from `...', Array, Object(Closure))
#1 R:\\SoftwareFiles\\laragon\\www\\richminis\\vendor\\laravel\\framework\\src\\Illuminate\\Database\\Connection.php(414): Illuminate\\Database\\Connection->run('select * from `...', Array, Object(Closure))
#2 R:\\SoftwareFiles\\laragon\\www\\richminis\\vendor\\laravel\\framework\\src\\Illuminate\\Database\\Query\\Builder.php(2913): Illuminate\\Database\\Connection->select('select * from `...', Array, true)
#3 R:\\SoftwareFiles\\laragon\\www\\richminis\\vendor\\laravel\\framework\\src\\Illuminate\\Database\\Query\\Builder.php(2902): Illuminate\\Database\\Query\\Builder->runSelect()
#4 R:\\SoftwareFiles\\laragon\\www\\richminis\\vendor\\laravel\\framework\\src\\Illuminate\\Database\\Query\\Builder.php(3456): Illuminate\\Database\\Query\\Builder->Illuminate\\Database\\Query\\{closure}()
#5 R:\\SoftwareFiles\\laragon\\www\\richminis\\vendor\\laravel\\framework\\src\\Illuminate\\Database\\Query\\Builder.php(2901): Illuminate\\Database\\Query\\Builder->onceWithColumns(Array, Object(Closure))
#6 R:\\SoftwareFiles\\laragon\\www\\richminis\\vendor\\laravel\\framework\\src\\Illuminate\\Database\\Eloquent\\Builder.php(739): Illuminate\\Database\\Query\\Builder->get(Array)
#7 R:\\SoftwareFiles\\laragon\\www\\richminis\\vendor\\laravel\\framework\\src\\Illuminate\\Database\\Eloquent\\Builder.php(723): Illuminate\\Database\\Eloquent\\Builder->getModels(Array)
#8 R:\\SoftwareFiles\\laragon\\www\\richminis\\vendor\\laravel\\framework\\src\\Illuminate\\Database\\Concerns\\BuildsQueries.php(333): Illuminate\\Database\\Eloquent\\Builder->get(Array)
#9 R:\\SoftwareFiles\\laragon\\www\\richminis\\app\\Http\\Helpers.php(1891): Illuminate\\Database\\Eloquent\\Builder->first()
#10 R:\\SoftwareFiles\\laragon\\www\\richminis\\app\\Http\\Controllers\\HomeController.php(54): get_system_language()
#11 R:\\SoftwareFiles\\laragon\\www\\richminis\\vendor\\laravel\\framework\\src\\Illuminate\\Routing\\Controller.php(54): App\\Http\\Controllers\\HomeController->index()
#12 R:\\SoftwareFiles\\laragon\\www\\richminis\\vendor\\laravel\\framework\\src\\Illuminate\\Routing\\ControllerDispatcher.php(43): Illuminate\\Routing\\Controller->callAction('index', Array)
#13 R:\\SoftwareFiles\\laragon\\www\\richminis\\vendor\\laravel\\framework\\src\\Illuminate\\Routing\\Route.php(259): Illuminate\\Routing\\ControllerDispatcher->dispatch(Object(Illuminate\\Routing\\Route), Object(App\\Http\\Controllers\\HomeController), 'index')
#14 R:\\SoftwareFiles\\laragon\\www\\richminis\\vendor\\laravel\\framework\\src\\Illuminate\\Routing\\Route.php(205): Illuminate\\Routing\\Route->runController()
#15 R:\\SoftwareFiles\\laragon\\www\\richminis\\vendor\\laravel\\framework\\src\\Illuminate\\Routing\\Router.php(806): Illuminate\\Routing\\Route->run()
#16 R:\\SoftwareFiles\\laragon\\www\\richminis\\vendor\\laravel\\framework\\src\\Illuminate\\Pipeline\\Pipeline.php(144): Illuminate\\Routing\\Router->Illuminate\\Routing\\{closure}(Object(Illuminate\\Http\\Request))
#17 R:\\SoftwareFiles\\laragon\\www\\richminis\\app\\Http\\Middleware\\CheckForMaintenanceMode.php(64): Illuminate\\Pipeline\\Pipeline->Illuminate\\Pipeline\\{closure}(Object(Illuminate\\Http\\Request))
#18 R:\\SoftwareFiles\\laragon\\www\\richminis\\vendor\\laravel\\framework\\src\\Illuminate\\Pipeline\\Pipeline.php(183): App\\Http\\Middleware\\CheckForMaintenanceMode->handle(Object(Illuminate\\Http\\Request), Object(Closure))
#19 R:\\SoftwareFiles\\laragon\\www\\richminis\\app\\Http\\Middleware\\HttpsProtocol.php(20): Illuminate\\Pipeline\\Pipeline->Illuminate\\Pipeline\\{closure}(Object(Illuminate\\Http\\Request))
#20 R:\\SoftwareFiles\\laragon\\www\\richminis\\vendor\\laravel\\framework\\src\\Illuminate\\Pipeline\\Pipeline.php(183): App\\Http\\Middleware\\HttpsProtocol->handle(Object(Illuminate\\Http\\Request), Object(Closure))
#21 R:\\SoftwareFiles\\laragon\\www\\richminis\\app\\Http\\Middleware\\Language.php(35): Illuminate\\Pipeline\\Pipeline->Illuminate\\Pipeline\\{closure}(Object(Illuminate\\Http\\Request))
#22 R:\\SoftwareFiles\\laragon\\www\\richminis\\vendor\\laravel\\framework\\src\\Illuminate\\Pipeline\\Pipeline.php(183): App\\Http\\Middleware\\Language->handle(Object(Illuminate\\Http\\Request), Object(Closure))
#23 R:\\SoftwareFiles\\laragon\\www\\richminis\\vendor\\laravel\\framework\\src\\Illuminate\\Routing\\Middleware\\SubstituteBindings.php(50): Illuminate\\Pipeline\\Pipeline->Illuminate\\Pipeline\\{closure}(Object(Illuminate\\Http\\Request))
#24 R:\\SoftwareFiles\\laragon\\www\\richminis\\vendor\\laravel\\framework\\src\\Illuminate\\Pipeline\\Pipeline.php(183): Illuminate\\Routing\\Middleware\\SubstituteBindings->handle(Object(Illuminate\\Http\\Request), Object(Closure))
#25 R:\\SoftwareFiles\\laragon\\www\\richminis\\vendor\\laravel\\framework\\src\\Illuminate\\Foundation\\Http\\Middleware\\VerifyCsrfToken.php(78): Illuminate\\Pipeline\\Pipeline->Illuminate\\Pipeline\\{closure}(Object(Illuminate\\Http\\Request))
#26 R:\\SoftwareFiles\\laragon\\www\\richminis\\vendor\\laravel\\framework\\src\\Illuminate\\Pipeline\\Pipeline.php(183): Illuminate\\Foundation\\Http\\Middleware\\VerifyCsrfToken->handle(Object(Illuminate\\Http\\Request), Object(Closure))
#27 R:\\SoftwareFiles\\laragon\\www\\richminis\\vendor\\laravel\\framework\\src\\Illuminate\\Cookie\\Middleware\\AddQueuedCookiesToResponse.php(37): Illuminate\\Pipeline\\Pipeline->Illuminate\\Pipeline\\{closure}(Object(Illuminate\\Http\\Request))
#28 R:\\SoftwareFiles\\laragon\\www\\richminis\\vendor\\laravel\\framework\\src\\Illuminate\\Pipeline\\Pipeline.php(183): Illuminate\\Cookie\\Middleware\\AddQueuedCookiesToResponse->handle(Object(Illuminate\\Http\\Request), Object(Closure))
#29 R:\\SoftwareFiles\\laragon\\www\\richminis\\vendor\\laravel\\framework\\src\\Illuminate\\Pipeline\\Pipeline.php(119): Illuminate\\Pipeline\\Pipeline->Illuminate\\Pipeline\\{closure}(Object(Illuminate\\Http\\Request))
#30 R:\\SoftwareFiles\\laragon\\www\\richminis\\vendor\\laravel\\framework\\src\\Illuminate\\Routing\\Router.php(805): Illuminate\\Pipeline\\Pipeline->then(Object(Closure))
#31 R:\\SoftwareFiles\\laragon\\www\\richminis\\vendor\\laravel\\framework\\src\\Illuminate\\Routing\\Router.php(784): Illuminate\\Routing\\Router->runRouteWithinStack(Object(Illuminate\\Routing\\Route), Object(Illuminate\\Http\\Request))
#32 R:\\SoftwareFiles\\laragon\\www\\richminis\\vendor\\laravel\\framework\\src\\Illuminate\\Routing\\Router.php(748): Illuminate\\Routing\\Router->runRoute(Object(Illuminate\\Http\\Request), Object(Illuminate\\Routing\\Route))
#33 R:\\SoftwareFiles\\laragon\\www\\richminis\\vendor\\laravel\\framework\\src\\Illuminate\\Routing\\Router.php(737): Illuminate\\Routing\\Router->dispatchToRoute(Object(Illuminate\\Http\\Request))
#34 R:\\SoftwareFiles\\laragon\\www\\richminis\\vendor\\laravel\\framework\\src\\Illuminate\\Foundation\\Http\\Kernel.php(200): Illuminate\\Routing\\Router->dispatch(Object(Illuminate\\Http\\Request))
#35 R:\\SoftwareFiles\\laragon\\www\\richminis\\vendor\\laravel\\framework\\src\\Illuminate\\Pipeline\\Pipeline.php(144): Illuminate\\Foundation\\Http\\Kernel->Illuminate\\Foundation\\Http\\{closure}(Object(Illuminate\\Http\\Request))
#36 R:\\SoftwareFiles\\laragon\\www\\richminis\\vendor\\barryvdh\\laravel-debugbar\\src\\Middleware\\InjectDebugbar.php(59): Illuminate\\Pipeline\\Pipeline->Illuminate\\Pipeline\\{closure}(Object(Illuminate\\Http\\Request))
#37 R:\\SoftwareFiles\\laragon\\www\\richminis\\vendor\\laravel\\framework\\src\\Illuminate\\Pipeline\\Pipeline.php(183): Barryvdh\\Debugbar\\Middleware\\InjectDebugbar->handle(Object(Illuminate\\Http\\Request), Object(Closure))
#38 R:\\SoftwareFiles\\laragon\\www\\richminis\\vendor\\laravel\\framework\\src\\Illuminate\\View\\Middleware\\ShareErrorsFromSession.php(49): Illuminate\\Pipeline\\Pipeline->Illuminate\\Pipeline\\{closure}(Object(Illuminate\\Http\\Request))
#39 R:\\SoftwareFiles\\laragon\\www\\richminis\\vendor\\laravel\\framework\\src\\Illuminate\\Pipeline\\Pipeline.php(183): Illuminate\\View\\Middleware\\ShareErrorsFromSession->handle(Object(Illuminate\\Http\\Request), Object(Closure))
#40 R:\\SoftwareFiles\\laragon\\www\\richminis\\vendor\\laravel\\framework\\src\\Illuminate\\Session\\Middleware\\StartSession.php(121): Illuminate\\Pipeline\\Pipeline->Illuminate\\Pipeline\\{closure}(Object(Illuminate\\Http\\Request))
#41 R:\\SoftwareFiles\\laragon\\www\\richminis\\vendor\\laravel\\framework\\src\\Illuminate\\Session\\Middleware\\StartSession.php(64): Illuminate\\Session\\Middleware\\StartSession->handleStatefulRequest(Object(Illuminate\\Http\\Request), Object(Illuminate\\Session\\Store), Object(Closure))
#42 R:\\SoftwareFiles\\laragon\\www\\richminis\\vendor\\laravel\\framework\\src\\Illuminate\\Pipeline\\Pipeline.php(183): Illuminate\\Session\\Middleware\\StartSession->handle(Object(Illuminate\\Http\\Request), Object(Closure))
#43 R:\\SoftwareFiles\\laragon\\www\\richminis\\vendor\\laravel\\framework\\src\\Illuminate\\Http\\Middleware\\TrustProxies.php(39): Illuminate\\Pipeline\\Pipeline->Illuminate\\Pipeline\\{closure}(Object(Illuminate\\Http\\Request))
#44 R:\\SoftwareFiles\\laragon\\www\\richminis\\vendor\\laravel\\framework\\src\\Illuminate\\Pipeline\\Pipeline.php(183): Illuminate\\Http\\Middleware\\TrustProxies->handle(Object(Illuminate\\Http\\Request), Object(Closure))
#45 R:\\SoftwareFiles\\laragon\\www\\richminis\\vendor\\laravel\\framework\\src\\Illuminate\\Foundation\\Http\\Middleware\\TransformsRequest.php(21): Illuminate\\Pipeline\\Pipeline->Illuminate\\Pipeline\\{closure}(Object(Illuminate\\Http\\Request))
#46 R:\\SoftwareFiles\\laragon\\www\\richminis\\vendor\\laravel\\framework\\src\\Illuminate\\Foundation\\Http\\Middleware\\ConvertEmptyStringsToNull.php(31): Illuminate\\Foundation\\Http\\Middleware\\TransformsRequest->handle(Object(Illuminate\\Http\\Request), Object(Closure))
#47 R:\\SoftwareFiles\\laragon\\www\\richminis\\vendor\\laravel\\framework\\src\\Illuminate\\Pipeline\\Pipeline.php(183): Illuminate\\Foundation\\Http\\Middleware\\ConvertEmptyStringsToNull->handle(Object(Illuminate\\Http\\Request), Object(Closure))
#48 R:\\SoftwareFiles\\laragon\\www\\richminis\\vendor\\laravel\\framework\\src\\Illuminate\\Foundation\\Http\\Middleware\\TransformsRequest.php(21): Illuminate\\Pipeline\\Pipeline->Illuminate\\Pipeline\\{closure}(Object(Illuminate\\Http\\Request))
#49 R:\\SoftwareFiles\\laragon\\www\\richminis\\vendor\\laravel\\framework\\src\\Illuminate\\Foundation\\Http\\Middleware\\TrimStrings.php(40): Illuminate\\Foundation\\Http\\Middleware\\TransformsRequest->handle(Object(Illuminate\\Http\\Request), Object(Closure))
#50 R:\\SoftwareFiles\\laragon\\www\\richminis\\vendor\\laravel\\framework\\src\\Illuminate\\Pipeline\\Pipeline.php(183): Illuminate\\Foundation\\Http\\Middleware\\TrimStrings->handle(Object(Illuminate\\Http\\Request), Object(Closure))
#51 R:\\SoftwareFiles\\laragon\\www\\richminis\\vendor\\laravel\\framework\\src\\Illuminate\\Foundation\\Http\\Middleware\\ValidatePostSize.php(27): Illuminate\\Pipeline\\Pipeline->Illuminate\\Pipeline\\{closure}(Object(Illuminate\\Http\\Request))
#52 R:\\SoftwareFiles\\laragon\\www\\richminis\\vendor\\laravel\\framework\\src\\Illuminate\\Pipeline\\Pipeline.php(183): Illuminate\\Foundation\\Http\\Middleware\\ValidatePostSize->handle(Object(Illuminate\\Http\\Request), Object(Closure))
#53 R:\\SoftwareFiles\\laragon\\www\\richminis\\vendor\\laravel\\framework\\src\\Illuminate\\Pipeline\\Pipeline.php(119): Illuminate\\Pipeline\\Pipeline->Illuminate\\Pipeline\\{closure}(Object(Illuminate\\Http\\Request))
#54 R:\\SoftwareFiles\\laragon\\www\\richminis\\vendor\\laravel\\framework\\src\\Illuminate\\Foundation\\Http\\Kernel.php(175): Illuminate\\Pipeline\\Pipeline->then(Object(Closure))
#55 R:\\SoftwareFiles\\laragon\\www\\richminis\\vendor\\laravel\\framework\\src\\Illuminate\\Foundation\\Http\\Kernel.php(144): Illuminate\\Foundation\\Http\\Kernel->sendRequestThroughRouter(Object(Illuminate\\Http\\Request))
#56 R:\\SoftwareFiles\\laragon\\www\\richminis\\index.php(56): Illuminate\\Foundation\\Http\\Kernel->handle(Object(Illuminate\\Http\\Request))
#57 {main}

[previous exception] [object] (PDOException(code: 1049): SQLSTATE[HY000] [1049] Unknown database 'richhminis' at R:\\SoftwareFiles\\laragon\\www\\richminis\\vendor\\laravel\\framework\\src\\Illuminate\\Database\\Connectors\\Connector.php:65)
[stacktrace]
#0 R:\\SoftwareFiles\\laragon\\www\\richminis\\vendor\\laravel\\framework\\src\\Illuminate\\Database\\Connectors\\Connector.php(65): PDO->__construct('mysql:host=loca...', 'root', Object(SensitiveParameterValue), Array)
#1 R:\\SoftwareFiles\\laragon\\www\\richminis\\vendor\\laravel\\framework\\src\\Illuminate\\Database\\Connectors\\Connector.php(44): Illuminate\\Database\\Connectors\\Connector->createPdoConnection('mysql:host=loca...', 'root', '', Array)
#2 R:\\SoftwareFiles\\laragon\\www\\richminis\\vendor\\laravel\\framework\\src\\Illuminate\\Database\\Connectors\\MySqlConnector.php(24): Illuminate\\Database\\Connectors\\Connector->createConnection('mysql:host=loca...', Array, Array)
#3 R:\\SoftwareFiles\\laragon\\www\\richminis\\vendor\\laravel\\framework\\src\\Illuminate\\Database\\Connectors\\ConnectionFactory.php(184): Illuminate\\Database\\Connectors\\MySqlConnector->connect(Array)
#4 [internal function]: Illuminate\\Database\\Connectors\\ConnectionFactory->Illuminate\\Database\\Connectors\\{closure}()
#5 R:\\SoftwareFiles\\laragon\\www\\richminis\\vendor\\laravel\\framework\\src\\Illuminate\\Database\\Connection.php(1339): call_user_func(Object(Closure))
#6 R:\\SoftwareFiles\\laragon\\www\\richminis\\vendor\\laravel\\framework\\src\\Illuminate\\Database\\Connection.php(1375): Illuminate\\Database\\Connection->getPdo()
#7 R:\\SoftwareFiles\\laragon\\www\\richminis\\vendor\\laravel\\framework\\src\\Illuminate\\Database\\Connection.php(528): Illuminate\\Database\\Connection->getReadPdo()
#8 R:\\SoftwareFiles\\laragon\\www\\richminis\\vendor\\laravel\\framework\\src\\Illuminate\\Database\\Connection.php(423): Illuminate\\Database\\Connection->getPdoForSelect(true)
#9 R:\\SoftwareFiles\\laragon\\www\\richminis\\vendor\\laravel\\framework\\src\\Illuminate\\Database\\Connection.php(816): Illuminate\\Database\\Connection->Illuminate\\Database\\{closure}('select * from `...', Array)
#10 R:\\SoftwareFiles\\laragon\\www\\richminis\\vendor\\laravel\\framework\\src\\Illuminate\\Database\\Connection.php(783): Illuminate\\Database\\Connection->runQueryCallback('select * from `...', Array, Object(Closure))
#11 R:\\SoftwareFiles\\laragon\\www\\richminis\\vendor\\laravel\\framework\\src\\Illuminate\\Database\\Connection.php(414): Illuminate\\Database\\Connection->run('select * from `...', Array, Object(Closure))
#12 R:\\SoftwareFiles\\laragon\\www\\richminis\\vendor\\laravel\\framework\\src\\Illuminate\\Database\\Query\\Builder.php(2913): Illuminate\\Database\\Connection->select('select * from `...', Array, true)
#13 R:\\SoftwareFiles\\laragon\\www\\richminis\\vendor\\laravel\\framework\\src\\Illuminate\\Database\\Query\\Builder.php(2902): Illuminate\\Database\\Query\\Builder->runSelect()
#14 R:\\SoftwareFiles\\laragon\\www\\richminis\\vendor\\laravel\\framework\\src\\Illuminate\\Database\\Query\\Builder.php(3456): Illuminate\\Database\\Query\\Builder->Illuminate\\Database\\Query\\{closure}()
#15 R:\\SoftwareFiles\\laragon\\www\\richminis\\vendor\\laravel\\framework\\src\\Illuminate\\Database\\Query\\Builder.php(2901): Illuminate\\Database\\Query\\Builder->onceWithColumns(Array, Object(Closure))
#16 R:\\SoftwareFiles\\laragon\\www\\richminis\\vendor\\laravel\\framework\\src\\Illuminate\\Database\\Eloquent\\Builder.php(739): Illuminate\\Database\\Query\\Builder->get(Array)
#17 R:\\SoftwareFiles\\laragon\\www\\richminis\\vendor\\laravel\\framework\\src\\Illuminate\\Database\\Eloquent\\Builder.php(723): Illuminate\\Database\\Eloquent\\Builder->getModels(Array)
#18 R:\\SoftwareFiles\\laragon\\www\\richminis\\vendor\\laravel\\framework\\src\\Illuminate\\Database\\Concerns\\BuildsQueries.php(333): Illuminate\\Database\\Eloquent\\Builder->get(Array)
#19 R:\\SoftwareFiles\\laragon\\www\\richminis\\app\\Http\\Helpers.php(1891): Illuminate\\Database\\Eloquent\\Builder->first()
#20 R:\\SoftwareFiles\\laragon\\www\\richminis\\app\\Http\\Controllers\\HomeController.php(54): get_system_language()
#21 R:\\SoftwareFiles\\laragon\\www\\richminis\\vendor\\laravel\\framework\\src\\Illuminate\\Routing\\Controller.php(54): App\\Http\\Controllers\\HomeController->index()
#22 R:\\SoftwareFiles\\laragon\\www\\richminis\\vendor\\laravel\\framework\\src\\Illuminate\\Routing\\ControllerDispatcher.php(43): Illuminate\\Routing\\Controller->callAction('index', Array)
#23 R:\\SoftwareFiles\\laragon\\www\\richminis\\vendor\\laravel\\framework\\src\\Illuminate\\Routing\\Route.php(259): Illuminate\\Routing\\ControllerDispatcher->dispatch(Object(Illuminate\\Routing\\Route), Object(App\\Http\\Controllers\\HomeController), 'index')
#24 R:\\SoftwareFiles\\laragon\\www\\richminis\\vendor\\laravel\\framework\\src\\Illuminate\\Routing\\Route.php(205): Illuminate\\Routing\\Route->runController()
#25 R:\\SoftwareFiles\\laragon\\www\\richminis\\vendor\\laravel\\framework\\src\\Illuminate\\Routing\\Router.php(806): Illuminate\\Routing\\Route->run()
#26 R:\\SoftwareFiles\\laragon\\www\\richminis\\vendor\\laravel\\framework\\src\\Illuminate\\Pipeline\\Pipeline.php(144): Illuminate\\Routing\\Router->Illuminate\\Routing\\{closure}(Object(Illuminate\\Http\\Request))
#27 R:\\SoftwareFiles\\laragon\\www\\richminis\\app\\Http\\Middleware\\CheckForMaintenanceMode.php(64): Illuminate\\Pipeline\\Pipeline->Illuminate\\Pipeline\\{closure}(Object(Illuminate\\Http\\Request))
#28 R:\\SoftwareFiles\\laragon\\www\\richminis\\vendor\\laravel\\framework\\src\\Illuminate\\Pipeline\\Pipeline.php(183): App\\Http\\Middleware\\CheckForMaintenanceMode->handle(Object(Illuminate\\Http\\Request), Object(Closure))
#29 R:\\SoftwareFiles\\laragon\\www\\richminis\\app\\Http\\Middleware\\HttpsProtocol.php(20): Illuminate\\Pipeline\\Pipeline->Illuminate\\Pipeline\\{closure}(Object(Illuminate\\Http\\Request))
#30 R:\\SoftwareFiles\\laragon\\www\\richminis\\vendor\\laravel\\framework\\src\\Illuminate\\Pipeline\\Pipeline.php(183): App\\Http\\Middleware\\HttpsProtocol->handle(Object(Illuminate\\Http\\Request), Object(Closure))
#31 R:\\SoftwareFiles\\laragon\\www\\richminis\\app\\Http\\Middleware\\Language.php(35): Illuminate\\Pipeline\\Pipeline->Illuminate\\Pipeline\\{closure}(Object(Illuminate\\Http\\Request))
#32 R:\\SoftwareFiles\\laragon\\www\\richminis\\vendor\\laravel\\framework\\src\\Illuminate\\Pipeline\\Pipeline.php(183): App\\Http\\Middleware\\Language->handle(Object(Illuminate\\Http\\Request), Object(Closure))
#33 R:\\SoftwareFiles\\laragon\\www\\richminis\\vendor\\laravel\\framework\\src\\Illuminate\\Routing\\Middleware\\SubstituteBindings.php(50): Illuminate\\Pipeline\\Pipeline->Illuminate\\Pipeline\\{closure}(Object(Illuminate\\Http\\Request))
#34 R:\\SoftwareFiles\\laragon\\www\\richminis\\vendor\\laravel\\framework\\src\\Illuminate\\Pipeline\\Pipeline.php(183): Illuminate\\Routing\\Middleware\\SubstituteBindings->handle(Object(Illuminate\\Http\\Request), Object(Closure))
#35 R:\\SoftwareFiles\\laragon\\www\\richminis\\vendor\\laravel\\framework\\src\\Illuminate\\Foundation\\Http\\Middleware\\VerifyCsrfToken.php(78): Illuminate\\Pipeline\\Pipeline->Illuminate\\Pipeline\\{closure}(Object(Illuminate\\Http\\Request))
#36 R:\\SoftwareFiles\\laragon\\www\\richminis\\vendor\\laravel\\framework\\src\\Illuminate\\Pipeline\\Pipeline.php(183): Illuminate\\Foundation\\Http\\Middleware\\VerifyCsrfToken->handle(Object(Illuminate\\Http\\Request), Object(Closure))
#37 R:\\SoftwareFiles\\laragon\\www\\richminis\\vendor\\laravel\\framework\\src\\Illuminate\\Cookie\\Middleware\\AddQueuedCookiesToResponse.php(37): Illuminate\\Pipeline\\Pipeline->Illuminate\\Pipeline\\{closure}(Object(Illuminate\\Http\\Request))
#38 R:\\SoftwareFiles\\laragon\\www\\richminis\\vendor\\laravel\\framework\\src\\Illuminate\\Pipeline\\Pipeline.php(183): Illuminate\\Cookie\\Middleware\\AddQueuedCookiesToResponse->handle(Object(Illuminate\\Http\\Request), Object(Closure))
#39 R:\\SoftwareFiles\\laragon\\www\\richminis\\vendor\\laravel\\framework\\src\\Illuminate\\Pipeline\\Pipeline.php(119): Illuminate\\Pipeline\\Pipeline->Illuminate\\Pipeline\\{closure}(Object(Illuminate\\Http\\Request))
#40 R:\\SoftwareFiles\\laragon\\www\\richminis\\vendor\\laravel\\framework\\src\\Illuminate\\Routing\\Router.php(805): Illuminate\\Pipeline\\Pipeline->then(Object(Closure))
#41 R:\\SoftwareFiles\\laragon\\www\\richminis\\vendor\\laravel\\framework\\src\\Illuminate\\Routing\\Router.php(784): Illuminate\\Routing\\Router->runRouteWithinStack(Object(Illuminate\\Routing\\Route), Object(Illuminate\\Http\\Request))
#42 R:\\SoftwareFiles\\laragon\\www\\richminis\\vendor\\laravel\\framework\\src\\Illuminate\\Routing\\Router.php(748): Illuminate\\Routing\\Router->runRoute(Object(Illuminate\\Http\\Request), Object(Illuminate\\Routing\\Route))
#43 R:\\SoftwareFiles\\laragon\\www\\richminis\\vendor\\laravel\\framework\\src\\Illuminate\\Routing\\Router.php(737): Illuminate\\Routing\\Router->dispatchToRoute(Object(Illuminate\\Http\\Request))
#44 R:\\SoftwareFiles\\laragon\\www\\richminis\\vendor\\laravel\\framework\\src\\Illuminate\\Foundation\\Http\\Kernel.php(200): Illuminate\\Routing\\Router->dispatch(Object(Illuminate\\Http\\Request))
#45 R:\\SoftwareFiles\\laragon\\www\\richminis\\vendor\\laravel\\framework\\src\\Illuminate\\Pipeline\\Pipeline.php(144): Illuminate\\Foundation\\Http\\Kernel->Illuminate\\Foundation\\Http\\{closure}(Object(Illuminate\\Http\\Request))
#46 R:\\SoftwareFiles\\laragon\\www\\richminis\\vendor\\barryvdh\\laravel-debugbar\\src\\Middleware\\InjectDebugbar.php(59): Illuminate\\Pipeline\\Pipeline->Illuminate\\Pipeline\\{closure}(Object(Illuminate\\Http\\Request))
#47 R:\\SoftwareFiles\\laragon\\www\\richminis\\vendor\\laravel\\framework\\src\\Illuminate\\Pipeline\\Pipeline.php(183): Barryvdh\\Debugbar\\Middleware\\InjectDebugbar->handle(Object(Illuminate\\Http\\Request), Object(Closure))
#48 R:\\SoftwareFiles\\laragon\\www\\richminis\\vendor\\laravel\\framework\\src\\Illuminate\\View\\Middleware\\ShareErrorsFromSession.php(49): Illuminate\\Pipeline\\Pipeline->Illuminate\\Pipeline\\{closure}(Object(Illuminate\\Http\\Request))
#49 R:\\SoftwareFiles\\laragon\\www\\richminis\\vendor\\laravel\\framework\\src\\Illuminate\\Pipeline\\Pipeline.php(183): Illuminate\\View\\Middleware\\ShareErrorsFromSession->handle(Object(Illuminate\\Http\\Request), Object(Closure))
#50 R:\\SoftwareFiles\\laragon\\www\\richminis\\vendor\\laravel\\framework\\src\\Illuminate\\Session\\Middleware\\StartSession.php(121): Illuminate\\Pipeline\\Pipeline->Illuminate\\Pipeline\\{closure}(Object(Illuminate\\Http\\Request))
#51 R:\\SoftwareFiles\\laragon\\www\\richminis\\vendor\\laravel\\framework\\src\\Illuminate\\Session\\Middleware\\StartSession.php(64): Illuminate\\Session\\Middleware\\StartSession->handleStatefulRequest(Object(Illuminate\\Http\\Request), Object(Illuminate\\Session\\Store), Object(Closure))
#52 R:\\SoftwareFiles\\laragon\\www\\richminis\\vendor\\laravel\\framework\\src\\Illuminate\\Pipeline\\Pipeline.php(183): Illuminate\\Session\\Middleware\\StartSession->handle(Object(Illuminate\\Http\\Request), Object(Closure))
#53 R:\\SoftwareFiles\\laragon\\www\\richminis\\vendor\\laravel\\framework\\src\\Illuminate\\Http\\Middleware\\TrustProxies.php(39): Illuminate\\Pipeline\\Pipeline->Illuminate\\Pipeline\\{closure}(Object(Illuminate\\Http\\Request))
#54 R:\\SoftwareFiles\\laragon\\www\\richminis\\vendor\\laravel\\framework\\src\\Illuminate\\Pipeline\\Pipeline.php(183): Illuminate\\Http\\Middleware\\TrustProxies->handle(Object(Illuminate\\Http\\Request), Object(Closure))
#55 R:\\SoftwareFiles\\laragon\\www\\richminis\\vendor\\laravel\\framework\\src\\Illuminate\\Foundation\\Http\\Middleware\\TransformsRequest.php(21): Illuminate\\Pipeline\\Pipeline->Illuminate\\Pipeline\\{closure}(Object(Illuminate\\Http\\Request))
#56 R:\\SoftwareFiles\\laragon\\www\\richminis\\vendor\\laravel\\framework\\src\\Illuminate\\Foundation\\Http\\Middleware\\ConvertEmptyStringsToNull.php(31): Illuminate\\Foundation\\Http\\Middleware\\TransformsRequest->handle(Object(Illuminate\\Http\\Request), Object(Closure))
#57 R:\\SoftwareFiles\\laragon\\www\\richminis\\vendor\\laravel\\framework\\src\\Illuminate\\Pipeline\\Pipeline.php(183): Illuminate\\Foundation\\Http\\Middleware\\ConvertEmptyStringsToNull->handle(Object(Illuminate\\Http\\Request), Object(Closure))
#58 R:\\SoftwareFiles\\laragon\\www\\richminis\\vendor\\laravel\\framework\\src\\Illuminate\\Foundation\\Http\\Middleware\\TransformsRequest.php(21): Illuminate\\Pipeline\\Pipeline->Illuminate\\Pipeline\\{closure}(Object(Illuminate\\Http\\Request))
#59 R:\\SoftwareFiles\\laragon\\www\\richminis\\vendor\\laravel\\framework\\src\\Illuminate\\Foundation\\Http\\Middleware\\TrimStrings.php(40): Illuminate\\Foundation\\Http\\Middleware\\TransformsRequest->handle(Object(Illuminate\\Http\\Request), Object(Closure))
#60 R:\\SoftwareFiles\\laragon\\www\\richminis\\vendor\\laravel\\framework\\src\\Illuminate\\Pipeline\\Pipeline.php(183): Illuminate\\Foundation\\Http\\Middleware\\TrimStrings->handle(Object(Illuminate\\Http\\Request), Object(Closure))
#61 R:\\SoftwareFiles\\laragon\\www\\richminis\\vendor\\laravel\\framework\\src\\Illuminate\\Foundation\\Http\\Middleware\\ValidatePostSize.php(27): Illuminate\\Pipeline\\Pipeline->Illuminate\\Pipeline\\{closure}(Object(Illuminate\\Http\\Request))
#62 R:\\SoftwareFiles\\laragon\\www\\richminis\\vendor\\laravel\\framework\\src\\Illuminate\\Pipeline\\Pipeline.php(183): Illuminate\\Foundation\\Http\\Middleware\\ValidatePostSize->handle(Object(Illuminate\\Http\\Request), Object(Closure))
#63 R:\\SoftwareFiles\\laragon\\www\\richminis\\vendor\\laravel\\framework\\src\\Illuminate\\Pipeline\\Pipeline.php(119): Illuminate\\Pipeline\\Pipeline->Illuminate\\Pipeline\\{closure}(Object(Illuminate\\Http\\Request))
#64 R:\\SoftwareFiles\\laragon\\www\\richminis\\vendor\\laravel\\framework\\src\\Illuminate\\Foundation\\Http\\Kernel.php(175): Illuminate\\Pipeline\\Pipeline->then(Object(Closure))
#65 R:\\SoftwareFiles\\laragon\\www\\richminis\\vendor\\laravel\\framework\\src\\Illuminate\\Foundation\\Http\\Kernel.php(144): Illuminate\\Foundation\\Http\\Kernel->sendRequestThroughRouter(Object(Illuminate\\Http\\Request))
#66 R:\\SoftwareFiles\\laragon\\www\\richminis\\index.php(56): Illuminate\\Foundation\\Http\\Kernel->handle(Object(Illuminate\\Http\\Request))
#67 {main}
"} 
[2026-05-11 12:15:33] local.ERROR: SQLSTATE[HY000] [1049] Unknown database 'richhminis' (Connection: mysql, SQL: select * from `languages` where `code` = en limit 1) {"view":{"view":"R:\\SoftwareFiles\\laragon\\www\\richminis\\resources\\views\\frontend\\layouts\\app.blade.php","data":{"errors":"<pre class=sf-dump id=sf-dump-382836342 data-indent-pad=\"  \"><span class=sf-dump-note>Illuminate\\Support\\ViewErrorBag</span> {<a class=sf-dump-ref>#4300</a><samp data-depth=1 class=sf-dump-expanded>
  #<span class=sf-dump-protected title=\"Protected property\">bags</span>: []
</samp>}
</pre><script>Sfdump(\"sf-dump-382836342\", {\"maxDepth\":3,\"maxStringLength\":160})</script>
","exception":"<pre class=sf-dump id=sf-dump-1768771623 data-indent-pad=\"  \"><span class=sf-dump-note>Symfony\\Component\\HttpKernel\\Exception\\HttpException</span> {<a class=sf-dump-ref>#4305</a><samp data-depth=1 class=sf-dump-expanded>
  #<span class=sf-dump-protected title=\"Protected property\">message</span>: \"<span class=sf-dump-str title=\"130 characters\">SQLSTATE[HY000] [1049] Unknown database &#039;richhminis&#039; (Connection: mysql, SQL: select * from `languages` where `code` = en limit 1)</span>\"
  #<span class=sf-dump-protected title=\"Protected property\">code</span>: <span class=sf-dump-num>0</span>
  #<span class=sf-dump-protected title=\"Protected property\">file</span>: \"<span class=sf-dump-str title=\"R:\\SoftwareFiles\\laragon\\www\\richminis\\vendor\\laravel\\framework\\src\\Illuminate\\Foundation\\Exceptions\\Handler.php
112 characters\"><span class=\"sf-dump-ellipsis sf-dump-ellipsis-path\">R:\\SoftwareFiles\\laragon\\www\\richminis\\vendor</span><span class=\"sf-dump-ellipsis sf-dump-ellipsis-path\">\\laravel\\framework\\</span>src\\Illuminate\\Foundation\\Exceptions\\Handler.php</span>\"
  #<span class=sf-dump-protected title=\"Protected property\">line</span>: <span class=sf-dump-num>646</span>
  -<span class=sf-dump-private title=\"Private property defined in class:&#10;`Exception`\">previous</span>: <span class=sf-dump-note title=\"Illuminate\\Database\\QueryException
\"><span class=\"sf-dump-ellipsis sf-dump-ellipsis-note\">Illuminate\\Database</span><span class=\"sf-dump-ellipsis sf-dump-ellipsis-note\">\\</span>QueryException</span> {<a class=sf-dump-ref href=#sf-dump-1768771623-ref24272 title=\"6 occurrences\">#4272</a><samp data-depth=2 id=sf-dump-1768771623-ref24272 class=sf-dump-compact>
    #<span class=sf-dump-protected title=\"Protected property\">message</span>: \"<span class=sf-dump-str title=\"130 characters\">SQLSTATE[HY000] [1049] Unknown database &#039;richhminis&#039; (Connection: mysql, SQL: select * from `languages` where `code` = en limit 1)</span>\"
    #<span class=sf-dump-protected title=\"Protected property\">code</span>: <span class=sf-dump-num>1049</span>
    #<span class=sf-dump-protected title=\"Protected property\">file</span>: \"<span class=sf-dump-str title=\"R:\\SoftwareFiles\\laragon\\www\\richminis\\vendor\\laravel\\framework\\src\\Illuminate\\Database\\Connection.php
102 characters\"><span class=\"sf-dump-ellipsis sf-dump-ellipsis-path\">R:\\SoftwareFiles\\laragon\\www\\richminis\\vendor</span><span class=\"sf-dump-ellipsis sf-dump-ellipsis-path\">\\laravel\\framework\\</span>src\\Illuminate\\Database\\Connection.php</span>\"
    #<span class=sf-dump-protected title=\"Protected property\">line</span>: <span class=sf-dump-num>829</span>
    -<span class=sf-dump-private title=\"Private property defined in class:&#10;`Exception`\">previous</span>: <span class=sf-dump-note>PDOException</span> {<a class=sf-dump-ref>#4277</a><samp data-depth=3 class=sf-dump-compact>
      #<span class=sf-dump-protected title=\"Protected property\">message</span>: \"<span class=sf-dump-str title=\"52 characters\">SQLSTATE[HY000] [1049] Unknown database &#039;richhminis&#039;</span>\"
      #<span class=sf-dump-protected title=\"Protected property\">code</span>: <span class=sf-dump-num>1049</span>
      #<span class=sf-dump-protected title=\"Protected property\">file</span>: \"<span class=sf-dump-str title=\"R:\\SoftwareFiles\\laragon\\www\\richminis\\vendor\\laravel\\framework\\src\\Illuminate\\Database\\Connectors\\Connector.php
112 characters\"><span class=\"sf-dump-ellipsis sf-dump-ellipsis-path\">R:\\SoftwareFiles\\laragon\\www\\richminis\\vendor</span><span class=\"sf-dump-ellipsis sf-dump-ellipsis-path\">\\laravel\\framework\\</span>src\\Illuminate\\Database\\Connectors\\Connector.php</span>\"
      #<span class=sf-dump-protected title=\"Protected property\">line</span>: <span class=sf-dump-num>65</span>
      +<span class=sf-dump-public title=\"Public property\">errorInfo</span>: <span class=sf-dump-note>array:3</span> [ &#8230;3]
      <span class=sf-dump-meta>trace</span>: { &#8230;67}
    </samp>}
    +<span class=sf-dump-public title=\"Public property\">errorInfo</span>: <span class=sf-dump-note>array:3</span> [<samp data-depth=3 class=sf-dump-compact>
      <span class=sf-dump-index>0</span> => \"<span class=sf-dump-str title=\"5 characters\">HY000</span>\"
      <span class=sf-dump-index>1</span> => <span class=sf-dump-num>1049</span>
      <span class=sf-dump-index>2</span> => \"<span class=sf-dump-str title=\"29 characters\">Unknown database &#039;richhminis&#039;</span>\"
    </samp>]
    +<span class=sf-dump-public title=\"Public property\">connectionName</span>: \"<span class=sf-dump-str title=\"5 characters\">mysql</span>\"
    #<span class=sf-dump-protected title=\"Protected property\">sql</span>: \"<span class=sf-dump-str title=\"50 characters\">select * from `languages` where `code` = ? limit 1</span>\"
    #<span class=sf-dump-protected title=\"Protected property\">bindings</span>: <span class=sf-dump-note>array:1</span> [<samp data-depth=3 class=sf-dump-compact>
      <span class=sf-dump-index>0</span> => \"<span class=sf-dump-str title=\"2 characters\">en</span>\"
    </samp>]
    <span class=sf-dump-meta>trace</span>: {<samp data-depth=3 class=sf-dump-compact>
      <span class=sf-dump-meta title=\"R:\\SoftwareFiles\\laragon\\www\\richminis\\vendor\\laravel\\framework\\src\\Illuminate\\Database\\Connection.php:829
Stack level 58.\"><span class=\"sf-dump-ellipsis sf-dump-ellipsis-path\">R:\\SoftwareFiles\\laragon\\www\\richminis\\vendor</span><span class=\"sf-dump-ellipsis sf-dump-ellipsis-path\">\\laravel\\framework\\</span>src\\Illuminate\\Database\\Connection.php:829</span> { &#8230;4}
      <span class=sf-dump-meta title=\"R:\\SoftwareFiles\\laragon\\www\\richminis\\vendor\\laravel\\framework\\src\\Illuminate\\Database\\Connection.php:783
Stack level 57.\"><span class=\"sf-dump-ellipsis sf-dump-ellipsis-path\">R:\\SoftwareFiles\\laragon\\www\\richminis\\vendor</span><span class=\"sf-dump-ellipsis sf-dump-ellipsis-path\">\\laravel\\framework\\</span>src\\Illuminate\\Database\\Connection.php:783</span> { &#8230;5}
      <span class=sf-dump-meta title=\"R:\\SoftwareFiles\\laragon\\www\\richminis\\vendor\\laravel\\framework\\src\\Illuminate\\Database\\Connection.php:414
Stack level 56.\"><span class=\"sf-dump-ellipsis sf-dump-ellipsis-path\">R:\\SoftwareFiles\\laragon\\www\\richminis\\vendor</span><span class=\"sf-dump-ellipsis sf-dump-ellipsis-path\">\\laravel\\framework\\</span>src\\Illuminate\\Database\\Connection.php:414</span> { &#8230;5}
      <span class=sf-dump-meta title=\"R:\\SoftwareFiles\\laragon\\www\\richminis\\vendor\\laravel\\framework\\src\\Illuminate\\Database\\Query\\Builder.php:2913
Stack level 55.\"><span class=\"sf-dump-ellipsis sf-dump-ellipsis-path\">R:\\SoftwareFiles\\laragon\\www\\richminis\\vendor</span><span class=\"sf-dump-ellipsis sf-dump-ellipsis-path\">\\laravel\\framework\\</span>src\\Illuminate\\Database\\Query\\Builder.php:2913</span> { &#8230;5}
      <span class=sf-dump-meta title=\"R:\\SoftwareFiles\\laragon\\www\\richminis\\vendor\\laravel\\framework\\src\\Illuminate\\Database\\Query\\Builder.php:2902
Stack level 54.\"><span class=\"sf-dump-ellipsis sf-dump-ellipsis-path\">R:\\SoftwareFiles\\laragon\\www\\richminis\\vendor</span><span class=\"sf-dump-ellipsis sf-dump-ellipsis-path\">\\laravel\\framework\\</span>src\\Illuminate\\Database\\Query\\Builder.php:2902</span> { &#8230;4}
      <span class=sf-dump-meta title=\"R:\\SoftwareFiles\\laragon\\www\\richminis\\vendor\\laravel\\framework\\src\\Illuminate\\Database\\Query\\Builder.php:3456
Stack level 53.\"><span class=\"sf-dump-ellipsis sf-dump-ellipsis-path\">R:\\SoftwareFiles\\laragon\\www\\richminis\\vendor</span><span class=\"sf-dump-ellipsis sf-dump-ellipsis-path\">\\laravel\\framework\\</span>src\\Illuminate\\Database\\Query\\Builder.php:3456</span> { &#8230;4}
      <span class=sf-dump-meta title=\"R:\\SoftwareFiles\\laragon\\www\\richminis\\vendor\\laravel\\framework\\src\\Illuminate\\Database\\Query\\Builder.php:2901
Stack level 52.\"><span class=\"sf-dump-ellipsis sf-dump-ellipsis-path\">R:\\SoftwareFiles\\laragon\\www\\richminis\\vendor</span><span class=\"sf-dump-ellipsis sf-dump-ellipsis-path\">\\laravel\\framework\\</span>src\\Illuminate\\Database\\Query\\Builder.php:2901</span> { &#8230;5}
      <span class=sf-dump-meta title=\"R:\\SoftwareFiles\\laragon\\www\\richminis\\vendor\\laravel\\framework\\src\\Illuminate\\Database\\Eloquent\\Builder.php:739
Stack level 51.\"><span class=\"sf-dump-ellipsis sf-dump-ellipsis-path\">R:\\SoftwareFiles\\laragon\\www\\richminis\\vendor</span><span class=\"sf-dump-ellipsis sf-dump-ellipsis-path\">\\laravel\\framework\\</span>src\\Illuminate\\Database\\Eloquent\\Builder.php:739</span> { &#8230;5}
      <span class=sf-dump-meta title=\"R:\\SoftwareFiles\\laragon\\www\\richminis\\vendor\\laravel\\framework\\src\\Illuminate\\Database\\Eloquent\\Builder.php:723
Stack level 50.\"><span class=\"sf-dump-ellipsis sf-dump-ellipsis-path\">R:\\SoftwareFiles\\laragon\\www\\richminis\\vendor</span><span class=\"sf-dump-ellipsis sf-dump-ellipsis-path\">\\laravel\\framework\\</span>src\\Illuminate\\Database\\Eloquent\\Builder.php:723</span> { &#8230;5}
      <span class=sf-dump-meta title=\"R:\\SoftwareFiles\\laragon\\www\\richminis\\vendor\\laravel\\framework\\src\\Illuminate\\Database\\Concerns\\BuildsQueries.php:333
Stack level 49.\"><span class=\"sf-dump-ellipsis sf-dump-ellipsis-path\">R:\\SoftwareFiles\\laragon\\www\\richminis\\vendor</span><span class=\"sf-dump-ellipsis sf-dump-ellipsis-path\">\\laravel\\framework\\</span>src\\Illuminate\\Database\\Concerns\\BuildsQueries.php:333</span> { &#8230;5}
      <span class=sf-dump-meta title=\"R:\\SoftwareFiles\\laragon\\www\\richminis\\app\\Http\\Helpers.php:1891
Stack level 48.\"><span class=\"sf-dump-ellipsis sf-dump-ellipsis-path\">R:\\SoftwareFiles\\laragon\\www\\richminis</span><span class=\"sf-dump-ellipsis sf-dump-ellipsis-path\">\\</span>app\\Http\\Helpers.php:1891</span> { &#8230;4}
      <span class=sf-dump-meta title=\"R:\\SoftwareFiles\\laragon\\www\\richminis\\app\\Http\\Controllers\\HomeController.php:54
Stack level 47.\"><span class=\"sf-dump-ellipsis sf-dump-ellipsis-path\">R:\\SoftwareFiles\\laragon\\www\\richminis</span><span class=\"sf-dump-ellipsis sf-dump-ellipsis-path\">\\</span>app\\Http\\Controllers\\HomeController.php:54</span> { &#8230;4}
      <span class=sf-dump-meta title=\"R:\\SoftwareFiles\\laragon\\www\\richminis\\vendor\\laravel\\framework\\src\\Illuminate\\Routing\\Controller.php:54
Stack level 46.\"><span class=\"sf-dump-ellipsis sf-dump-ellipsis-path\">R:\\SoftwareFiles\\laragon\\www\\richminis\\vendor</span><span class=\"sf-dump-ellipsis sf-dump-ellipsis-path\">\\laravel\\framework\\</span>src\\Illuminate\\Routing\\Controller.php:54</span> { &#8230;4}
      <span class=sf-dump-meta title=\"R:\\SoftwareFiles\\laragon\\www\\richminis\\vendor\\laravel\\framework\\src\\Illuminate\\Routing\\ControllerDispatcher.php:43
Stack level 45.\"><span class=\"sf-dump-ellipsis sf-dump-ellipsis-path\">R:\\SoftwareFiles\\laragon\\www\\richminis\\vendor</span><span class=\"sf-dump-ellipsis sf-dump-ellipsis-path\">\\laravel\\framework\\</span>src\\Illuminate\\Routing\\ControllerDispatcher.php:43</span> { &#8230;5}
      <span class=sf-dump-meta title=\"R:\\SoftwareFiles\\laragon\\www\\richminis\\vendor\\laravel\\framework\\src\\Illuminate\\Routing\\Route.php:259
Stack level 44.\"><span class=\"sf-dump-ellipsis sf-dump-ellipsis-path\">R:\\SoftwareFiles\\laragon\\www\\richminis\\vendor</span><span class=\"sf-dump-ellipsis sf-dump-ellipsis-path\">\\laravel\\framework\\</span>src\\Illuminate\\Routing\\Route.php:259</span> { &#8230;5}
      <span class=sf-dump-meta title=\"R:\\SoftwareFiles\\laragon\\www\\richminis\\vendor\\laravel\\framework\\src\\Illuminate\\Routing\\Route.php:205
Stack level 43.\"><span class=\"sf-dump-ellipsis sf-dump-ellipsis-path\">R:\\SoftwareFiles\\laragon\\www\\richminis\\vendor</span><span class=\"sf-dump-ellipsis sf-dump-ellipsis-path\">\\laravel\\framework\\</span>src\\Illuminate\\Routing\\Route.php:205</span> { &#8230;4}
      <span class=sf-dump-meta title=\"R:\\SoftwareFiles\\laragon\\www\\richminis\\vendor\\laravel\\framework\\src\\Illuminate\\Routing\\Router.php:806
Stack level 42.\"><span class=\"sf-dump-ellipsis sf-dump-ellipsis-path\">R:\\SoftwareFiles\\laragon\\www\\richminis\\vendor</span><span class=\"sf-dump-ellipsis sf-dump-ellipsis-path\">\\laravel\\framework\\</span>src\\Illuminate\\Routing\\Router.php:806</span> { &#8230;4}
      <span class=sf-dump-meta title=\"R:\\SoftwareFiles\\laragon\\www\\richminis\\vendor\\laravel\\framework\\src\\Illuminate\\Pipeline\\Pipeline.php:144
Stack level 41.\"><span class=\"sf-dump-ellipsis sf-dump-ellipsis-path\">R:\\SoftwareFiles\\laragon\\www\\richminis\\vendor</span><span class=\"sf-dump-ellipsis sf-dump-ellipsis-path\">\\laravel\\framework\\</span>src\\Illuminate\\Pipeline\\Pipeline.php:144</span> { &#8230;5}
      <span class=sf-dump-meta title=\"R:\\SoftwareFiles\\laragon\\www\\richminis\\app\\Http\\Middleware\\CheckForMaintenanceMode.php:64
Stack level 40.\"><span class=\"sf-dump-ellipsis sf-dump-ellipsis-path\">R:\\SoftwareFiles\\laragon\\www\\richminis</span><span class=\"sf-dump-ellipsis sf-dump-ellipsis-path\">\\</span>app\\Http\\Middleware\\CheckForMaintenanceMode.php:64</span> { &#8230;5}
      <span class=sf-dump-meta title=\"R:\\SoftwareFiles\\laragon\\www\\richminis\\vendor\\laravel\\framework\\src\\Illuminate\\Pipeline\\Pipeline.php:183
Stack level 39.\"><span class=\"sf-dump-ellipsis sf-dump-ellipsis-path\">R:\\SoftwareFiles\\laragon\\www\\richminis\\vendor</span><span class=\"sf-dump-ellipsis sf-dump-ellipsis-path\">\\laravel\\framework\\</span>src\\Illuminate\\Pipeline\\Pipeline.php:183</span> { &#8230;5}
      <span class=sf-dump-meta title=\"R:\\SoftwareFiles\\laragon\\www\\richminis\\app\\Http\\Middleware\\HttpsProtocol.php:20
Stack level 38.\"><span class=\"sf-dump-ellipsis sf-dump-ellipsis-path\">R:\\SoftwareFiles\\laragon\\www\\richminis</span><span class=\"sf-dump-ellipsis sf-dump-ellipsis-path\">\\</span>app\\Http\\Middleware\\HttpsProtocol.php:20</span> { &#8230;5}
      <span class=sf-dump-meta title=\"R:\\SoftwareFiles\\laragon\\www\\richminis\\vendor\\laravel\\framework\\src\\Illuminate\\Pipeline\\Pipeline.php:183
Stack level 37.\"><span class=\"sf-dump-ellipsis sf-dump-ellipsis-path\">R:\\SoftwareFiles\\laragon\\www\\richminis\\vendor</span><span class=\"sf-dump-ellipsis sf-dump-ellipsis-path\">\\laravel\\framework\\</span>src\\Illuminate\\Pipeline\\Pipeline.php:183</span> { &#8230;5}
      <span class=sf-dump-meta title=\"R:\\SoftwareFiles\\laragon\\www\\richminis\\app\\Http\\Middleware\\Language.php:35
Stack level 36.\"><span class=\"sf-dump-ellipsis sf-dump-ellipsis-path\">R:\\SoftwareFiles\\laragon\\www\\richminis</span><span class=\"sf-dump-ellipsis sf-dump-ellipsis-path\">\\</span>app\\Http\\Middleware\\Language.php:35</span> { &#8230;5}
      <span class=sf-dump-meta title=\"R:\\SoftwareFiles\\laragon\\www\\richminis\\vendor\\laravel\\framework\\src\\Illuminate\\Pipeline\\Pipeline.php:183
Stack level 35.\"><span class=\"sf-dump-ellipsis sf-dump-ellipsis-path\">R:\\SoftwareFiles\\laragon\\www\\richminis\\vendor</span><span class=\"sf-dump-ellipsis sf-dump-ellipsis-path\">\\laravel\\framework\\</span>src\\Illuminate\\Pipeline\\Pipeline.php:183</span> { &#8230;5}
      <span class=sf-dump-meta title=\"R:\\SoftwareFiles\\laragon\\www\\richminis\\vendor\\laravel\\framework\\src\\Illuminate\\Routing\\Middleware\\SubstituteBindings.php:50
Stack level 34.\"><span class=\"sf-dump-ellipsis sf-dump-ellipsis-path\">R:\\SoftwareFiles\\laragon\\www\\richminis\\vendor</span><span class=\"sf-dump-ellipsis sf-dump-ellipsis-path\">\\laravel\\framework\\</span>src\\Illuminate\\Routing\\Middleware\\SubstituteBindings.php:50</span> { &#8230;5}
      <span class=sf-dump-meta title=\"R:\\SoftwareFiles\\laragon\\www\\richminis\\vendor\\laravel\\framework\\src\\Illuminate\\Pipeline\\Pipeline.php:183
Stack level 33.\"><span class=\"sf-dump-ellipsis sf-dump-ellipsis-path\">R:\\SoftwareFiles\\laragon\\www\\richminis\\vendor</span><span class=\"sf-dump-ellipsis sf-dump-ellipsis-path\">\\laravel\\framework\\</span>src\\Illuminate\\Pipeline\\Pipeline.php:183</span> { &#8230;5}
      <span class=sf-dump-meta title=\"R:\\SoftwareFiles\\laragon\\www\\richminis\\vendor\\laravel\\framework\\src\\Illuminate\\Foundation\\Http\\Middleware\\VerifyCsrfToken.php:78
Stack level 32.\"><span class=\"sf-dump-ellipsis sf-dump-ellipsis-path\">R:\\SoftwareFiles\\laragon\\www\\richminis\\vendor</span><span class=\"sf-dump-ellipsis sf-dump-ellipsis-path\">\\laravel\\framework\\</span>src\\Illuminate\\Foundation\\Http\\Middleware\\VerifyCsrfToken.php:78</span> { &#8230;5}
      <span class=sf-dump-meta title=\"R:\\SoftwareFiles\\laragon\\www\\richminis\\vendor\\laravel\\framework\\src\\Illuminate\\Pipeline\\Pipeline.php:183
Stack level 31.\"><span class=\"sf-dump-ellipsis sf-dump-ellipsis-path\">R:\\SoftwareFiles\\laragon\\www\\richminis\\vendor</span><span class=\"sf-dump-ellipsis sf-dump-ellipsis-path\">\\laravel\\framework\\</span>src\\Illuminate\\Pipeline\\Pipeline.php:183</span> { &#8230;5}
      <span class=sf-dump-meta title=\"R:\\SoftwareFiles\\laragon\\www\\richminis\\vendor\\laravel\\framework\\src\\Illuminate\\Cookie\\Middleware\\AddQueuedCookiesToResponse.php:37
Stack level 30.\"><span class=\"sf-dump-ellipsis sf-dump-ellipsis-path\">R:\\SoftwareFiles\\laragon\\www\\richminis\\vendor</span><span class=\"sf-dump-ellipsis sf-dump-ellipsis-path\">\\laravel\\framework\\</span>src\\Illuminate\\Cookie\\Middleware\\AddQueuedCookiesToResponse.php:37</span> { &#8230;5}
      <span class=sf-dump-meta title=\"R:\\SoftwareFiles\\laragon\\www\\richminis\\vendor\\laravel\\framework\\src\\Illuminate\\Pipeline\\Pipeline.php:183
Stack level 29.\"><span class=\"sf-dump-ellipsis sf-dump-ellipsis-path\">R:\\SoftwareFiles\\laragon\\www\\richminis\\vendor</span><span class=\"sf-dump-ellipsis sf-dump-ellipsis-path\">\\laravel\\framework\\</span>src\\Illuminate\\Pipeline\\Pipeline.php:183</span> { &#8230;5}
      <span class=sf-dump-meta title=\"R:\\SoftwareFiles\\laragon\\www\\richminis\\vendor\\laravel\\framework\\src\\Illuminate\\Pipeline\\Pipeline.php:119
Stack level 28.\"><span class=\"sf-dump-ellipsis sf-dump-ellipsis-path\">R:\\SoftwareFiles\\laragon\\www\\richminis\\vendor</span><span class=\"sf-dump-ellipsis sf-dump-ellipsis-path\">\\laravel\\framework\\</span>src\\Illuminate\\Pipeline\\Pipeline.php:119</span> { &#8230;5}
      <span class=sf-dump-meta title=\"R:\\SoftwareFiles\\laragon\\www\\richminis\\vendor\\laravel\\framework\\src\\Illuminate\\Routing\\Router.php:805
Stack level 27.\"><span class=\"sf-dump-ellipsis sf-dump-ellipsis-path\">R:\\SoftwareFiles\\laragon\\www\\richminis\\vendor</span><span class=\"sf-dump-ellipsis sf-dump-ellipsis-path\">\\laravel\\framework\\</span>src\\Illuminate\\Routing\\Router.php:805</span> { &#8230;5}
      <span class=sf-dump-meta title=\"R:\\SoftwareFiles\\laragon\\www\\richminis\\vendor\\laravel\\framework\\src\\Illuminate\\Routing\\Router.php:784
Stack level 26.\"><span class=\"sf-dump-ellipsis sf-dump-ellipsis-path\">R:\\SoftwareFiles\\laragon\\www\\richminis\\vendor</span><span class=\"sf-dump-ellipsis sf-dump-ellipsis-path\">\\laravel\\framework\\</span>src\\Illuminate\\Routing\\Router.php:784</span> { &#8230;5}
      <span class=sf-dump-meta title=\"R:\\SoftwareFiles\\laragon\\www\\richminis\\vendor\\laravel\\framework\\src\\Illuminate\\Routing\\Router.php:748
Stack level 25.\"><span class=\"sf-dump-ellipsis sf-dump-ellipsis-path\">R:\\SoftwareFiles\\laragon\\www\\richminis\\vendor</span><span class=\"sf-dump-ellipsis sf-dump-ellipsis-path\">\\laravel\\framework\\</span>src\\Illuminate\\Routing\\Router.php:748</span> { &#8230;5}
      <span class=sf-dump-meta title=\"R:\\SoftwareFiles\\laragon\\www\\richminis\\vendor\\laravel\\framework\\src\\Illuminate\\Routing\\Router.php:737
Stack level 24.\"><span class=\"sf-dump-ellipsis sf-dump-ellipsis-path\">R:\\SoftwareFiles\\laragon\\www\\richminis\\vendor</span><span class=\"sf-dump-ellipsis sf-dump-ellipsis-path\">\\laravel\\framework\\</span>src\\Illuminate\\Routing\\Router.php:737</span> { &#8230;5}
      <span class=sf-dump-meta title=\"R:\\SoftwareFiles\\laragon\\www\\richminis\\vendor\\laravel\\framework\\src\\Illuminate\\Foundation\\Http\\Kernel.php:200
Stack level 23.\"><span class=\"sf-dump-ellipsis sf-dump-ellipsis-path\">R:\\SoftwareFiles\\laragon\\www\\richminis\\vendor</span><span class=\"sf-dump-ellipsis sf-dump-ellipsis-path\">\\laravel\\framework\\</span>src\\Illuminate\\Foundation\\Http\\Kernel.php:200</span> { &#8230;5}
      <span class=sf-dump-meta title=\"R:\\SoftwareFiles\\laragon\\www\\richminis\\vendor\\laravel\\framework\\src\\Illuminate\\Pipeline\\Pipeline.php:144
Stack level 22.\"><span class=\"sf-dump-ellipsis sf-dump-ellipsis-path\">R:\\SoftwareFiles\\laragon\\www\\richminis\\vendor</span><span class=\"sf-dump-ellipsis sf-dump-ellipsis-path\">\\laravel\\framework\\</span>src\\Illuminate\\Pipeline\\Pipeline.php:144</span> { &#8230;5}
      <span class=sf-dump-meta title=\"R:\\SoftwareFiles\\laragon\\www\\richminis\\vendor\\barryvdh\\laravel-debugbar\\src\\Middleware\\InjectDebugbar.php:59
Stack level 21.\"><span class=\"sf-dump-ellipsis sf-dump-ellipsis-path\">R:\\SoftwareFiles\\laragon\\www\\richminis\\vendor</span><span class=\"sf-dump-ellipsis sf-dump-ellipsis-path\">\\barryvdh\\laravel-debugbar\\</span>src\\Middleware\\InjectDebugbar.php:59</span> { &#8230;5}
      <span class=sf-dump-meta title=\"R:\\SoftwareFiles\\laragon\\www\\richminis\\vendor\\laravel\\framework\\src\\Illuminate\\Pipeline\\Pipeline.php:183
Stack level 20.\"><span class=\"sf-dump-ellipsis sf-dump-ellipsis-path\">R:\\SoftwareFiles\\laragon\\www\\richminis\\vendor</span><span class=\"sf-dump-ellipsis sf-dump-ellipsis-path\">\\laravel\\framework\\</span>src\\Illuminate\\Pipeline\\Pipeline.php:183</span> { &#8230;5}
      <span class=sf-dump-meta title=\"R:\\SoftwareFiles\\laragon\\www\\richminis\\vendor\\laravel\\framework\\src\\Illuminate\\View\\Middleware\\ShareErrorsFromSession.php:49
Stack level 19.\"><span class=\"sf-dump-ellipsis sf-dump-ellipsis-path\">R:\\SoftwareFiles\\laragon\\www\\richminis\\vendor</span><span class=\"sf-dump-ellipsis sf-dump-ellipsis-path\">\\laravel\\framework\\</span>src\\Illuminate\\View\\Middleware\\ShareErrorsFromSession.php:49</span> { &#8230;5}
      <span class=sf-dump-meta title=\"R:\\SoftwareFiles\\laragon\\www\\richminis\\vendor\\laravel\\framework\\src\\Illuminate\\Pipeline\\Pipeline.php:183
Stack level 18.\"><span class=\"sf-dump-ellipsis sf-dump-ellipsis-path\">R:\\SoftwareFiles\\laragon\\www\\richminis\\vendor</span><span class=\"sf-dump-ellipsis sf-dump-ellipsis-path\">\\laravel\\framework\\</span>src\\Illuminate\\Pipeline\\Pipeline.php:183</span> { &#8230;5}
      <span class=sf-dump-meta title=\"R:\\SoftwareFiles\\laragon\\www\\richminis\\vendor\\laravel\\framework\\src\\Illuminate\\Session\\Middleware\\StartSession.php:121
Stack level 17.\"><span class=\"sf-dump-ellipsis sf-dump-ellipsis-path\">R:\\SoftwareFiles\\laragon\\www\\richminis\\vendor</span><span class=\"sf-dump-ellipsis sf-dump-ellipsis-path\">\\laravel\\framework\\</span>src\\Illuminate\\Session\\Middleware\\StartSession.php:121</span> { &#8230;5}
      <span class=sf-dump-meta title=\"R:\\SoftwareFiles\\laragon\\www\\richminis\\vendor\\laravel\\framework\\src\\Illuminate\\Session\\Middleware\\StartSession.php:64
Stack level 16.\"><span class=\"sf-dump-ellipsis sf-dump-ellipsis-path\">R:\\SoftwareFiles\\laragon\\www\\richminis\\vendor</span><span class=\"sf-dump-ellipsis sf-dump-ellipsis-path\">\\laravel\\framework\\</span>src\\Illuminate\\Session\\Middleware\\StartSession.php:64</span> { &#8230;5}
      <span class=sf-dump-meta title=\"R:\\SoftwareFiles\\laragon\\www\\richminis\\vendor\\laravel\\framework\\src\\Illuminate\\Pipeline\\Pipeline.php:183
Stack level 15.\"><span class=\"sf-dump-ellipsis sf-dump-ellipsis-path\">R:\\SoftwareFiles\\laragon\\www\\richminis\\vendor</span><span class=\"sf-dump-ellipsis sf-dump-ellipsis-path\">\\laravel\\framework\\</span>src\\Illuminate\\Pipeline\\Pipeline.php:183</span> { &#8230;5}
      <span class=sf-dump-meta title=\"R:\\SoftwareFiles\\laragon\\www\\richminis\\vendor\\laravel\\framework\\src\\Illuminate\\Http\\Middleware\\TrustProxies.php:39
Stack level 14.\"><span class=\"sf-dump-ellipsis sf-dump-ellipsis-path\">R:\\SoftwareFiles\\laragon\\www\\richminis\\vendor</span><span class=\"sf-dump-ellipsis sf-dump-ellipsis-path\">\\laravel\\framework\\</span>src\\Illuminate\\Http\\Middleware\\TrustProxies.php:39</span> { &#8230;5}
      <span class=sf-dump-meta title=\"R:\\SoftwareFiles\\laragon\\www\\richminis\\vendor\\laravel\\framework\\src\\Illuminate\\Pipeline\\Pipeline.php:183
Stack level 13.\"><span class=\"sf-dump-ellipsis sf-dump-ellipsis-path\">R:\\SoftwareFiles\\laragon\\www\\richminis\\vendor</span><span class=\"sf-dump-ellipsis sf-dump-ellipsis-path\">\\laravel\\framework\\</span>src\\Illuminate\\Pipeline\\Pipeline.php:183</span> { &#8230;5}
      <span class=sf-dump-meta title=\"R:\\SoftwareFiles\\laragon\\www\\richminis\\vendor\\laravel\\framework\\src\\Illuminate\\Foundation\\Http\\Middleware\\TransformsRequest.php:21
Stack level 12.\"><span class=\"sf-dump-ellipsis sf-dump-ellipsis-path\">R:\\SoftwareFiles\\laragon\\www\\richminis\\vendor</span><span class=\"sf-dump-ellipsis sf-dump-ellipsis-path\">\\laravel\\framework\\</span>src\\Illuminate\\Foundation\\Http\\Middleware\\TransformsRequest.php:21</span> { &#8230;5}
      <span class=sf-dump-meta title=\"R:\\SoftwareFiles\\laragon\\www\\richminis\\vendor\\laravel\\framework\\src\\Illuminate\\Foundation\\Http\\Middleware\\ConvertEmptyStringsToNull.php:31
Stack level 11.\"><span class=\"sf-dump-ellipsis sf-dump-ellipsis-path\">R:\\SoftwareFiles\\laragon\\www\\richminis\\vendor</span><span class=\"sf-dump-ellipsis sf-dump-ellipsis-path\">\\laravel\\framework\\</span>src\\Illuminate\\Foundation\\Http\\Middleware\\ConvertEmptyStringsToNull.php:31</span> { &#8230;5}
      <span class=sf-dump-meta title=\"R:\\SoftwareFiles\\laragon\\www\\richminis\\vendor\\laravel\\framework\\src\\Illuminate\\Pipeline\\Pipeline.php:183
Stack level 10.\"><span class=\"sf-dump-ellipsis sf-dump-ellipsis-path\">R:\\SoftwareFiles\\laragon\\www\\richminis\\vendor</span><span class=\"sf-dump-ellipsis sf-dump-ellipsis-path\">\\laravel\\framework\\</span>src\\Illuminate\\Pipeline\\Pipeline.php:183</span> { &#8230;5}
      <span class=sf-dump-meta title=\"R:\\SoftwareFiles\\laragon\\www\\richminis\\vendor\\laravel\\framework\\src\\Illuminate\\Foundation\\Http\\Middleware\\TransformsRequest.php:21
Stack level 9.\"><span class=\"sf-dump-ellipsis sf-dump-ellipsis-path\">R:\\SoftwareFiles\\laragon\\www\\richminis\\vendor</span><span class=\"sf-dump-ellipsis sf-dump-ellipsis-path\">\\laravel\\framework\\</span>src\\Illuminate\\Foundation\\Http\\Middleware\\TransformsRequest.php:21</span> { &#8230;5}
      <span class=sf-dump-meta title=\"R:\\SoftwareFiles\\laragon\\www\\richminis\\vendor\\laravel\\framework\\src\\Illuminate\\Foundation\\Http\\Middleware\\TrimStrings.php:40
Stack level 8.\"><span class=\"sf-dump-ellipsis sf-dump-ellipsis-path\">R:\\SoftwareFiles\\laragon\\www\\richminis\\vendor</span><span class=\"sf-dump-ellipsis sf-dump-ellipsis-path\">\\laravel\\framework\\</span>src\\Illuminate\\Foundation\\Http\\Middleware\\TrimStrings.php:40</span> { &#8230;5}
      <span class=sf-dump-meta title=\"R:\\SoftwareFiles\\laragon\\www\\richminis\\vendor\\laravel\\framework\\src\\Illuminate\\Pipeline\\Pipeline.php:183
Stack level 7.\"><span class=\"sf-dump-ellipsis sf-dump-ellipsis-path\">R:\\SoftwareFiles\\laragon\\www\\richminis\\vendor</span><span class=\"sf-dump-ellipsis sf-dump-ellipsis-path\">\\laravel\\framework\\</span>src\\Illuminate\\Pipeline\\Pipeline.php:183</span> { &#8230;5}
      <span class=sf-dump-meta title=\"R:\\SoftwareFiles\\laragon\\www\\richminis\\vendor\\laravel\\framework\\src\\Illuminate\\Foundation\\Http\\Middleware\\ValidatePostSize.php:27
Stack level 6.\"><span class=\"sf-dump-ellipsis sf-dump-ellipsis-path\">R:\\SoftwareFiles\\laragon\\www\\richminis\\vendor</span><span class=\"sf-dump-ellipsis sf-dump-ellipsis-path\">\\laravel\\framework\\</span>src\\Illuminate\\Foundation\\Http\\Middleware\\ValidatePostSize.php:27</span> { &#8230;5}
      <span class=sf-dump-meta title=\"R:\\SoftwareFiles\\laragon\\www\\richminis\\vendor\\laravel\\framework\\src\\Illuminate\\Pipeline\\Pipeline.php:183
Stack level 5.\"><span class=\"sf-dump-ellipsis sf-dump-ellipsis-path\">R:\\SoftwareFiles\\laragon\\www\\richminis\\vendor</span><span class=\"sf-dump-ellipsis sf-dump-ellipsis-path\">\\laravel\\framework\\</span>src\\Illuminate\\Pipeline\\Pipeline.php:183</span> { &#8230;5}
      <span class=sf-dump-meta title=\"R:\\SoftwareFiles\\laragon\\www\\richminis\\vendor\\laravel\\framework\\src\\Illuminate\\Pipeline\\Pipeline.php:119
Stack level 4.\"><span class=\"sf-dump-ellipsis sf-dump-ellipsis-path\">R:\\SoftwareFiles\\laragon\\www\\richminis\\vendor</span><span class=\"sf-dump-ellipsis sf-dump-ellipsis-path\">\\laravel\\framework\\</span>src\\Illuminate\\Pipeline\\Pipeline.php:119</span> { &#8230;5}
      <span class=sf-dump-meta title=\"R:\\SoftwareFiles\\laragon\\www\\richminis\\vendor\\laravel\\framework\\src\\Illuminate\\Foundation\\Http\\Kernel.php:175
Stack level 3.\"><span class=\"sf-dump-ellipsis sf-dump-ellipsis-path\">R:\\SoftwareFiles\\laragon\\www\\richminis\\vendor</span><span class=\"sf-dump-ellipsis sf-dump-ellipsis-path\">\\laravel\\framework\\</span>src\\Illuminate\\Foundation\\Http\\Kernel.php:175</span> { &#8230;5}
      <span class=sf-dump-meta title=\"R:\\SoftwareFiles\\laragon\\www\\richminis\\vendor\\laravel\\framework\\src\\Illuminate\\Foundation\\Http\\Kernel.php:144
Stack level 2.\"><span class=\"sf-dump-ellipsis sf-dump-ellipsis-path\">R:\\SoftwareFiles\\laragon\\www\\richminis\\vendor</span><span class=\"sf-dump-ellipsis sf-dump-ellipsis-path\">\\laravel\\framework\\</span>src\\Illuminate\\Foundation\\Http\\Kernel.php:144</span> { &#8230;5}
      <span class=sf-dump-meta title=\"R:\\SoftwareFiles\\laragon\\www\\richminis\\index.php:56
Stack level 1.\"><span class=\"sf-dump-ellipsis sf-dump-ellipsis-path\">R:\\SoftwareFiles\\laragon\\www\\richminis</span><span class=\"sf-dump-ellipsis sf-dump-ellipsis-path\">\\</span>index.php:56</span> { &#8230;4}
    </samp>}
  </samp>}
  -<span class=sf-dump-private title=\"Private property defined in class:&#10;`Symfony\\Component\\HttpKernel\\Exception\\HttpException`\">statusCode</span>: <span class=sf-dump-num>500</span>
  -<span class=sf-dump-private title=\"Private property defined in class:&#10;`Symfony\\Component\\HttpKernel\\Exception\\HttpException`\">headers</span>: []
  <span class=sf-dump-meta>trace</span>: {<samp data-depth=2 class=sf-dump-compact>
    <span class=sf-dump-meta title=\"R:\\SoftwareFiles\\laragon\\www\\richminis\\vendor\\laravel\\framework\\src\\Illuminate\\Foundation\\Exceptions\\Handler.php:646
Stack level 46.\"><span class=\"sf-dump-ellipsis sf-dump-ellipsis-path\">R:\\SoftwareFiles\\laragon\\www\\richminis\\vendor</span><span class=\"sf-dump-ellipsis sf-dump-ellipsis-path\">\\laravel\\framework\\</span>src\\Illuminate\\Foundation\\Exceptions\\Handler.php:646</span> {<samp data-depth=3 class=sf-dump-compact>
      <span class=sf-dump-note title=\"Illuminate\\Foundation\\Exceptions\\Handler-&gt;prepareResponse($request, Throwable $e)
\"><span class=\"sf-dump-ellipsis sf-dump-ellipsis-note\">Illuminate\\Foundation\\Exceptions</span><span class=\"sf-dump-ellipsis sf-dump-ellipsis-note\">\\</span>Handler-&gt;prepareResponse($request, Throwable $e)</span> &#8230;
      &#8250; <code class=\"php\"><span class=sf-dump-default>if (! $this-&gt;isHttpException($e)) {</span></code>
      &#8250; <code class=\"php\"><span class=sf-dump-const title=\"in Illuminate\\Foundation\\Exceptions\\Handler-&gt;prepareResponse($request, Throwable $e)\">    $e = new HttpException(500, $e-&gt;getMessage(), $e);</span></code>
      &#8250; <code class=\"php\"><span class=sf-dump-default>}</span></code>
    </samp>}
    <span class=sf-dump-meta title=\"R:\\SoftwareFiles\\laragon\\www\\richminis\\vendor\\laravel\\framework\\src\\Illuminate\\Foundation\\Exceptions\\Handler.php:556
Stack level 45.\"><span class=\"sf-dump-ellipsis sf-dump-ellipsis-path\">R:\\SoftwareFiles\\laragon\\www\\richminis\\vendor</span><span class=\"sf-dump-ellipsis sf-dump-ellipsis-path\">\\laravel\\framework\\</span>src\\Illuminate\\Foundation\\Exceptions\\Handler.php:556</span> {<samp data-depth=3 class=sf-dump-compact>
      <span class=sf-dump-note title=\"Illuminate\\Foundation\\Exceptions\\Handler-&gt;renderExceptionResponse($request, Throwable $e)
\"><span class=\"sf-dump-ellipsis sf-dump-ellipsis-note\">Illuminate\\Foundation\\Exceptions</span><span class=\"sf-dump-ellipsis sf-dump-ellipsis-note\">\\</span>Handler-&gt;renderExceptionResponse($request, Throwable $e)</span> &#8230;
      &#8250; <code class=\"php\"><span class=sf-dump-default>                ? $this-&gt;prepareJsonResponse($request, $e)</span></code>
      &#8250; <code class=\"php\"><span class=sf-dump-const title=\"in Illuminate\\Foundation\\Exceptions\\Handler-&gt;renderExceptionResponse($request, Throwable $e)\">                : $this-&gt;prepareResponse($request, $e);</span></code>
      &#8250; <code class=\"php\"><span class=sf-dump-default>}</span></code>
      <span class=sf-dump-meta>arguments</span>: { &#8230;2}
    </samp>}
    <span class=sf-dump-meta title=\"R:\\SoftwareFiles\\laragon\\www\\richminis\\vendor\\laravel\\framework\\src\\Illuminate\\Foundation\\Exceptions\\Handler.php:473
Stack level 44.\"><span class=\"sf-dump-ellipsis sf-dump-ellipsis-path\">R:\\SoftwareFiles\\laragon\\www\\richminis\\vendor</span><span class=\"sf-dump-ellipsis sf-dump-ellipsis-path\">\\laravel\\framework\\</span>src\\Illuminate\\Foundation\\Exceptions\\Handler.php:473</span> {<samp data-depth=3 class=sf-dump-compact>
      <span class=sf-dump-note title=\"Illuminate\\Foundation\\Exceptions\\Handler-&gt;render($request, Throwable $e)
\"><span class=\"sf-dump-ellipsis sf-dump-ellipsis-note\">Illuminate\\Foundation\\Exceptions</span><span class=\"sf-dump-ellipsis sf-dump-ellipsis-note\">\\</span>Handler-&gt;render($request, Throwable $e)</span> &#8230;
      &#8250; <code class=\"php\"><span class=sf-dump-default>    $e instanceof ValidationException =&gt; $this-&gt;convertValidationExceptionToResponse($e, $request),</span></code>
      &#8250; <code class=\"php\"><span class=sf-dump-const title=\"in Illuminate\\Foundation\\Exceptions\\Handler-&gt;render($request, Throwable $e)\">    default =&gt; $this-&gt;renderExceptionResponse($request, $e),</span></code>
      &#8250; <code class=\"php\"><span class=sf-dump-default>};</span></code>
      <span class=sf-dump-meta>arguments</span>: { &#8230;2}
    </samp>}
    <span class=sf-dump-meta title=\"R:\\SoftwareFiles\\laragon\\www\\richminis\\app\\Exceptions\\Handler.php:59
Stack level 43.\"><span class=\"sf-dump-ellipsis sf-dump-ellipsis-path\">R:\\SoftwareFiles\\laragon\\www\\richminis</span><span class=\"sf-dump-ellipsis sf-dump-ellipsis-path\">\\</span>app\\Exceptions\\Handler.php:59</span> {<samp data-depth=3 class=sf-dump-compact>
      <span class=sf-dump-note title=\"App\\Exceptions\\Handler-&gt;render($request, Throwable $e)
\"><span class=\"sf-dump-ellipsis sf-dump-ellipsis-note\">App\\Exceptions</span><span class=\"sf-dump-ellipsis sf-dump-ellipsis-note\">\\</span>Handler-&gt;render($request, Throwable $e)</span> &#8230;
      &#8250; <code class=\"php\"><span class=sf-dump-default>{<span class=\"sf-dump-default sf-dump-ns\">\\r</span></span></code>
      &#8250; <code class=\"php\"><span class=sf-dump-const title=\"in App\\Exceptions\\Handler-&gt;render($request, Throwable $e)\">    return parent::render($request, $e);<span class=\"sf-dump-default sf-dump-ns\">\\r</span></span></code>
      &#8250; <code class=\"php\"><span class=sf-dump-default>}<span class=\"sf-dump-default sf-dump-ns\">\\r</span></span></code>
      <span class=sf-dump-meta>arguments</span>: { &#8230;2}
    </samp>}
    <span class=sf-dump-meta title=\"R:\\SoftwareFiles\\laragon\\www\\richminis\\vendor\\laravel\\framework\\src\\Illuminate\\Routing\\Pipeline.php:51
Stack level 42.\"><span class=\"sf-dump-ellipsis sf-dump-ellipsis-path\">R:\\SoftwareFiles\\laragon\\www\\richminis\\vendor</span><span class=\"sf-dump-ellipsis sf-dump-ellipsis-path\">\\laravel\\framework\\</span>src\\Illuminate\\Routing\\Pipeline.php:51</span> {<samp data-depth=3 class=sf-dump-compact>
      <span class=sf-dump-note title=\"Illuminate\\Routing\\Pipeline-&gt;handleException($passable, Throwable $e)
\"><span class=\"sf-dump-ellipsis sf-dump-ellipsis-note\">Illuminate\\Routing</span><span class=\"sf-dump-ellipsis sf-dump-ellipsis-note\">\\</span>Pipeline-&gt;handleException($passable, Throwable $e)</span> &#8230;
      &#8250; 
      &#8250; <code class=\"php\"><span class=sf-dump-const title=\"in Illuminate\\Routing\\Pipeline-&gt;handleException($passable, Throwable $e)\">$response = $handler-&gt;render($passable, $e);</span></code>
      &#8250; 
      <span class=sf-dump-meta>arguments</span>: { &#8230;2}
    </samp>}
    <span class=sf-dump-meta title=\"R:\\SoftwareFiles\\laragon\\www\\richminis\\vendor\\laravel\\framework\\src\\Illuminate\\Pipeline\\Pipeline.php:146
Stack level 41.\"><span class=\"sf-dump-ellipsis sf-dump-ellipsis-path\">R:\\SoftwareFiles\\laragon\\www\\richminis\\vendor</span><span class=\"sf-dump-ellipsis sf-dump-ellipsis-path\">\\laravel\\framework\\</span>src\\Illuminate\\Pipeline\\Pipeline.php:146</span> {<samp data-depth=3 class=sf-dump-compact>
      <span class=sf-dump-note title=\"Illuminate\\Pipeline\\Pipeline-&gt;Illuminate\\Pipeline\\{closure}
\"><span class=\"sf-dump-ellipsis sf-dump-ellipsis-note\">Illuminate\\Pipeline\\Pipeline-&gt;Illuminate\\Pipeline</span><span class=\"sf-dump-ellipsis sf-dump-ellipsis-note\">\\</span>{closure}</span> &#8230;
      &#8250; <code class=\"php\"><span class=sf-dump-default>} catch (Throwable $e) {</span></code>
      &#8250; <code class=\"php\"><span class=sf-dump-const title=\"in Illuminate\\Pipeline\\Pipeline-&gt;Illuminate\\Pipeline\\{closure}\">    return $this-&gt;handleException($passable, $e);</span></code>
      &#8250; <code class=\"php\"><span class=sf-dump-default>}</span></code>
      <span class=sf-dump-meta>arguments</span>: { &#8230;2}
    </samp>}
    <span class=sf-dump-meta title=\"R:\\SoftwareFiles\\laragon\\www\\richminis\\app\\Http\\Middleware\\CheckForMaintenanceMode.php:64
Stack level 40.\"><span class=\"sf-dump-ellipsis sf-dump-ellipsis-path\">R:\\SoftwareFiles\\laragon\\www\\richminis</span><span class=\"sf-dump-ellipsis sf-dump-ellipsis-path\">\\</span>app\\Http\\Middleware\\CheckForMaintenanceMode.php:64</span> {<samp data-depth=3 class=sf-dump-compact>
      <span class=sf-dump-note title=\"App\\Http\\Middleware\\CheckForMaintenanceMode-&gt;handle($request, Closure $next)
\"><span class=\"sf-dump-ellipsis sf-dump-ellipsis-note\">App\\Http\\Middleware</span><span class=\"sf-dump-ellipsis sf-dump-ellipsis-note\">\\</span>CheckForMaintenanceMode-&gt;handle($request, Closure $next)</span> &#8230;
      &#8250; <code class=\"php\"><span class=sf-dump-default><span class=\"sf-dump-default sf-dump-ns\">\\r</span></span></code>
      &#8250; <code class=\"php\"><span class=sf-dump-const title=\"in App\\Http\\Middleware\\CheckForMaintenanceMode-&gt;handle($request, Closure $next)\">    return $next($request);<span class=\"sf-dump-default sf-dump-ns\">\\r</span></span></code>
      &#8250; <code class=\"php\"><span class=sf-dump-default>}<span class=\"sf-dump-default sf-dump-ns\">\\r</span></span></code>
      <span class=sf-dump-meta>arguments</span>: { &#8230;1}
    </samp>}
    <span class=sf-dump-meta title=\"R:\\SoftwareFiles\\laragon\\www\\richminis\\vendor\\laravel\\framework\\src\\Illuminate\\Pipeline\\Pipeline.php:183
Stack level 39.\"><span class=\"sf-dump-ellipsis sf-dump-ellipsis-path\">R:\\SoftwareFiles\\laragon\\www\\richminis\\vendor</span><span class=\"sf-dump-ellipsis sf-dump-ellipsis-path\">\\laravel\\framework\\</span>src\\Illuminate\\Pipeline\\Pipeline.php:183</span> {<samp data-depth=3 class=sf-dump-compact>
      <span class=sf-dump-note title=\"Illuminate\\Pipeline\\Pipeline-&gt;Illuminate\\Pipeline\\{closure}
\"><span class=\"sf-dump-ellipsis sf-dump-ellipsis-note\">Illuminate\\Pipeline\\Pipeline-&gt;Illuminate\\Pipeline</span><span class=\"sf-dump-ellipsis sf-dump-ellipsis-note\">\\</span>{closure}</span> &#8230;
      &#8250; <code class=\"php\"><span class=sf-dump-default>$carry = method_exists($pipe, $this-&gt;method)</span></code>
      &#8250; <code class=\"php\"><span class=sf-dump-const title=\"in Illuminate\\Pipeline\\Pipeline-&gt;Illuminate\\Pipeline\\{closure}\">                ? $pipe-&gt;{$this-&gt;method}(...$parameters)</span></code>
      &#8250; <code class=\"php\"><span class=sf-dump-default>                : $pipe(...$parameters);</span></code>
      <span class=sf-dump-meta>arguments</span>: { &#8230;2}
    </samp>}
    <span class=sf-dump-meta title=\"R:\\SoftwareFiles\\laragon\\www\\richminis\\app\\Http\\Middleware\\HttpsProtocol.php:20
Stack level 38.\"><span class=\"sf-dump-ellipsis sf-dump-ellipsis-path\">R:\\SoftwareFiles\\laragon\\www\\richminis</span><span class=\"sf-dump-ellipsis sf-dump-ellipsis-path\">\\</span>app\\Http\\Middleware\\HttpsProtocol.php:20</span> {<samp data-depth=3 class=sf-dump-compact>
      <span class=sf-dump-note title=\"App\\Http\\Middleware\\HttpsProtocol-&gt;handle($request, Closure $next)
\"><span class=\"sf-dump-ellipsis sf-dump-ellipsis-note\">App\\Http\\Middleware</span><span class=\"sf-dump-ellipsis sf-dump-ellipsis-note\">\\</span>HttpsProtocol-&gt;handle($request, Closure $next)</span> &#8230;
      &#8250; <code class=\"php\"><span class=sf-dump-default>    }<span class=\"sf-dump-default sf-dump-ns\">\\r</span></span></code>
      &#8250; <code class=\"php\"><span class=sf-dump-const title=\"in App\\Http\\Middleware\\HttpsProtocol-&gt;handle($request, Closure $next)\">    return $next($request);<span class=\"sf-dump-default sf-dump-ns\">\\r</span></span></code>
      &#8250; <code class=\"php\"><span class=sf-dump-default>}<span class=\"sf-dump-default sf-dump-ns\">\\r</span></span></code>
      <span class=sf-dump-meta>arguments</span>: { &#8230;1}
    </samp>}
    <span class=sf-dump-meta title=\"R:\\SoftwareFiles\\laragon\\www\\richminis\\vendor\\laravel\\framework\\src\\Illuminate\\Pipeline\\Pipeline.php:183
Stack level 37.\"><span class=\"sf-dump-ellipsis sf-dump-ellipsis-path\">R:\\SoftwareFiles\\laragon\\www\\richminis\\vendor</span><span class=\"sf-dump-ellipsis sf-dump-ellipsis-path\">\\laravel\\framework\\</span>src\\Illuminate\\Pipeline\\Pipeline.php:183</span> {<samp data-depth=3 class=sf-dump-compact>
      <span class=sf-dump-note title=\"Illuminate\\Pipeline\\Pipeline-&gt;Illuminate\\Pipeline\\{closure}
\"><span class=\"sf-dump-ellipsis sf-dump-ellipsis-note\">Illuminate\\Pipeline\\Pipeline-&gt;Illuminate\\Pipeline</span><span class=\"sf-dump-ellipsis sf-dump-ellipsis-note\">\\</span>{closure}</span> &#8230;
      &#8250; <code class=\"php\"><span class=sf-dump-default>$carry = method_exists($pipe, $this-&gt;method)</span></code>
      &#8250; <code class=\"php\"><span class=sf-dump-const title=\"in Illuminate\\Pipeline\\Pipeline-&gt;Illuminate\\Pipeline\\{closure}\">                ? $pipe-&gt;{$this-&gt;method}(...$parameters)</span></code>
      &#8250; <code class=\"php\"><span class=sf-dump-default>                : $pipe(...$parameters);</span></code>
      <span class=sf-dump-meta>arguments</span>: { &#8230;2}
    </samp>}
    <span class=sf-dump-meta title=\"R:\\SoftwareFiles\\laragon\\www\\richminis\\app\\Http\\Middleware\\Language.php:35
Stack level 36.\"><span class=\"sf-dump-ellipsis sf-dump-ellipsis-path\">R:\\SoftwareFiles\\laragon\\www\\richminis</span><span class=\"sf-dump-ellipsis sf-dump-ellipsis-path\">\\</span>app\\Http\\Middleware\\Language.php:35</span> {<samp data-depth=3 class=sf-dump-compact>
      <span class=sf-dump-note title=\"App\\Http\\Middleware\\Language-&gt;handle($request, Closure $next)
\"><span class=\"sf-dump-ellipsis sf-dump-ellipsis-note\">App\\Http\\Middleware</span><span class=\"sf-dump-ellipsis sf-dump-ellipsis-note\">\\</span>Language-&gt;handle($request, Closure $next)</span> &#8230;
      &#8250; <code class=\"php\"><span class=sf-dump-default><span class=\"sf-dump-default sf-dump-ns\">\\r</span></span></code>
      &#8250; <code class=\"php\"><span class=sf-dump-const title=\"in App\\Http\\Middleware\\Language-&gt;handle($request, Closure $next)\">    return $next($request);<span class=\"sf-dump-default sf-dump-ns\">\\r</span></span></code>
      &#8250; <code class=\"php\"><span class=sf-dump-default>}<span class=\"sf-dump-default sf-dump-ns\">\\r</span></span></code>
      <span class=sf-dump-meta>arguments</span>: { &#8230;1}
    </samp>}
    <span class=sf-dump-meta title=\"R:\\SoftwareFiles\\laragon\\www\\richminis\\vendor\\laravel\\framework\\src\\Illuminate\\Pipeline\\Pipeline.php:183
Stack level 35.\"><span class=\"sf-dump-ellipsis sf-dump-ellipsis-path\">R:\\SoftwareFiles\\laragon\\www\\richminis\\vendor</span><span class=\"sf-dump-ellipsis sf-dump-ellipsis-path\">\\laravel\\framework\\</span>src\\Illuminate\\Pipeline\\Pipeline.php:183</span> {<samp data-depth=3 class=sf-dump-compact>
      <span class=sf-dump-note title=\"Illuminate\\Pipeline\\Pipeline-&gt;Illuminate\\Pipeline\\{closure}
\"><span class=\"sf-dump-ellipsis sf-dump-ellipsis-note\">Illuminate\\Pipeline\\Pipeline-&gt;Illuminate\\Pipeline</span><span class=\"sf-dump-ellipsis sf-dump-ellipsis-note\">\\</span>{closure}</span> &#8230;
      &#8250; <code class=\"php\"><span class=sf-dump-default>$carry = method_exists($pipe, $this-&gt;method)</span></code>
      &#8250; <code class=\"php\"><span class=sf-dump-const title=\"in Illuminate\\Pipeline\\Pipeline-&gt;Illuminate\\Pipeline\\{closure}\">                ? $pipe-&gt;{$this-&gt;method}(...$parameters)</span></code>
      &#8250; <code class=\"php\"><span class=sf-dump-default>                : $pipe(...$parameters);</span></code>
      <span class=sf-dump-meta>arguments</span>: { &#8230;2}
    </samp>}
    <span class=sf-dump-meta title=\"R:\\SoftwareFiles\\laragon\\www\\richminis\\vendor\\laravel\\framework\\src\\Illuminate\\Routing\\Middleware\\SubstituteBindings.php:50
Stack level 34.\"><span class=\"sf-dump-ellipsis sf-dump-ellipsis-path\">R:\\SoftwareFiles\\laragon\\www\\richminis\\vendor</span><span class=\"sf-dump-ellipsis sf-dump-ellipsis-path\">\\laravel\\framework\\</span>src\\Illuminate\\Routing\\Middleware\\SubstituteBindings.php:50</span> {<samp data-depth=3 class=sf-dump-compact>
      <span class=sf-dump-note title=\"Illuminate\\Routing\\Middleware\\SubstituteBindings-&gt;handle($request, Closure $next)
\"><span class=\"sf-dump-ellipsis sf-dump-ellipsis-note\">Illuminate\\Routing\\Middleware</span><span class=\"sf-dump-ellipsis sf-dump-ellipsis-note\">\\</span>SubstituteBindings-&gt;handle($request, Closure $next)</span> &#8230;
      &#8250; 
      &#8250; <code class=\"php\"><span class=sf-dump-const title=\"in Illuminate\\Routing\\Middleware\\SubstituteBindings-&gt;handle($request, Closure $next)\">    return $next($request);</span></code>
      &#8250; <code class=\"php\"><span class=sf-dump-default>}</span></code>
      <span class=sf-dump-meta>arguments</span>: { &#8230;1}
    </samp>}
    <span class=sf-dump-meta title=\"R:\\SoftwareFiles\\laragon\\www\\richminis\\vendor\\laravel\\framework\\src\\Illuminate\\Pipeline\\Pipeline.php:183
Stack level 33.\"><span class=\"sf-dump-ellipsis sf-dump-ellipsis-path\">R:\\SoftwareFiles\\laragon\\www\\richminis\\vendor</span><span class=\"sf-dump-ellipsis sf-dump-ellipsis-path\">\\laravel\\framework\\</span>src\\Illuminate\\Pipeline\\Pipeline.php:183</span> {<samp data-depth=3 class=sf-dump-compact>
      <span class=sf-dump-note title=\"Illuminate\\Pipeline\\Pipeline-&gt;Illuminate\\Pipeline\\{closure}
\"><span class=\"sf-dump-ellipsis sf-dump-ellipsis-note\">Illuminate\\Pipeline\\Pipeline-&gt;Illuminate\\Pipeline</span><span class=\"sf-dump-ellipsis sf-dump-ellipsis-note\">\\</span>{closure}</span> &#8230;
      &#8250; <code class=\"php\"><span class=sf-dump-default>$carry = method_exists($pipe, $this-&gt;method)</span></code>
      &#8250; <code class=\"php\"><span class=sf-dump-const title=\"in Illuminate\\Pipeline\\Pipeline-&gt;Illuminate\\Pipeline\\{closure}\">                ? $pipe-&gt;{$this-&gt;method}(...$parameters)</span></code>
      &#8250; <code class=\"php\"><span class=sf-dump-default>                : $pipe(...$parameters);</span></code>
      <span class=sf-dump-meta>arguments</span>: { &#8230;2}
    </samp>}
    <span class=sf-dump-meta title=\"R:\\SoftwareFiles\\laragon\\www\\richminis\\vendor\\laravel\\framework\\src\\Illuminate\\Foundation\\Http\\Middleware\\VerifyCsrfToken.php:78
Stack level 32.\"><span class=\"sf-dump-ellipsis sf-dump-ellipsis-path\">R:\\SoftwareFiles\\laragon\\www\\richminis\\vendor</span><span class=\"sf-dump-ellipsis sf-dump-ellipsis-path\">\\laravel\\framework\\</span>src\\Illuminate\\Foundation\\Http\\Middleware\\VerifyCsrfToken.php:78</span> {<samp data-depth=3 class=sf-dump-compact>
      <span class=sf-dump-note title=\"Illuminate\\Foundation\\Http\\Middleware\\VerifyCsrfToken-&gt;handle($request, Closure $next)
\"><span class=\"sf-dump-ellipsis sf-dump-ellipsis-note\">Illuminate\\Foundation\\Http\\Middleware</span><span class=\"sf-dump-ellipsis sf-dump-ellipsis-note\">\\</span>VerifyCsrfToken-&gt;handle($request, Closure $next)</span> &#8230;
      &#8250; <code class=\"php\"><span class=sf-dump-default>) {</span></code>
      &#8250; <code class=\"php\"><span class=sf-dump-const title=\"in Illuminate\\Foundation\\Http\\Middleware\\VerifyCsrfToken-&gt;handle($request, Closure $next)\">    return tap($next($request), function ($response) use ($request) {</span></code>
      &#8250; <code class=\"php\"><span class=sf-dump-default>        if ($this-&gt;shouldAddXsrfTokenCookie()) {</span></code>
      <span class=sf-dump-meta>arguments</span>: { &#8230;1}
    </samp>}
    <span class=sf-dump-meta title=\"R:\\SoftwareFiles\\laragon\\www\\richminis\\vendor\\laravel\\framework\\src\\Illuminate\\Pipeline\\Pipeline.php:183
Stack level 31.\"><span class=\"sf-dump-ellipsis sf-dump-ellipsis-path\">R:\\SoftwareFiles\\laragon\\www\\richminis\\vendor</span><span class=\"sf-dump-ellipsis sf-dump-ellipsis-path\">\\laravel\\framework\\</span>src\\Illuminate\\Pipeline\\Pipeline.php:183</span> {<samp data-depth=3 class=sf-dump-compact>
      <span class=sf-dump-note title=\"Illuminate\\Pipeline\\Pipeline-&gt;Illuminate\\Pipeline\\{closure}
\"><span class=\"sf-dump-ellipsis sf-dump-ellipsis-note\">Illuminate\\Pipeline\\Pipeline-&gt;Illuminate\\Pipeline</span><span class=\"sf-dump-ellipsis sf-dump-ellipsis-note\">\\</span>{closure}</span> &#8230;
      &#8250; <code class=\"php\"><span class=sf-dump-default>$carry = method_exists($pipe, $this-&gt;method)</span></code>
      &#8250; <code class=\"php\"><span class=sf-dump-const title=\"in Illuminate\\Pipeline\\Pipeline-&gt;Illuminate\\Pipeline\\{closure}\">                ? $pipe-&gt;{$this-&gt;method}(...$parameters)</span></code>
      &#8250; <code class=\"php\"><span class=sf-dump-default>                : $pipe(...$parameters);</span></code>
      <span class=sf-dump-meta>arguments</span>: { &#8230;2}
    </samp>}
    <span class=sf-dump-meta title=\"R:\\SoftwareFiles\\laragon\\www\\richminis\\vendor\\laravel\\framework\\src\\Illuminate\\Cookie\\Middleware\\AddQueuedCookiesToResponse.php:37
Stack level 30.\"><span class=\"sf-dump-ellipsis sf-dump-ellipsis-path\">R:\\SoftwareFiles\\laragon\\www\\richminis\\vendor</span><span class=\"sf-dump-ellipsis sf-dump-ellipsis-path\">\\laravel\\framework\\</span>src\\Illuminate\\Cookie\\Middleware\\AddQueuedCookiesToResponse.php:37</span> {<samp data-depth=3 class=sf-dump-compact>
      <span class=sf-dump-note title=\"Illuminate\\Cookie\\Middleware\\AddQueuedCookiesToResponse-&gt;handle($request, Closure $next)
\"><span class=\"sf-dump-ellipsis sf-dump-ellipsis-note\">Illuminate\\Cookie\\Middleware</span><span class=\"sf-dump-ellipsis sf-dump-ellipsis-note\">\\</span>AddQueuedCookiesToResponse-&gt;handle($request, Closure $next)</span> &#8230;
      &#8250; <code class=\"php\"><span class=sf-dump-default>{</span></code>
      &#8250; <code class=\"php\"><span class=sf-dump-const title=\"in Illuminate\\Cookie\\Middleware\\AddQueuedCookiesToResponse-&gt;handle($request, Closure $next)\">    $response = $next($request);</span></code>
      &#8250; 
      <span class=sf-dump-meta>arguments</span>: { &#8230;1}
    </samp>}
    <span class=sf-dump-meta title=\"R:\\SoftwareFiles\\laragon\\www\\richminis\\vendor\\laravel\\framework\\src\\Illuminate\\Pipeline\\Pipeline.php:183
Stack level 29.\"><span class=\"sf-dump-ellipsis sf-dump-ellipsis-path\">R:\\SoftwareFiles\\laragon\\www\\richminis\\vendor</span><span class=\"sf-dump-ellipsis sf-dump-ellipsis-path\">\\laravel\\framework\\</span>src\\Illuminate\\Pipeline\\Pipeline.php:183</span> {<samp data-depth=3 class=sf-dump-compact>
      <span class=sf-dump-note title=\"Illuminate\\Pipeline\\Pipeline-&gt;Illuminate\\Pipeline\\{closure}
\"><span class=\"sf-dump-ellipsis sf-dump-ellipsis-note\">Illuminate\\Pipeline\\Pipeline-&gt;Illuminate\\Pipeline</span><span class=\"sf-dump-ellipsis sf-dump-ellipsis-note\">\\</span>{closure}</span> &#8230;
      &#8250; <code class=\"php\"><span class=sf-dump-default>$carry = method_exists($pipe, $this-&gt;method)</span></code>
      &#8250; <code class=\"php\"><span class=sf-dump-const title=\"in Illuminate\\Pipeline\\Pipeline-&gt;Illuminate\\Pipeline\\{closure}\">                ? $pipe-&gt;{$this-&gt;method}(...$parameters)</span></code>
      &#8250; <code class=\"php\"><span class=sf-dump-default>                : $pipe(...$parameters);</span></code>
      <span class=sf-dump-meta>arguments</span>: { &#8230;2}
    </samp>}
    <span class=sf-dump-meta title=\"R:\\SoftwareFiles\\laragon\\www\\richminis\\vendor\\laravel\\framework\\src\\Illuminate\\Pipeline\\Pipeline.php:119
Stack level 28.\"><span class=\"sf-dump-ellipsis sf-dump-ellipsis-path\">R:\\SoftwareFiles\\laragon\\www\\richminis\\vendor</span><span class=\"sf-dump-ellipsis sf-dump-ellipsis-path\">\\laravel\\framework\\</span>src\\Illuminate\\Pipeline\\Pipeline.php:119</span> {<samp data-depth=3 class=sf-dump-compact>
      <span class=sf-dump-note title=\"Illuminate\\Pipeline\\Pipeline-&gt;then(Closure $destination)
\"><span class=\"sf-dump-ellipsis sf-dump-ellipsis-note\">Illuminate\\Pipeline</span><span class=\"sf-dump-ellipsis sf-dump-ellipsis-note\">\\</span>Pipeline-&gt;then(Closure $destination)</span> &#8230;
      &#8250; 
      &#8250; <code class=\"php\"><span class=sf-dump-const title=\"in Illuminate\\Pipeline\\Pipeline-&gt;then(Closure $destination)\">    return $pipeline($this-&gt;passable);</span></code>
      &#8250; <code class=\"php\"><span class=sf-dump-default>}</span></code>
      <span class=sf-dump-meta>arguments</span>: { &#8230;1}
    </samp>}
    <span class=sf-dump-meta title=\"R:\\SoftwareFiles\\laragon\\www\\richminis\\vendor\\laravel\\framework\\src\\Illuminate\\Routing\\Router.php:805
Stack level 27.\"><span class=\"sf-dump-ellipsis sf-dump-ellipsis-path\">R:\\SoftwareFiles\\laragon\\www\\richminis\\vendor</span><span class=\"sf-dump-ellipsis sf-dump-ellipsis-path\">\\laravel\\framework\\</span>src\\Illuminate\\Routing\\Router.php:805</span> {<samp data-depth=3 class=sf-dump-compact>
      <span class=sf-dump-note title=\"Illuminate\\Routing\\Router-&gt;runRouteWithinStack(Route $route, Request $request)
\"><span class=\"sf-dump-ellipsis sf-dump-ellipsis-note\">Illuminate\\Routing</span><span class=\"sf-dump-ellipsis sf-dump-ellipsis-note\">\\</span>Router-&gt;runRouteWithinStack(Route $route, Request $request)</span> &#8230;
      &#8250; <code class=\"php\"><span class=sf-dump-default>-&gt;through($middleware)</span></code>
      &#8250; <code class=\"php\"><span class=sf-dump-const title=\"in Illuminate\\Routing\\Router-&gt;runRouteWithinStack(Route $route, Request $request)\">-&gt;then(fn ($request) =&gt; $this-&gt;prepareResponse(</span></code>
      &#8250; <code class=\"php\"><span class=sf-dump-default>    $request, $route-&gt;run()</span></code>
      <span class=sf-dump-meta>arguments</span>: { &#8230;1}
    </samp>}
    <span class=sf-dump-meta title=\"R:\\SoftwareFiles\\laragon\\www\\richminis\\vendor\\laravel\\framework\\src\\Illuminate\\Routing\\Router.php:784
Stack level 26.\"><span class=\"sf-dump-ellipsis sf-dump-ellipsis-path\">R:\\SoftwareFiles\\laragon\\www\\richminis\\vendor</span><span class=\"sf-dump-ellipsis sf-dump-ellipsis-path\">\\laravel\\framework\\</span>src\\Illuminate\\Routing\\Router.php:784</span> {<samp data-depth=3 class=sf-dump-compact>
      <span class=sf-dump-note title=\"Illuminate\\Routing\\Router-&gt;runRoute(Request $request, Route $route)
\"><span class=\"sf-dump-ellipsis sf-dump-ellipsis-note\">Illuminate\\Routing</span><span class=\"sf-dump-ellipsis sf-dump-ellipsis-note\">\\</span>Router-&gt;runRoute(Request $request, Route $route)</span> &#8230;
      &#8250; <code class=\"php\"><span class=sf-dump-default>return $this-&gt;prepareResponse($request,</span></code>
      &#8250; <code class=\"php\"><span class=sf-dump-const title=\"in Illuminate\\Routing\\Router-&gt;runRoute(Request $request, Route $route)\">    $this-&gt;runRouteWithinStack($route, $request)</span></code>
      &#8250; <code class=\"php\"><span class=sf-dump-default>);</span></code>
      <span class=sf-dump-meta>arguments</span>: { &#8230;2}
    </samp>}
    <span class=sf-dump-meta title=\"R:\\SoftwareFiles\\laragon\\www\\richminis\\vendor\\laravel\\framework\\src\\Illuminate\\Routing\\Router.php:748
Stack level 25.\"><span class=\"sf-dump-ellipsis sf-dump-ellipsis-path\">R:\\SoftwareFiles\\laragon\\www\\richminis\\vendor</span><span class=\"sf-dump-ellipsis sf-dump-ellipsis-path\">\\laravel\\framework\\</span>src\\Illuminate\\Routing\\Router.php:748</span> {<samp data-depth=3 class=sf-dump-compact>
      <span class=sf-dump-note title=\"Illuminate\\Routing\\Router-&gt;dispatchToRoute(Request $request)
\"><span class=\"sf-dump-ellipsis sf-dump-ellipsis-note\">Illuminate\\Routing</span><span class=\"sf-dump-ellipsis sf-dump-ellipsis-note\">\\</span>Router-&gt;dispatchToRoute(Request $request)</span> &#8230;
      &#8250; <code class=\"php\"><span class=sf-dump-default>{</span></code>
      &#8250; <code class=\"php\"><span class=sf-dump-const title=\"in Illuminate\\Routing\\Router-&gt;dispatchToRoute(Request $request)\">    return $this-&gt;runRoute($request, $this-&gt;findRoute($request));</span></code>
      &#8250; <code class=\"php\"><span class=sf-dump-default>}</span></code>
      <span class=sf-dump-meta>arguments</span>: { &#8230;2}
    </samp>}
    <span class=sf-dump-meta title=\"R:\\SoftwareFiles\\laragon\\www\\richminis\\vendor\\laravel\\framework\\src\\Illuminate\\Routing\\Router.php:737
Stack level 24.\"><span class=\"sf-dump-ellipsis sf-dump-ellipsis-path\">R:\\SoftwareFiles\\laragon\\www\\richminis\\vendor</span><span class=\"sf-dump-ellipsis sf-dump-ellipsis-path\">\\laravel\\framework\\</span>src\\Illuminate\\Routing\\Router.php:737</span> {<samp data-depth=3 class=sf-dump-compact>
      <span class=sf-dump-note title=\"Illuminate\\Routing\\Router-&gt;dispatch(Request $request)
\"><span class=\"sf-dump-ellipsis sf-dump-ellipsis-note\">Illuminate\\Routing</span><span class=\"sf-dump-ellipsis sf-dump-ellipsis-note\">\\</span>Router-&gt;dispatch(Request $request)</span> &#8230;
      &#8250; 
      &#8250; <code class=\"php\"><span class=sf-dump-const title=\"in Illuminate\\Routing\\Router-&gt;dispatch(Request $request)\">    return $this-&gt;dispatchToRoute($request);</span></code>
      &#8250; <code class=\"php\"><span class=sf-dump-default>}</span></code>
      <span class=sf-dump-meta>arguments</span>: { &#8230;1}
    </samp>}
    <span class=sf-dump-meta title=\"R:\\SoftwareFiles\\laragon\\www\\richminis\\vendor\\laravel\\framework\\src\\Illuminate\\Foundation\\Http\\Kernel.php:200
Stack level 23.\"><span class=\"sf-dump-ellipsis sf-dump-ellipsis-path\">R:\\SoftwareFiles\\laragon\\www\\richminis\\vendor</span><span class=\"sf-dump-ellipsis sf-dump-ellipsis-path\">\\laravel\\framework\\</span>src\\Illuminate\\Foundation\\Http\\Kernel.php:200</span> {<samp data-depth=3 class=sf-dump-compact>
      <span class=sf-dump-note title=\"Illuminate\\Foundation\\Http\\Kernel-&gt;Illuminate\\Foundation\\Http\\{closure}
\"><span class=\"sf-dump-ellipsis sf-dump-ellipsis-note\">Illuminate\\Foundation\\Http\\Kernel-&gt;Illuminate\\Foundation\\Http</span><span class=\"sf-dump-ellipsis sf-dump-ellipsis-note\">\\</span>{closure}</span> &#8230;
      &#8250; 
      &#8250; <code class=\"php\"><span class=sf-dump-const title=\"in Illuminate\\Foundation\\Http\\Kernel-&gt;Illuminate\\Foundation\\Http\\{closure}\">    return $this-&gt;router-&gt;dispatch($request);</span></code>
      &#8250; <code class=\"php\"><span class=sf-dump-default>};</span></code>
      <span class=sf-dump-meta>arguments</span>: { &#8230;1}
    </samp>}
    <span class=sf-dump-meta title=\"R:\\SoftwareFiles\\laragon\\www\\richminis\\vendor\\laravel\\framework\\src\\Illuminate\\Pipeline\\Pipeline.php:144
Stack level 22.\"><span class=\"sf-dump-ellipsis sf-dump-ellipsis-path\">R:\\SoftwareFiles\\laragon\\www\\richminis\\vendor</span><span class=\"sf-dump-ellipsis sf-dump-ellipsis-path\">\\laravel\\framework\\</span>src\\Illuminate\\Pipeline\\Pipeline.php:144</span> {<samp data-depth=3 class=sf-dump-compact>
      <span class=sf-dump-note title=\"Illuminate\\Pipeline\\Pipeline-&gt;Illuminate\\Pipeline\\{closure}
\"><span class=\"sf-dump-ellipsis sf-dump-ellipsis-note\">Illuminate\\Pipeline\\Pipeline-&gt;Illuminate\\Pipeline</span><span class=\"sf-dump-ellipsis sf-dump-ellipsis-note\">\\</span>{closure}</span> &#8230;
      &#8250; <code class=\"php\"><span class=sf-dump-default>try {</span></code>
      &#8250; <code class=\"php\"><span class=sf-dump-const title=\"in Illuminate\\Pipeline\\Pipeline-&gt;Illuminate\\Pipeline\\{closure}\">    return $destination($passable);</span></code>
      &#8250; <code class=\"php\"><span class=sf-dump-default>} catch (Throwable $e) {</span></code>
      <span class=sf-dump-meta>arguments</span>: { &#8230;1}
    </samp>}
    <span class=sf-dump-meta title=\"R:\\SoftwareFiles\\laragon\\www\\richminis\\vendor\\barryvdh\\laravel-debugbar\\src\\Middleware\\InjectDebugbar.php:59
Stack level 21.\"><span class=\"sf-dump-ellipsis sf-dump-ellipsis-path\">R:\\SoftwareFiles\\laragon\\www\\richminis\\vendor</span><span class=\"sf-dump-ellipsis sf-dump-ellipsis-path\">\\barryvdh\\laravel-debugbar\\</span>src\\Middleware\\InjectDebugbar.php:59</span> {<samp data-depth=3 class=sf-dump-compact>
      <span class=sf-dump-note title=\"Barryvdh\\Debugbar\\Middleware\\InjectDebugbar-&gt;handle($request, Closure $next)
\"><span class=\"sf-dump-ellipsis sf-dump-ellipsis-note\">Barryvdh\\Debugbar\\Middleware</span><span class=\"sf-dump-ellipsis sf-dump-ellipsis-note\">\\</span>InjectDebugbar-&gt;handle($request, Closure $next)</span> &#8230;
      &#8250; <code class=\"php\"><span class=sf-dump-default>if (!$this-&gt;debugbar-&gt;isEnabled() || $this-&gt;inExceptArray($request)) {</span></code>
      &#8250; <code class=\"php\"><span class=sf-dump-const title=\"in Barryvdh\\Debugbar\\Middleware\\InjectDebugbar-&gt;handle($request, Closure $next)\">    return $next($request);</span></code>
      &#8250; <code class=\"php\"><span class=sf-dump-default>}</span></code>
      <span class=sf-dump-meta>arguments</span>: { &#8230;1}
    </samp>}
    <span class=sf-dump-meta title=\"R:\\SoftwareFiles\\laragon\\www\\richminis\\vendor\\laravel\\framework\\src\\Illuminate\\Pipeline\\Pipeline.php:183
Stack level 20.\"><span class=\"sf-dump-ellipsis sf-dump-ellipsis-path\">R:\\SoftwareFiles\\laragon\\www\\richminis\\vendor</span><span class=\"sf-dump-ellipsis sf-dump-ellipsis-path\">\\laravel\\framework\\</span>src\\Illuminate\\Pipeline\\Pipeline.php:183</span> {<samp data-depth=3 class=sf-dump-compact>
      <span class=sf-dump-note title=\"Illuminate\\Pipeline\\Pipeline-&gt;Illuminate\\Pipeline\\{closure}
\"><span class=\"sf-dump-ellipsis sf-dump-ellipsis-note\">Illuminate\\Pipeline\\Pipeline-&gt;Illuminate\\Pipeline</span><span class=\"sf-dump-ellipsis sf-dump-ellipsis-note\">\\</span>{closure}</span> &#8230;
      &#8250; <code class=\"php\"><span class=sf-dump-default>$carry = method_exists($pipe, $this-&gt;method)</span></code>
      &#8250; <code class=\"php\"><span class=sf-dump-const title=\"in Illuminate\\Pipeline\\Pipeline-&gt;Illuminate\\Pipeline\\{closure}\">                ? $pipe-&gt;{$this-&gt;method}(...$parameters)</span></code>
      &#8250; <code class=\"php\"><span class=sf-dump-default>                : $pipe(...$parameters);</span></code>
      <span class=sf-dump-meta>arguments</span>: { &#8230;2}
    </samp>}
    <span class=sf-dump-meta title=\"R:\\SoftwareFiles\\laragon\\www\\richminis\\vendor\\laravel\\framework\\src\\Illuminate\\View\\Middleware\\ShareErrorsFromSession.php:49
Stack level 19.\"><span class=\"sf-dump-ellipsis sf-dump-ellipsis-path\">R:\\SoftwareFiles\\laragon\\www\\richminis\\vendor</span><span class=\"sf-dump-ellipsis sf-dump-ellipsis-path\">\\laravel\\framework\\</span>src\\Illuminate\\View\\Middleware\\ShareErrorsFromSession.php:49</span> {<samp data-depth=3 class=sf-dump-compact>
      <span class=sf-dump-note title=\"Illuminate\\View\\Middleware\\ShareErrorsFromSession-&gt;handle($request, Closure $next)
\"><span class=\"sf-dump-ellipsis sf-dump-ellipsis-note\">Illuminate\\View\\Middleware</span><span class=\"sf-dump-ellipsis sf-dump-ellipsis-note\">\\</span>ShareErrorsFromSession-&gt;handle($request, Closure $next)</span> &#8230;
      &#8250; 
      &#8250; <code class=\"php\"><span class=sf-dump-const title=\"in Illuminate\\View\\Middleware\\ShareErrorsFromSession-&gt;handle($request, Closure $next)\">    return $next($request);</span></code>
      &#8250; <code class=\"php\"><span class=sf-dump-default>}</span></code>
      <span class=sf-dump-meta>arguments</span>: { &#8230;1}
    </samp>}
    <span class=sf-dump-meta title=\"R:\\SoftwareFiles\\laragon\\www\\richminis\\vendor\\laravel\\framework\\src\\Illuminate\\Pipeline\\Pipeline.php:183
Stack level 18.\"><span class=\"sf-dump-ellipsis sf-dump-ellipsis-path\">R:\\SoftwareFiles\\laragon\\www\\richminis\\vendor</span><span class=\"sf-dump-ellipsis sf-dump-ellipsis-path\">\\laravel\\framework\\</span>src\\Illuminate\\Pipeline\\Pipeline.php:183</span> {<samp data-depth=3 class=sf-dump-compact>
      <span class=sf-dump-note title=\"Illuminate\\Pipeline\\Pipeline-&gt;Illuminate\\Pipeline\\{closure}
\"><span class=\"sf-dump-ellipsis sf-dump-ellipsis-note\">Illuminate\\Pipeline\\Pipeline-&gt;Illuminate\\Pipeline</span><span class=\"sf-dump-ellipsis sf-dump-ellipsis-note\">\\</span>{closure}</span> &#8230;
      &#8250; <code class=\"php\"><span class=sf-dump-default>$carry = method_exists($pipe, $this-&gt;method)</span></code>
      &#8250; <code class=\"php\"><span class=sf-dump-const title=\"in Illuminate\\Pipeline\\Pipeline-&gt;Illuminate\\Pipeline\\{closure}\">                ? $pipe-&gt;{$this-&gt;method}(...$parameters)</span></code>
      &#8250; <code class=\"php\"><span class=sf-dump-default>                : $pipe(...$parameters);</span></code>
      <span class=sf-dump-meta>arguments</span>: { &#8230;2}
    </samp>}
    <span class=sf-dump-meta title=\"R:\\SoftwareFiles\\laragon\\www\\richminis\\vendor\\laravel\\framework\\src\\Illuminate\\Session\\Middleware\\StartSession.php:121
Stack level 17.\"><span class=\"sf-dump-ellipsis sf-dump-ellipsis-path\">R:\\SoftwareFiles\\laragon\\www\\richminis\\vendor</span><span class=\"sf-dump-ellipsis sf-dump-ellipsis-path\">\\laravel\\framework\\</span>src\\Illuminate\\Session\\Middleware\\StartSession.php:121</span> {<samp data-depth=3 class=sf-dump-compact>
      <span class=sf-dump-note title=\"Illuminate\\Session\\Middleware\\StartSession-&gt;handleStatefulRequest(Request $request, $session, Closure $next)
\"><span class=\"sf-dump-ellipsis sf-dump-ellipsis-note\">Illuminate\\Session\\Middleware</span><span class=\"sf-dump-ellipsis sf-dump-ellipsis-note\">\\</span>StartSession-&gt;handleStatefulRequest(Request $request, $session, Closure $next)</span> &#8230;
      &#8250; 
      &#8250; <code class=\"php\"><span class=sf-dump-const title=\"in Illuminate\\Session\\Middleware\\StartSession-&gt;handleStatefulRequest(Request $request, $session, Closure $next)\">$response = $next($request);</span></code>
      &#8250; 
      <span class=sf-dump-meta>arguments</span>: { &#8230;1}
    </samp>}
    <span class=sf-dump-meta title=\"R:\\SoftwareFiles\\laragon\\www\\richminis\\vendor\\laravel\\framework\\src\\Illuminate\\Session\\Middleware\\StartSession.php:64
Stack level 16.\"><span class=\"sf-dump-ellipsis sf-dump-ellipsis-path\">R:\\SoftwareFiles\\laragon\\www\\richminis\\vendor</span><span class=\"sf-dump-ellipsis sf-dump-ellipsis-path\">\\laravel\\framework\\</span>src\\Illuminate\\Session\\Middleware\\StartSession.php:64</span> {<samp data-depth=3 class=sf-dump-compact>
      <span class=sf-dump-note title=\"Illuminate\\Session\\Middleware\\StartSession-&gt;handle($request, Closure $next)
\"><span class=\"sf-dump-ellipsis sf-dump-ellipsis-note\">Illuminate\\Session\\Middleware</span><span class=\"sf-dump-ellipsis sf-dump-ellipsis-note\">\\</span>StartSession-&gt;handle($request, Closure $next)</span> &#8230;
      &#8250; 
      &#8250; <code class=\"php\"><span class=sf-dump-const title=\"in Illuminate\\Session\\Middleware\\StartSession-&gt;handle($request, Closure $next)\">    return $this-&gt;handleStatefulRequest($request, $session, $next);</span></code>
      &#8250; <code class=\"php\"><span class=sf-dump-default>}</span></code>
      <span class=sf-dump-meta>arguments</span>: { &#8230;3}
    </samp>}
    <span class=sf-dump-meta title=\"R:\\SoftwareFiles\\laragon\\www\\richminis\\vendor\\laravel\\framework\\src\\Illuminate\\Pipeline\\Pipeline.php:183
Stack level 15.\"><span class=\"sf-dump-ellipsis sf-dump-ellipsis-path\">R:\\SoftwareFiles\\laragon\\www\\richminis\\vendor</span><span class=\"sf-dump-ellipsis sf-dump-ellipsis-path\">\\laravel\\framework\\</span>src\\Illuminate\\Pipeline\\Pipeline.php:183</span> {<samp data-depth=3 class=sf-dump-compact>
      <span class=sf-dump-note title=\"Illuminate\\Pipeline\\Pipeline-&gt;Illuminate\\Pipeline\\{closure}
\"><span class=\"sf-dump-ellipsis sf-dump-ellipsis-note\">Illuminate\\Pipeline\\Pipeline-&gt;Illuminate\\Pipeline</span><span class=\"sf-dump-ellipsis sf-dump-ellipsis-note\">\\</span>{closure}</span> &#8230;
      &#8250; <code class=\"php\"><span class=sf-dump-default>$carry = method_exists($pipe, $this-&gt;method)</span></code>
      &#8250; <code class=\"php\"><span class=sf-dump-const title=\"in Illuminate\\Pipeline\\Pipeline-&gt;Illuminate\\Pipeline\\{closure}\">                ? $pipe-&gt;{$this-&gt;method}(...$parameters)</span></code>
      &#8250; <code class=\"php\"><span class=sf-dump-default>                : $pipe(...$parameters);</span></code>
      <span class=sf-dump-meta>arguments</span>: { &#8230;2}
    </samp>}
    <span class=sf-dump-meta title=\"R:\\SoftwareFiles\\laragon\\www\\richminis\\vendor\\laravel\\framework\\src\\Illuminate\\Http\\Middleware\\TrustProxies.php:39
Stack level 14.\"><span class=\"sf-dump-ellipsis sf-dump-ellipsis-path\">R:\\SoftwareFiles\\laragon\\www\\richminis\\vendor</span><span class=\"sf-dump-ellipsis sf-dump-ellipsis-path\">\\laravel\\framework\\</span>src\\Illuminate\\Http\\Middleware\\TrustProxies.php:39</span> {<samp data-depth=3 class=sf-dump-compact>
      <span class=sf-dump-note title=\"Illuminate\\Http\\Middleware\\TrustProxies-&gt;handle(Request $request, Closure $next)
\"><span class=\"sf-dump-ellipsis sf-dump-ellipsis-note\">Illuminate\\Http\\Middleware</span><span class=\"sf-dump-ellipsis sf-dump-ellipsis-note\">\\</span>TrustProxies-&gt;handle(Request $request, Closure $next)</span> &#8230;
      &#8250; 
      &#8250; <code class=\"php\"><span class=sf-dump-const title=\"in Illuminate\\Http\\Middleware\\TrustProxies-&gt;handle(Request $request, Closure $next)\">    return $next($request);</span></code>
      &#8250; <code class=\"php\"><span class=sf-dump-default>}</span></code>
      <span class=sf-dump-meta>arguments</span>: { &#8230;1}
    </samp>}
    <span class=sf-dump-meta title=\"R:\\SoftwareFiles\\laragon\\www\\richminis\\vendor\\laravel\\framework\\src\\Illuminate\\Pipeline\\Pipeline.php:183
Stack level 13.\"><span class=\"sf-dump-ellipsis sf-dump-ellipsis-path\">R:\\SoftwareFiles\\laragon\\www\\richminis\\vendor</span><span class=\"sf-dump-ellipsis sf-dump-ellipsis-path\">\\laravel\\framework\\</span>src\\Illuminate\\Pipeline\\Pipeline.php:183</span> {<samp data-depth=3 class=sf-dump-compact>
      <span class=sf-dump-note title=\"Illuminate\\Pipeline\\Pipeline-&gt;Illuminate\\Pipeline\\{closure}
\"><span class=\"sf-dump-ellipsis sf-dump-ellipsis-note\">Illuminate\\Pipeline\\Pipeline-&gt;Illuminate\\Pipeline</span><span class=\"sf-dump-ellipsis sf-dump-ellipsis-note\">\\</span>{closure}</span> &#8230;
      &#8250; <code class=\"php\"><span class=sf-dump-default>$carry = method_exists($pipe, $this-&gt;method)</span></code>
      &#8250; <code class=\"php\"><span class=sf-dump-const title=\"in Illuminate\\Pipeline\\Pipeline-&gt;Illuminate\\Pipeline\\{closure}\">                ? $pipe-&gt;{$this-&gt;method}(...$parameters)</span></code>
      &#8250; <code class=\"php\"><span class=sf-dump-default>                : $pipe(...$parameters);</span></code>
      <span class=sf-dump-meta>arguments</span>: { &#8230;2}
    </samp>}
    <span class=sf-dump-meta title=\"R:\\SoftwareFiles\\laragon\\www\\richminis\\vendor\\laravel\\framework\\src\\Illuminate\\Foundation\\Http\\Middleware\\TransformsRequest.php:21
Stack level 12.\"><span class=\"sf-dump-ellipsis sf-dump-ellipsis-path\">R:\\SoftwareFiles\\laragon\\www\\richminis\\vendor</span><span class=\"sf-dump-ellipsis sf-dump-ellipsis-path\">\\laravel\\framework\\</span>src\\Illuminate\\Foundation\\Http\\Middleware\\TransformsRequest.php:21</span> {<samp data-depth=3 class=sf-dump-compact>
      <span class=sf-dump-note title=\"Illuminate\\Foundation\\Http\\Middleware\\TransformsRequest-&gt;handle($request, Closure $next)
\"><span class=\"sf-dump-ellipsis sf-dump-ellipsis-note\">Illuminate\\Foundation\\Http\\Middleware</span><span class=\"sf-dump-ellipsis sf-dump-ellipsis-note\">\\</span>TransformsRequest-&gt;handle($request, Closure $next)</span> &#8230;
      &#8250; 
      &#8250; <code class=\"php\"><span class=sf-dump-const title=\"in Illuminate\\Foundation\\Http\\Middleware\\TransformsRequest-&gt;handle($request, Closure $next)\">    return $next($request);</span></code>
      &#8250; <code class=\"php\"><span class=sf-dump-default>}</span></code>
      <span class=sf-dump-meta>arguments</span>: { &#8230;1}
    </samp>}
    <span class=sf-dump-meta title=\"R:\\SoftwareFiles\\laragon\\www\\richminis\\vendor\\laravel\\framework\\src\\Illuminate\\Foundation\\Http\\Middleware\\ConvertEmptyStringsToNull.php:31
Stack level 11.\"><span class=\"sf-dump-ellipsis sf-dump-ellipsis-path\">R:\\SoftwareFiles\\laragon\\www\\richminis\\vendor</span><span class=\"sf-dump-ellipsis sf-dump-ellipsis-path\">\\laravel\\framework\\</span>src\\Illuminate\\Foundation\\Http\\Middleware\\ConvertEmptyStringsToNull.php:31</span> {<samp data-depth=3 class=sf-dump-compact>
      <span class=sf-dump-note title=\"Illuminate\\Foundation\\Http\\Middleware\\ConvertEmptyStringsToNull-&gt;handle($request, Closure $next)
\"><span class=\"sf-dump-ellipsis sf-dump-ellipsis-note\">Illuminate\\Foundation\\Http\\Middleware</span><span class=\"sf-dump-ellipsis sf-dump-ellipsis-note\">\\</span>ConvertEmptyStringsToNull-&gt;handle($request, Closure $next)</span> &#8230;
      &#8250; 
      &#8250; <code class=\"php\"><span class=sf-dump-const title=\"in Illuminate\\Foundation\\Http\\Middleware\\ConvertEmptyStringsToNull-&gt;handle($request, Closure $next)\">    return parent::handle($request, $next);</span></code>
      &#8250; <code class=\"php\"><span class=sf-dump-default>}</span></code>
      <span class=sf-dump-meta>arguments</span>: { &#8230;2}
    </samp>}
    <span class=sf-dump-meta title=\"R:\\SoftwareFiles\\laragon\\www\\richminis\\vendor\\laravel\\framework\\src\\Illuminate\\Pipeline\\Pipeline.php:183
Stack level 10.\"><span class=\"sf-dump-ellipsis sf-dump-ellipsis-path\">R:\\SoftwareFiles\\laragon\\www\\richminis\\vendor</span><span class=\"sf-dump-ellipsis sf-dump-ellipsis-path\">\\laravel\\framework\\</span>src\\Illuminate\\Pipeline\\Pipeline.php:183</span> {<samp data-depth=3 class=sf-dump-compact>
      <span class=sf-dump-note title=\"Illuminate\\Pipeline\\Pipeline-&gt;Illuminate\\Pipeline\\{closure}
\"><span class=\"sf-dump-ellipsis sf-dump-ellipsis-note\">Illuminate\\Pipeline\\Pipeline-&gt;Illuminate\\Pipeline</span><span class=\"sf-dump-ellipsis sf-dump-ellipsis-note\">\\</span>{closure}</span> &#8230;
      &#8250; <code class=\"php\"><span class=sf-dump-default>$carry = method_exists($pipe, $this-&gt;method)</span></code>
      &#8250; <code class=\"php\"><span class=sf-dump-const title=\"in Illuminate\\Pipeline\\Pipeline-&gt;Illuminate\\Pipeline\\{closure}\">                ? $pipe-&gt;{$this-&gt;method}(...$parameters)</span></code>
      &#8250; <code class=\"php\"><span class=sf-dump-default>                : $pipe(...$parameters);</span></code>
      <span class=sf-dump-meta>arguments</span>: { &#8230;2}
    </samp>}
    <span class=sf-dump-meta title=\"R:\\SoftwareFiles\\laragon\\www\\richminis\\vendor\\laravel\\framework\\src\\Illuminate\\Foundation\\Http\\Middleware\\TransformsRequest.php:21
Stack level 9.\"><span class=\"sf-dump-ellipsis sf-dump-ellipsis-path\">R:\\SoftwareFiles\\laragon\\www\\richminis\\vendor</span><span class=\"sf-dump-ellipsis sf-dump-ellipsis-path\">\\laravel\\framework\\</span>src\\Illuminate\\Foundation\\Http\\Middleware\\TransformsRequest.php:21</span> {<samp data-depth=3 class=sf-dump-compact>
      <span class=sf-dump-note title=\"Illuminate\\Foundation\\Http\\Middleware\\TransformsRequest-&gt;handle($request, Closure $next)
\"><span class=\"sf-dump-ellipsis sf-dump-ellipsis-note\">Illuminate\\Foundation\\Http\\Middleware</span><span class=\"sf-dump-ellipsis sf-dump-ellipsis-note\">\\</span>TransformsRequest-&gt;handle($request, Closure $next)</span> &#8230;
      &#8250; 
      &#8250; <code class=\"php\"><span class=sf-dump-const title=\"in Illuminate\\Foundation\\Http\\Middleware\\TransformsRequest-&gt;handle($request, Closure $next)\">    return $next($request);</span></code>
      &#8250; <code class=\"php\"><span class=sf-dump-default>}</span></code>
      <span class=sf-dump-meta>arguments</span>: { &#8230;1}
    </samp>}
    <span class=sf-dump-meta title=\"R:\\SoftwareFiles\\laragon\\www\\richminis\\vendor\\laravel\\framework\\src\\Illuminate\\Foundation\\Http\\Middleware\\TrimStrings.php:40
Stack level 8.\"><span class=\"sf-dump-ellipsis sf-dump-ellipsis-path\">R:\\SoftwareFiles\\laragon\\www\\richminis\\vendor</span><span class=\"sf-dump-ellipsis sf-dump-ellipsis-path\">\\laravel\\framework\\</span>src\\Illuminate\\Foundation\\Http\\Middleware\\TrimStrings.php:40</span> {<samp data-depth=3 class=sf-dump-compact>
      <span class=sf-dump-note title=\"Illuminate\\Foundation\\Http\\Middleware\\TrimStrings-&gt;handle($request, Closure $next)
\"><span class=\"sf-dump-ellipsis sf-dump-ellipsis-note\">Illuminate\\Foundation\\Http\\Middleware</span><span class=\"sf-dump-ellipsis sf-dump-ellipsis-note\">\\</span>TrimStrings-&gt;handle($request, Closure $next)</span> &#8230;
      &#8250; 
      &#8250; <code class=\"php\"><span class=sf-dump-const title=\"in Illuminate\\Foundation\\Http\\Middleware\\TrimStrings-&gt;handle($request, Closure $next)\">    return parent::handle($request, $next);</span></code>
      &#8250; <code class=\"php\"><span class=sf-dump-default>}</span></code>
      <span class=sf-dump-meta>arguments</span>: { &#8230;2}
    </samp>}
    <span class=sf-dump-meta title=\"R:\\SoftwareFiles\\laragon\\www\\richminis\\vendor\\laravel\\framework\\src\\Illuminate\\Pipeline\\Pipeline.php:183
Stack level 7.\"><span class=\"sf-dump-ellipsis sf-dump-ellipsis-path\">R:\\SoftwareFiles\\laragon\\www\\richminis\\vendor</span><span class=\"sf-dump-ellipsis sf-dump-ellipsis-path\">\\laravel\\framework\\</span>src\\Illuminate\\Pipeline\\Pipeline.php:183</span> {<samp data-depth=3 class=sf-dump-compact>
      <span class=sf-dump-note title=\"Illuminate\\Pipeline\\Pipeline-&gt;Illuminate\\Pipeline\\{closure}
\"><span class=\"sf-dump-ellipsis sf-dump-ellipsis-note\">Illuminate\\Pipeline\\Pipeline-&gt;Illuminate\\Pipeline</span><span class=\"sf-dump-ellipsis sf-dump-ellipsis-note\">\\</span>{closure}</span> &#8230;
      &#8250; <code class=\"php\"><span class=sf-dump-default>$carry = method_exists($pipe, $this-&gt;method)</span></code>
      &#8250; <code class=\"php\"><span class=sf-dump-const title=\"in Illuminate\\Pipeline\\Pipeline-&gt;Illuminate\\Pipeline\\{closure}\">                ? $pipe-&gt;{$this-&gt;method}(...$parameters)</span></code>
      &#8250; <code class=\"php\"><span class=sf-dump-default>                : $pipe(...$parameters);</span></code>
      <span class=sf-dump-meta>arguments</span>: { &#8230;2}
    </samp>}
    <span class=sf-dump-meta title=\"R:\\SoftwareFiles\\laragon\\www\\richminis\\vendor\\laravel\\framework\\src\\Illuminate\\Foundation\\Http\\Middleware\\ValidatePostSize.php:27
Stack level 6.\"><span class=\"sf-dump-ellipsis sf-dump-ellipsis-path\">R:\\SoftwareFiles\\laragon\\www\\richminis\\vendor</span><span class=\"sf-dump-ellipsis sf-dump-ellipsis-path\">\\laravel\\framework\\</span>src\\Illuminate\\Foundation\\Http\\Middleware\\ValidatePostSize.php:27</span> {<samp data-depth=3 class=sf-dump-compact>
      <span class=sf-dump-note title=\"Illuminate\\Foundation\\Http\\Middleware\\ValidatePostSize-&gt;handle($request, Closure $next)
\"><span class=\"sf-dump-ellipsis sf-dump-ellipsis-note\">Illuminate\\Foundation\\Http\\Middleware</span><span class=\"sf-dump-ellipsis sf-dump-ellipsis-note\">\\</span>ValidatePostSize-&gt;handle($request, Closure $next)</span> &#8230;
      &#8250; 
      &#8250; <code class=\"php\"><span class=sf-dump-const title=\"in Illuminate\\Foundation\\Http\\Middleware\\ValidatePostSize-&gt;handle($request, Closure $next)\">    return $next($request);</span></code>
      &#8250; <code class=\"php\"><span class=sf-dump-default>}</span></code>
      <span class=sf-dump-meta>arguments</span>: { &#8230;1}
    </samp>}
    <span class=sf-dump-meta title=\"R:\\SoftwareFiles\\laragon\\www\\richminis\\vendor\\laravel\\framework\\src\\Illuminate\\Pipeline\\Pipeline.php:183
Stack level 5.\"><span class=\"sf-dump-ellipsis sf-dump-ellipsis-path\">R:\\SoftwareFiles\\laragon\\www\\richminis\\vendor</span><span class=\"sf-dump-ellipsis sf-dump-ellipsis-path\">\\laravel\\framework\\</span>src\\Illuminate\\Pipeline\\Pipeline.php:183</span> {<samp data-depth=3 class=sf-dump-compact>
      <span class=sf-dump-note title=\"Illuminate\\Pipeline\\Pipeline-&gt;Illuminate\\Pipeline\\{closure}
\"><span class=\"sf-dump-ellipsis sf-dump-ellipsis-note\">Illuminate\\Pipeline\\Pipeline-&gt;Illuminate\\Pipeline</span><span class=\"sf-dump-ellipsis sf-dump-ellipsis-note\">\\</span>{closure}</span> &#8230;
      &#8250; <code class=\"php\"><span class=sf-dump-default>$carry = method_exists($pipe, $this-&gt;method)</span></code>
      &#8250; <code class=\"php\"><span class=sf-dump-const title=\"in Illuminate\\Pipeline\\Pipeline-&gt;Illuminate\\Pipeline\\{closure}\">                ? $pipe-&gt;{$this-&gt;method}(...$parameters)</span></code>
      &#8250; <code class=\"php\"><span class=sf-dump-default>                : $pipe(...$parameters);</span></code>
      <span class=sf-dump-meta>arguments</span>: { &#8230;2}
    </samp>}
    <span class=sf-dump-meta title=\"R:\\SoftwareFiles\\laragon\\www\\richminis\\vendor\\laravel\\framework\\src\\Illuminate\\Pipeline\\Pipeline.php:119
Stack level 4.\"><span class=\"sf-dump-ellipsis sf-dump-ellipsis-path\">R:\\SoftwareFiles\\laragon\\www\\richminis\\vendor</span><span class=\"sf-dump-ellipsis sf-dump-ellipsis-path\">\\laravel\\framework\\</span>src\\Illuminate\\Pipeline\\Pipeline.php:119</span> {<samp data-depth=3 class=sf-dump-compact>
      <span class=sf-dump-note title=\"Illuminate\\Pipeline\\Pipeline-&gt;then(Closure $destination)
\"><span class=\"sf-dump-ellipsis sf-dump-ellipsis-note\">Illuminate\\Pipeline</span><span class=\"sf-dump-ellipsis sf-dump-ellipsis-note\">\\</span>Pipeline-&gt;then(Closure $destination)</span> &#8230;
      &#8250; 
      &#8250; <code class=\"php\"><span class=sf-dump-const title=\"in Illuminate\\Pipeline\\Pipeline-&gt;then(Closure $destination)\">    return $pipeline($this-&gt;passable);</span></code>
      &#8250; <code class=\"php\"><span class=sf-dump-default>}</span></code>
      <span class=sf-dump-meta>arguments</span>: { &#8230;1}
    </samp>}
    <span class=sf-dump-meta title=\"R:\\SoftwareFiles\\laragon\\www\\richminis\\vendor\\laravel\\framework\\src\\Illuminate\\Foundation\\Http\\Kernel.php:175
Stack level 3.\"><span class=\"sf-dump-ellipsis sf-dump-ellipsis-path\">R:\\SoftwareFiles\\laragon\\www\\richminis\\vendor</span><span class=\"sf-dump-ellipsis sf-dump-ellipsis-path\">\\laravel\\framework\\</span>src\\Illuminate\\Foundation\\Http\\Kernel.php:175</span> {<samp data-depth=3 class=sf-dump-compact>
      <span class=sf-dump-note title=\"Illuminate\\Foundation\\Http\\Kernel-&gt;sendRequestThroughRouter($request)
\"><span class=\"sf-dump-ellipsis sf-dump-ellipsis-note\">Illuminate\\Foundation\\Http</span><span class=\"sf-dump-ellipsis sf-dump-ellipsis-note\">\\</span>Kernel-&gt;sendRequestThroughRouter($request)</span> &#8230;
      &#8250; <code class=\"php\"><span class=sf-dump-default>                -&gt;through($this-&gt;app-&gt;shouldSkipMiddleware() ? [] : $this-&gt;middleware)</span></code>
      &#8250; <code class=\"php\"><span class=sf-dump-const title=\"in Illuminate\\Foundation\\Http\\Kernel-&gt;sendRequestThroughRouter($request)\">                -&gt;then($this-&gt;dispatchToRouter());</span></code>
      &#8250; <code class=\"php\"><span class=sf-dump-default>}</span></code>
      <span class=sf-dump-meta>arguments</span>: { &#8230;1}
    </samp>}
    <span class=sf-dump-meta title=\"R:\\SoftwareFiles\\laragon\\www\\richminis\\vendor\\laravel\\framework\\src\\Illuminate\\Foundation\\Http\\Kernel.php:144
Stack level 2.\"><span class=\"sf-dump-ellipsis sf-dump-ellipsis-path\">R:\\SoftwareFiles\\laragon\\www\\richminis\\vendor</span><span class=\"sf-dump-ellipsis sf-dump-ellipsis-path\">\\laravel\\framework\\</span>src\\Illuminate\\Foundation\\Http\\Kernel.php:144</span> {<samp data-depth=3 class=sf-dump-compact>
      <span class=sf-dump-note title=\"Illuminate\\Foundation\\Http\\Kernel-&gt;handle($request)
\"><span class=\"sf-dump-ellipsis sf-dump-ellipsis-note\">Illuminate\\Foundation\\Http</span><span class=\"sf-dump-ellipsis sf-dump-ellipsis-note\">\\</span>Kernel-&gt;handle($request)</span> &#8230;
      &#8250; 
      &#8250; <code class=\"php\"><span class=sf-dump-const title=\"in Illuminate\\Foundation\\Http\\Kernel-&gt;handle($request)\">    $response = $this-&gt;sendRequestThroughRouter($request);</span></code>
      &#8250; <code class=\"php\"><span class=sf-dump-default>} catch (Throwable $e) {</span></code>
      <span class=sf-dump-meta>arguments</span>: { &#8230;1}
    </samp>}
    <span class=sf-dump-meta title=\"R:\\SoftwareFiles\\laragon\\www\\richminis\\index.php:56
Stack level 1.\"><span class=\"sf-dump-ellipsis sf-dump-ellipsis-path\">R:\\SoftwareFiles\\laragon\\www\\richminis</span><span class=\"sf-dump-ellipsis sf-dump-ellipsis-path\">\\</span>index.php:56</span> {<samp data-depth=3 class=sf-dump-compact>
      &#8250; <code class=\"php\"><span class=sf-dump-default><span class=\"sf-dump-default sf-dump-ns\">\\r</span></span></code>
      &#8250; <code class=\"php\"><span class=sf-dump-const title=\"\">$response = $kernel-&gt;handle(<span class=\"sf-dump-default sf-dump-ns\">\\r</span></span></code>
      &#8250; <code class=\"php\"><span class=sf-dump-default>    $request = Illuminate\\Http\\Request::capture()<span class=\"sf-dump-default sf-dump-ns\">\\r</span></span></code>
      <span class=sf-dump-meta>arguments</span>: { &#8230;1}
    </samp>}
  </samp>}
</samp>}
</pre><script>Sfdump(\"sf-dump-1768771623\", {\"maxDepth\":3,\"maxStringLength\":160})</script>
","layout":"<pre class=sf-dump id=sf-dump-1759374571 data-indent-pad=\"  \">\"<span class=sf-dump-str title=\"20 characters\">frontend.layouts.app</span>\"
</pre><script>Sfdump(\"sf-dump-1759374571\", {\"maxDepth\":3,\"maxStringLength\":160})</script>
"}},"exception":"[object] (Spatie\\LaravelIgnition\\Exceptions\\ViewException(code: 0): SQLSTATE[HY000] [1049] Unknown database 'richhminis' (Connection: mysql, SQL: select * from `languages` where `code` = en limit 1) at R:\\SoftwareFiles\\laragon\\www\\richminis\\vendor\\laravel\\framework\\src\\Illuminate\\Database\\Connection.php:829)
[stacktrace]
#0 R:\\SoftwareFiles\\laragon\\www\\richminis\\vendor\\laravel\\framework\\src\\Illuminate\\Database\\Connection.php(783): Illuminate\\Database\\Connection->runQueryCallback('select * from `...', Array, Object(Closure))
#1 R:\\SoftwareFiles\\laragon\\www\\richminis\\vendor\\laravel\\framework\\src\\Illuminate\\Database\\Connection.php(414): Illuminate\\Database\\Connection->run('select * from `...', Array, Object(Closure))
#2 R:\\SoftwareFiles\\laragon\\www\\richminis\\vendor\\laravel\\framework\\src\\Illuminate\\Database\\Query\\Builder.php(2913): Illuminate\\Database\\Connection->select('select * from `...', Array, true)
#3 R:\\SoftwareFiles\\laragon\\www\\richminis\\vendor\\laravel\\framework\\src\\Illuminate\\Database\\Query\\Builder.php(2902): Illuminate\\Database\\Query\\Builder->runSelect()
#4 R:\\SoftwareFiles\\laragon\\www\\richminis\\vendor\\laravel\\framework\\src\\Illuminate\\Database\\Query\\Builder.php(3456): Illuminate\\Database\\Query\\Builder->Illuminate\\Database\\Query\\{closure}()
#5 R:\\SoftwareFiles\\laragon\\www\\richminis\\vendor\\laravel\\framework\\src\\Illuminate\\Database\\Query\\Builder.php(2901): Illuminate\\Database\\Query\\Builder->onceWithColumns(Array, Object(Closure))
#6 R:\\SoftwareFiles\\laragon\\www\\richminis\\vendor\\laravel\\framework\\src\\Illuminate\\Database\\Eloquent\\Builder.php(739): Illuminate\\Database\\Query\\Builder->get(Array)
#7 R:\\SoftwareFiles\\laragon\\www\\richminis\\vendor\\laravel\\framework\\src\\Illuminate\\Database\\Eloquent\\Builder.php(723): Illuminate\\Database\\Eloquent\\Builder->getModels(Array)
#8 R:\\SoftwareFiles\\laragon\\www\\richminis\\vendor\\laravel\\framework\\src\\Illuminate\\Database\\Concerns\\BuildsQueries.php(333): Illuminate\\Database\\Eloquent\\Builder->get(Array)
#9 R:\\SoftwareFiles\\laragon\\www\\richminis\\app\\Http\\Helpers.php(1910): Illuminate\\Database\\Eloquent\\Builder->first()
#10 R:\\SoftwareFiles\\laragon\\www\\richminis\\resources\\views\\frontend\\layouts\\app.blade.php(3): get_session_language()
#11 R:\\SoftwareFiles\\laragon\\www\\richminis\\vendor\\laravel\\framework\\src\\Illuminate\\Filesystem\\Filesystem.php(123): require('R:\\\\SoftwareFile...')
#12 R:\\SoftwareFiles\\laragon\\www\\richminis\\vendor\\laravel\\framework\\src\\Illuminate\\Filesystem\\Filesystem.php(124): Illuminate\\Filesystem\\Filesystem::Illuminate\\Filesystem\\{closure}()
#13 R:\\SoftwareFiles\\laragon\\www\\richminis\\vendor\\laravel\\framework\\src\\Illuminate\\View\\Engines\\PhpEngine.php(58): Illuminate\\Filesystem\\Filesystem->getRequire('R:\\\\SoftwareFile...', Array)
#14 R:\\SoftwareFiles\\laragon\\www\\richminis\\vendor\\laravel\\framework\\src\\Illuminate\\View\\Engines\\CompilerEngine.php(72): Illuminate\\View\\Engines\\PhpEngine->evaluatePath('R:\\\\SoftwareFile...', Array)
#15 R:\\SoftwareFiles\\laragon\\www\\richminis\\vendor\\laravel\\framework\\src\\Illuminate\\View\\View.php(207): Illuminate\\View\\Engines\\CompilerEngine->get('R:\\\\SoftwareFile...', Array)
#16 R:\\SoftwareFiles\\laragon\\www\\richminis\\vendor\\laravel\\framework\\src\\Illuminate\\View\\View.php(190): Illuminate\\View\\View->getContents()
#17 R:\\SoftwareFiles\\laragon\\www\\richminis\\vendor\\laravel\\framework\\src\\Illuminate\\View\\View.php(159): Illuminate\\View\\View->renderContents()
#18 R:\\SoftwareFiles\\laragon\\www\\richminis\\resources\\views\\errors\\500.blade.php(32): Illuminate\\View\\View->render()
#19 R:\\SoftwareFiles\\laragon\\www\\richminis\\vendor\\laravel\\framework\\src\\Illuminate\\Filesystem\\Filesystem.php(123): require('R:\\\\SoftwareFile...')
#20 R:\\SoftwareFiles\\laragon\\www\\richminis\\vendor\\laravel\\framework\\src\\Illuminate\\Filesystem\\Filesystem.php(124): Illuminate\\Filesystem\\Filesystem::Illuminate\\Filesystem\\{closure}()
#21 R:\\SoftwareFiles\\laragon\\www\\richminis\\vendor\\laravel\\framework\\src\\Illuminate\\View\\Engines\\PhpEngine.php(58): Illuminate\\Filesystem\\Filesystem->getRequire('R:\\\\SoftwareFile...', Array)
#22 R:\\SoftwareFiles\\laragon\\www\\richminis\\vendor\\laravel\\framework\\src\\Illuminate\\View\\Engines\\CompilerEngine.php(72): Illuminate\\View\\Engines\\PhpEngine->evaluatePath('R:\\\\SoftwareFile...', Array)
#23 R:\\SoftwareFiles\\laragon\\www\\richminis\\vendor\\laravel\\framework\\src\\Illuminate\\View\\View.php(207): Illuminate\\View\\Engines\\CompilerEngine->get('R:\\\\SoftwareFile...', Array)
#24 R:\\SoftwareFiles\\laragon\\www\\richminis\\vendor\\laravel\\framework\\src\\Illuminate\\View\\View.php(190): Illuminate\\View\\View->getContents()
#25 R:\\SoftwareFiles\\laragon\\www\\richminis\\vendor\\laravel\\framework\\src\\Illuminate\\View\\View.php(159): Illuminate\\View\\View->renderContents()
#26 R:\\SoftwareFiles\\laragon\\www\\richminis\\vendor\\laravel\\framework\\src\\Illuminate\\Http\\Response.php(69): Illuminate\\View\\View->render()
#27 R:\\SoftwareFiles\\laragon\\www\\richminis\\vendor\\laravel\\framework\\src\\Illuminate\\Http\\Response.php(35): Illuminate\\Http\\Response->setContent(Object(Illuminate\\View\\View))
#28 R:\\SoftwareFiles\\laragon\\www\\richminis\\vendor\\laravel\\framework\\src\\Illuminate\\Routing\\ResponseFactory.php(58): Illuminate\\Http\\Response->__construct(Object(Illuminate\\View\\View), 500, Array)
#29 R:\\SoftwareFiles\\laragon\\www\\richminis\\vendor\\laravel\\framework\\src\\Illuminate\\Routing\\ResponseFactory.php(88): Illuminate\\Routing\\ResponseFactory->make(Object(Illuminate\\View\\View), 500, Array)
#30 R:\\SoftwareFiles\\laragon\\www\\richminis\\vendor\\laravel\\framework\\src\\Illuminate\\Foundation\\Exceptions\\Handler.php(723): Illuminate\\Routing\\ResponseFactory->view('errors::500', Array, 500, Array)
#31 R:\\SoftwareFiles\\laragon\\www\\richminis\\vendor\\laravel\\framework\\src\\Illuminate\\Foundation\\Exceptions\\Handler.php(650): Illuminate\\Foundation\\Exceptions\\Handler->renderHttpException(Object(Symfony\\Component\\HttpKernel\\Exception\\HttpException))
#32 R:\\SoftwareFiles\\laragon\\www\\richminis\\vendor\\laravel\\framework\\src\\Illuminate\\Foundation\\Exceptions\\Handler.php(556): Illuminate\\Foundation\\Exceptions\\Handler->prepareResponse(Object(Illuminate\\Http\\Request), Object(Symfony\\Component\\HttpKernel\\Exception\\HttpException))
#33 R:\\SoftwareFiles\\laragon\\www\\richminis\\vendor\\laravel\\framework\\src\\Illuminate\\Foundation\\Exceptions\\Handler.php(473): Illuminate\\Foundation\\Exceptions\\Handler->renderExceptionResponse(Object(Illuminate\\Http\\Request), Object(Illuminate\\Database\\QueryException))
#34 R:\\SoftwareFiles\\laragon\\www\\richminis\\app\\Exceptions\\Handler.php(59): Illuminate\\Foundation\\Exceptions\\Handler->render(Object(Illuminate\\Http\\Request), Object(Illuminate\\Database\\QueryException))
#35 R:\\SoftwareFiles\\laragon\\www\\richminis\\vendor\\laravel\\framework\\src\\Illuminate\\Routing\\Pipeline.php(51): App\\Exceptions\\Handler->render(Object(Illuminate\\Http\\Request), Object(Illuminate\\Database\\QueryException))
#36 R:\\SoftwareFiles\\laragon\\www\\richminis\\vendor\\laravel\\framework\\src\\Illuminate\\Pipeline\\Pipeline.php(146): Illuminate\\Routing\\Pipeline->handleException(Object(Illuminate\\Http\\Request), Object(Illuminate\\Database\\QueryException))
#37 R:\\SoftwareFiles\\laragon\\www\\richminis\\app\\Http\\Middleware\\CheckForMaintenanceMode.php(64): Illuminate\\Pipeline\\Pipeline->Illuminate\\Pipeline\\{closure}(Object(Illuminate\\Http\\Request))
#38 R:\\SoftwareFiles\\laragon\\www\\richminis\\vendor\\laravel\\framework\\src\\Illuminate\\Pipeline\\Pipeline.php(183): App\\Http\\Middleware\\CheckForMaintenanceMode->handle(Object(Illuminate\\Http\\Request), Object(Closure))
#39 R:\\SoftwareFiles\\laragon\\www\\richminis\\app\\Http\\Middleware\\HttpsProtocol.php(20): Illuminate\\Pipeline\\Pipeline->Illuminate\\Pipeline\\{closure}(Object(Illuminate\\Http\\Request))
#40 R:\\SoftwareFiles\\laragon\\www\\richminis\\vendor\\laravel\\framework\\src\\Illuminate\\Pipeline\\Pipeline.php(183): App\\Http\\Middleware\\HttpsProtocol->handle(Object(Illuminate\\Http\\Request), Object(Closure))
#41 R:\\SoftwareFiles\\laragon\\www\\richminis\\app\\Http\\Middleware\\Language.php(35): Illuminate\\Pipeline\\Pipeline->Illuminate\\Pipeline\\{closure}(Object(Illuminate\\Http\\Request))
#42 R:\\SoftwareFiles\\laragon\\www\\richminis\\vendor\\laravel\\framework\\src\\Illuminate\\Pipeline\\Pipeline.php(183): App\\Http\\Middleware\\Language->handle(Object(Illuminate\\Http\\Request), Object(Closure))
#43 R:\\SoftwareFiles\\laragon\\www\\richminis\\vendor\\laravel\\framework\\src\\Illuminate\\Routing\\Middleware\\SubstituteBindings.php(50): Illuminate\\Pipeline\\Pipeline->Illuminate\\Pipeline\\{closure}(Object(Illuminate\\Http\\Request))
#44 R:\\SoftwareFiles\\laragon\\www\\richminis\\vendor\\laravel\\framework\\src\\Illuminate\\Pipeline\\Pipeline.php(183): Illuminate\\Routing\\Middleware\\SubstituteBindings->handle(Object(Illuminate\\Http\\Request), Object(Closure))
#45 R:\\SoftwareFiles\\laragon\\www\\richminis\\vendor\\laravel\\framework\\src\\Illuminate\\Foundation\\Http\\Middleware\\VerifyCsrfToken.php(78): Illuminate\\Pipeline\\Pipeline->Illuminate\\Pipeline\\{closure}(Object(Illuminate\\Http\\Request))
#46 R:\\SoftwareFiles\\laragon\\www\\richminis\\vendor\\laravel\\framework\\src\\Illuminate\\Pipeline\\Pipeline.php(183): Illuminate\\Foundation\\Http\\Middleware\\VerifyCsrfToken->handle(Object(Illuminate\\Http\\Request), Object(Closure))
#47 R:\\SoftwareFiles\\laragon\\www\\richminis\\vendor\\laravel\\framework\\src\\Illuminate\\Cookie\\Middleware\\AddQueuedCookiesToResponse.php(37): Illuminate\\Pipeline\\Pipeline->Illuminate\\Pipeline\\{closure}(Object(Illuminate\\Http\\Request))
#48 R:\\SoftwareFiles\\laragon\\www\\richminis\\vendor\\laravel\\framework\\src\\Illuminate\\Pipeline\\Pipeline.php(183): Illuminate\\Cookie\\Middleware\\AddQueuedCookiesToResponse->handle(Object(Illuminate\\Http\\Request), Object(Closure))
#49 R:\\SoftwareFiles\\laragon\\www\\richminis\\vendor\\laravel\\framework\\src\\Illuminate\\Pipeline\\Pipeline.php(119): Illuminate\\Pipeline\\Pipeline->Illuminate\\Pipeline\\{closure}(Object(Illuminate\\Http\\Request))
#50 R:\\SoftwareFiles\\laragon\\www\\richminis\\vendor\\laravel\\framework\\src\\Illuminate\\Routing\\Router.php(805): Illuminate\\Pipeline\\Pipeline->then(Object(Closure))
#51 R:\\SoftwareFiles\\laragon\\www\\richminis\\vendor\\laravel\\framework\\src\\Illuminate\\Routing\\Router.php(784): Illuminate\\Routing\\Router->runRouteWithinStack(Object(Illuminate\\Routing\\Route), Object(Illuminate\\Http\\Request))
#52 R:\\SoftwareFiles\\laragon\\www\\richminis\\vendor\\laravel\\framework\\src\\Illuminate\\Routing\\Router.php(748): Illuminate\\Routing\\Router->runRoute(Object(Illuminate\\Http\\Request), Object(Illuminate\\Routing\\Route))
#53 R:\\SoftwareFiles\\laragon\\www\\richminis\\vendor\\laravel\\framework\\src\\Illuminate\\Routing\\Router.php(737): Illuminate\\Routing\\Router->dispatchToRoute(Object(Illuminate\\Http\\Request))
#54 R:\\SoftwareFiles\\laragon\\www\\richminis\\vendor\\laravel\\framework\\src\\Illuminate\\Foundation\\Http\\Kernel.php(200): Illuminate\\Routing\\Router->dispatch(Object(Illuminate\\Http\\Request))
#55 R:\\SoftwareFiles\\laragon\\www\\richminis\\vendor\\laravel\\framework\\src\\Illuminate\\Pipeline\\Pipeline.php(144): Illuminate\\Foundation\\Http\\Kernel->Illuminate\\Foundation\\Http\\{closure}(Object(Illuminate\\Http\\Request))
#56 R:\\SoftwareFiles\\laragon\\www\\richminis\\vendor\\barryvdh\\laravel-debugbar\\src\\Middleware\\InjectDebugbar.php(59): Illuminate\\Pipeline\\Pipeline->Illuminate\\Pipeline\\{closure}(Object(Illuminate\\Http\\Request))
#57 R:\\SoftwareFiles\\laragon\\www\\richminis\\vendor\\laravel\\framework\\src\\Illuminate\\Pipeline\\Pipeline.php(183): Barryvdh\\Debugbar\\Middleware\\InjectDebugbar->handle(Object(Illuminate\\Http\\Request), Object(Closure))
#58 R:\\SoftwareFiles\\laragon\\www\\richminis\\vendor\\laravel\\framework\\src\\Illuminate\\View\\Middleware\\ShareErrorsFromSession.php(49): Illuminate\\Pipeline\\Pipeline->Illuminate\\Pipeline\\{closure}(Object(Illuminate\\Http\\Request))
#59 R:\\SoftwareFiles\\laragon\\www\\richminis\\vendor\\laravel\\framework\\src\\Illuminate\\Pipeline\\Pipeline.php(183): Illuminate\\View\\Middleware\\ShareErrorsFromSession->handle(Object(Illuminate\\Http\\Request), Object(Closure))
#60 R:\\SoftwareFiles\\laragon\\www\\richminis\\vendor\\laravel\\framework\\src\\Illuminate\\Session\\Middleware\\StartSession.php(121): Illuminate\\Pipeline\\Pipeline->Illuminate\\Pipeline\\{closure}(Object(Illuminate\\Http\\Request))
#61 R:\\SoftwareFiles\\laragon\\www\\richminis\\vendor\\laravel\\framework\\src\\Illuminate\\Session\\Middleware\\StartSession.php(64): Illuminate\\Session\\Middleware\\StartSession->handleStatefulRequest(Object(Illuminate\\Http\\Request), Object(Illuminate\\Session\\Store), Object(Closure))
#62 R:\\SoftwareFiles\\laragon\\www\\richminis\\vendor\\laravel\\framework\\src\\Illuminate\\Pipeline\\Pipeline.php(183): Illuminate\\Session\\Middleware\\StartSession->handle(Object(Illuminate\\Http\\Request), Object(Closure))
#63 R:\\SoftwareFiles\\laragon\\www\\richminis\\vendor\\laravel\\framework\\src\\Illuminate\\Http\\Middleware\\TrustProxies.php(39): Illuminate\\Pipeline\\Pipeline->Illuminate\\Pipeline\\{closure}(Object(Illuminate\\Http\\Request))
#64 R:\\SoftwareFiles\\laragon\\www\\richminis\\vendor\\laravel\\framework\\src\\Illuminate\\Pipeline\\Pipeline.php(183): Illuminate\\Http\\Middleware\\TrustProxies->handle(Object(Illuminate\\Http\\Request), Object(Closure))
#65 R:\\SoftwareFiles\\laragon\\www\\richminis\\vendor\\laravel\\framework\\src\\Illuminate\\Foundation\\Http\\Middleware\\TransformsRequest.php(21): Illuminate\\Pipeline\\Pipeline->Illuminate\\Pipeline\\{closure}(Object(Illuminate\\Http\\Request))
#66 R:\\SoftwareFiles\\laragon\\www\\richminis\\vendor\\laravel\\framework\\src\\Illuminate\\Foundation\\Http\\Middleware\\ConvertEmptyStringsToNull.php(31): Illuminate\\Foundation\\Http\\Middleware\\TransformsRequest->handle(Object(Illuminate\\Http\\Request), Object(Closure))
#67 R:\\SoftwareFiles\\laragon\\www\\richminis\\vendor\\laravel\\framework\\src\\Illuminate\\Pipeline\\Pipeline.php(183): Illuminate\\Foundation\\Http\\Middleware\\ConvertEmptyStringsToNull->handle(Object(Illuminate\\Http\\Request), Object(Closure))
#68 R:\\SoftwareFiles\\laragon\\www\\richminis\\vendor\\laravel\\framework\\src\\Illuminate\\Foundation\\Http\\Middleware\\TransformsRequest.php(21): Illuminate\\Pipeline\\Pipeline->Illuminate\\Pipeline\\{closure}(Object(Illuminate\\Http\\Request))
#69 R:\\SoftwareFiles\\laragon\\www\\richminis\\vendor\\laravel\\framework\\src\\Illuminate\\Foundation\\Http\\Middleware\\TrimStrings.php(40): Illuminate\\Foundation\\Http\\Middleware\\TransformsRequest->handle(Object(Illuminate\\Http\\Request), Object(Closure))
#70 R:\\SoftwareFiles\\laragon\\www\\richminis\\vendor\\laravel\\framework\\src\\Illuminate\\Pipeline\\Pipeline.php(183): Illuminate\\Foundation\\Http\\Middleware\\TrimStrings->handle(Object(Illuminate\\Http\\Request), Object(Closure))
#71 R:\\SoftwareFiles\\laragon\\www\\richminis\\vendor\\laravel\\framework\\src\\Illuminate\\Foundation\\Http\\Middleware\\ValidatePostSize.php(27): Illuminate\\Pipeline\\Pipeline->Illuminate\\Pipeline\\{closure}(Object(Illuminate\\Http\\Request))
#72 R:\\SoftwareFiles\\laragon\\www\\richminis\\vendor\\laravel\\framework\\src\\Illuminate\\Pipeline\\Pipeline.php(183): Illuminate\\Foundation\\Http\\Middleware\\ValidatePostSize->handle(Object(Illuminate\\Http\\Request), Object(Closure))
#73 R:\\SoftwareFiles\\laragon\\www\\richminis\\vendor\\laravel\\framework\\src\\Illuminate\\Pipeline\\Pipeline.php(119): Illuminate\\Pipeline\\Pipeline->Illuminate\\Pipeline\\{closure}(Object(Illuminate\\Http\\Request))
#74 R:\\SoftwareFiles\\laragon\\www\\richminis\\vendor\\laravel\\framework\\src\\Illuminate\\Foundation\\Http\\Kernel.php(175): Illuminate\\Pipeline\\Pipeline->then(Object(Closure))
#75 R:\\SoftwareFiles\\laragon\\www\\richminis\\vendor\\laravel\\framework\\src\\Illuminate\\Foundation\\Http\\Kernel.php(144): Illuminate\\Foundation\\Http\\Kernel->sendRequestThroughRouter(Object(Illuminate\\Http\\Request))
#76 R:\\SoftwareFiles\\laragon\\www\\richminis\\index.php(56): Illuminate\\Foundation\\Http\\Kernel->handle(Object(Illuminate\\Http\\Request))
#77 {main}

[previous exception] [object] (Illuminate\\Database\\QueryException(code: 1049): SQLSTATE[HY000] [1049] Unknown database 'richhminis' (Connection: mysql, SQL: select * from `languages` where `code` = en limit 1) at R:\\SoftwareFiles\\laragon\\www\\richminis\\vendor\\laravel\\framework\\src\\Illuminate\\Database\\Connection.php:829)
[stacktrace]
#0 R:\\SoftwareFiles\\laragon\\www\\richminis\\vendor\\laravel\\framework\\src\\Illuminate\\Database\\Connection.php(783): Illuminate\\Database\\Connection->runQueryCallback('select * from `...', Array, Object(Closure))
#1 R:\\SoftwareFiles\\laragon\\www\\richminis\\vendor\\laravel\\framework\\src\\Illuminate\\Database\\Connection.php(414): Illuminate\\Database\\Connection->run('select * from `...', Array, Object(Closure))
#2 R:\\SoftwareFiles\\laragon\\www\\richminis\\vendor\\laravel\\framework\\src\\Illuminate\\Database\\Query\\Builder.php(2913): Illuminate\\Database\\Connection->select('select * from `...', Array, true)
#3 R:\\SoftwareFiles\\laragon\\www\\richminis\\vendor\\laravel\\framework\\src\\Illuminate\\Database\\Query\\Builder.php(2902): Illuminate\\Database\\Query\\Builder->runSelect()
#4 R:\\SoftwareFiles\\laragon\\www\\richminis\\vendor\\laravel\\framework\\src\\Illuminate\\Database\\Query\\Builder.php(3456): Illuminate\\Database\\Query\\Builder->Illuminate\\Database\\Query\\{closure}()
#5 R:\\SoftwareFiles\\laragon\\www\\richminis\\vendor\\laravel\\framework\\src\\Illuminate\\Database\\Query\\Builder.php(2901): Illuminate\\Database\\Query\\Builder->onceWithColumns(Array, Object(Closure))
#6 R:\\SoftwareFiles\\laragon\\www\\richminis\\vendor\\laravel\\framework\\src\\Illuminate\\Database\\Eloquent\\Builder.php(739): Illuminate\\Database\\Query\\Builder->get(Array)
#7 R:\\SoftwareFiles\\laragon\\www\\richminis\\vendor\\laravel\\framework\\src\\Illuminate\\Database\\Eloquent\\Builder.php(723): Illuminate\\Database\\Eloquent\\Builder->getModels(Array)
#8 R:\\SoftwareFiles\\laragon\\www\\richminis\\vendor\\laravel\\framework\\src\\Illuminate\\Database\\Concerns\\BuildsQueries.php(333): Illuminate\\Database\\Eloquent\\Builder->get(Array)
#9 R:\\SoftwareFiles\\laragon\\www\\richminis\\app\\Http\\Helpers.php(1910): Illuminate\\Database\\Eloquent\\Builder->first()
#10 R:\\SoftwareFiles\\laragon\\www\\richminis\\storage\\framework\\views\\01bb5cc1e16cb980c446b7fd8dc941ab.php(4): get_session_language()
#11 R:\\SoftwareFiles\\laragon\\www\\richminis\\vendor\\laravel\\framework\\src\\Illuminate\\Filesystem\\Filesystem.php(123): require('R:\\\\SoftwareFile...')
#12 R:\\SoftwareFiles\\laragon\\www\\richminis\\vendor\\laravel\\framework\\src\\Illuminate\\Filesystem\\Filesystem.php(124): Illuminate\\Filesystem\\Filesystem::Illuminate\\Filesystem\\{closure}()
#13 R:\\SoftwareFiles\\laragon\\www\\richminis\\vendor\\laravel\\framework\\src\\Illuminate\\View\\Engines\\PhpEngine.php(58): Illuminate\\Filesystem\\Filesystem->getRequire('R:\\\\SoftwareFile...', Array)
#14 R:\\SoftwareFiles\\laragon\\www\\richminis\\vendor\\laravel\\framework\\src\\Illuminate\\View\\Engines\\CompilerEngine.php(72): Illuminate\\View\\Engines\\PhpEngine->evaluatePath('R:\\\\SoftwareFile...', Array)
#15 R:\\SoftwareFiles\\laragon\\www\\richminis\\vendor\\laravel\\framework\\src\\Illuminate\\View\\View.php(207): Illuminate\\View\\Engines\\CompilerEngine->get('R:\\\\SoftwareFile...', Array)
#16 R:\\SoftwareFiles\\laragon\\www\\richminis\\vendor\\laravel\\framework\\src\\Illuminate\\View\\View.php(190): Illuminate\\View\\View->getContents()
#17 R:\\SoftwareFiles\\laragon\\www\\richminis\\vendor\\laravel\\framework\\src\\Illuminate\\View\\View.php(159): Illuminate\\View\\View->renderContents()
#18 R:\\SoftwareFiles\\laragon\\www\\richminis\\storage\\framework\\views\\fdd99c090a03634a98480b55657bbf97.php(34): Illuminate\\View\\View->render()
#19 R:\\SoftwareFiles\\laragon\\www\\richminis\\vendor\\laravel\\framework\\src\\Illuminate\\Filesystem\\Filesystem.php(123): require('R:\\\\SoftwareFile...')
#20 R:\\SoftwareFiles\\laragon\\www\\richminis\\vendor\\laravel\\framework\\src\\Illuminate\\Filesystem\\Filesystem.php(124): Illuminate\\Filesystem\\Filesystem::Illuminate\\Filesystem\\{closure}()
#21 R:\\SoftwareFiles\\laragon\\www\\richminis\\vendor\\laravel\\framework\\src\\Illuminate\\View\\Engines\\PhpEngine.php(58): Illuminate\\Filesystem\\Filesystem->getRequire('R:\\\\SoftwareFile...', Array)
#22 R:\\SoftwareFiles\\laragon\\www\\richminis\\vendor\\laravel\\framework\\src\\Illuminate\\View\\Engines\\CompilerEngine.php(72): Illuminate\\View\\Engines\\PhpEngine->evaluatePath('R:\\\\SoftwareFile...', Array)
#23 R:\\SoftwareFiles\\laragon\\www\\richminis\\vendor\\laravel\\framework\\src\\Illuminate\\View\\View.php(207): Illuminate\\View\\Engines\\CompilerEngine->get('R:\\\\SoftwareFile...', Array)
#24 R:\\SoftwareFiles\\laragon\\www\\richminis\\vendor\\laravel\\framework\\src\\Illuminate\\View\\View.php(190): Illuminate\\View\\View->getContents()
#25 R:\\SoftwareFiles\\laragon\\www\\richminis\\vendor\\laravel\\framework\\src\\Illuminate\\View\\View.php(159): Illuminate\\View\\View->renderContents()
#26 R:\\SoftwareFiles\\laragon\\www\\richminis\\vendor\\laravel\\framework\\src\\Illuminate\\Http\\Response.php(69): Illuminate\\View\\View->render()
#27 R:\\SoftwareFiles\\laragon\\www\\richminis\\vendor\\laravel\\framework\\src\\Illuminate\\Http\\Response.php(35): Illuminate\\Http\\Response->setContent(Object(Illuminate\\View\\View))
#28 R:\\SoftwareFiles\\laragon\\www\\richminis\\vendor\\laravel\\framework\\src\\Illuminate\\Routing\\ResponseFactory.php(58): Illuminate\\Http\\Response->__construct(Object(Illuminate\\View\\View), 500, Array)
#29 R:\\SoftwareFiles\\laragon\\www\\richminis\\vendor\\laravel\\framework\\src\\Illuminate\\Routing\\ResponseFactory.php(88): Illuminate\\Routing\\ResponseFactory->make(Object(Illuminate\\View\\View), 500, Array)
#30 R:\\SoftwareFiles\\laragon\\www\\richminis\\vendor\\laravel\\framework\\src\\Illuminate\\Foundation\\Exceptions\\Handler.php(723): Illuminate\\Routing\\ResponseFactory->view('errors::500', Array, 500, Array)
#31 R:\\SoftwareFiles\\laragon\\www\\richminis\\vendor\\laravel\\framework\\src\\Illuminate\\Foundation\\Exceptions\\Handler.php(650): Illuminate\\Foundation\\Exceptions\\Handler->renderHttpException(Object(Symfony\\Component\\HttpKernel\\Exception\\HttpException))
#32 R:\\SoftwareFiles\\laragon\\www\\richminis\\vendor\\laravel\\framework\\src\\Illuminate\\Foundation\\Exceptions\\Handler.php(556): Illuminate\\Foundation\\Exceptions\\Handler->prepareResponse(Object(Illuminate\\Http\\Request), Object(Symfony\\Component\\HttpKernel\\Exception\\HttpException))
#33 R:\\SoftwareFiles\\laragon\\www\\richminis\\vendor\\laravel\\framework\\src\\Illuminate\\Foundation\\Exceptions\\Handler.php(473): Illuminate\\Foundation\\Exceptions\\Handler->renderExceptionResponse(Object(Illuminate\\Http\\Request), Object(Illuminate\\Database\\QueryException))
#34 R:\\SoftwareFiles\\laragon\\www\\richminis\\app\\Exceptions\\Handler.php(59): Illuminate\\Foundation\\Exceptions\\Handler->render(Object(Illuminate\\Http\\Request), Object(Illuminate\\Database\\QueryException))
#35 R:\\SoftwareFiles\\laragon\\www\\richminis\\vendor\\laravel\\framework\\src\\Illuminate\\Routing\\Pipeline.php(51): App\\Exceptions\\Handler->render(Object(Illuminate\\Http\\Request), Object(Illuminate\\Database\\QueryException))
#36 R:\\SoftwareFiles\\laragon\\www\\richminis\\vendor\\laravel\\framework\\src\\Illuminate\\Pipeline\\Pipeline.php(146): Illuminate\\Routing\\Pipeline->handleException(Object(Illuminate\\Http\\Request), Object(Illuminate\\Database\\QueryException))
#37 R:\\SoftwareFiles\\laragon\\www\\richminis\\app\\Http\\Middleware\\CheckForMaintenanceMode.php(64): Illuminate\\Pipeline\\Pipeline->Illuminate\\Pipeline\\{closure}(Object(Illuminate\\Http\\Request))
#38 R:\\SoftwareFiles\\laragon\\www\\richminis\\vendor\\laravel\\framework\\src\\Illuminate\\Pipeline\\Pipeline.php(183): App\\Http\\Middleware\\CheckForMaintenanceMode->handle(Object(Illuminate\\Http\\Request), Object(Closure))
#39 R:\\SoftwareFiles\\laragon\\www\\richminis\\app\\Http\\Middleware\\HttpsProtocol.php(20): Illuminate\\Pipeline\\Pipeline->Illuminate\\Pipeline\\{closure}(Object(Illuminate\\Http\\Request))
#40 R:\\SoftwareFiles\\laragon\\www\\richminis\\vendor\\laravel\\framework\\src\\Illuminate\\Pipeline\\Pipeline.php(183): App\\Http\\Middleware\\HttpsProtocol->handle(Object(Illuminate\\Http\\Request), Object(Closure))
#41 R:\\SoftwareFiles\\laragon\\www\\richminis\\app\\Http\\Middleware\\Language.php(35): Illuminate\\Pipeline\\Pipeline->Illuminate\\Pipeline\\{closure}(Object(Illuminate\\Http\\Request))
#42 R:\\SoftwareFiles\\laragon\\www\\richminis\\vendor\\laravel\\framework\\src\\Illuminate\\Pipeline\\Pipeline.php(183): App\\Http\\Middleware\\Language->handle(Object(Illuminate\\Http\\Request), Object(Closure))
#43 R:\\SoftwareFiles\\laragon\\www\\richminis\\vendor\\laravel\\framework\\src\\Illuminate\\Routing\\Middleware\\SubstituteBindings.php(50): Illuminate\\Pipeline\\Pipeline->Illuminate\\Pipeline\\{closure}(Object(Illuminate\\Http\\Request))
#44 R:\\SoftwareFiles\\laragon\\www\\richminis\\vendor\\laravel\\framework\\src\\Illuminate\\Pipeline\\Pipeline.php(183): Illuminate\\Routing\\Middleware\\SubstituteBindings->handle(Object(Illuminate\\Http\\Request), Object(Closure))
#45 R:\\SoftwareFiles\\laragon\\www\\richminis\\vendor\\laravel\\framework\\src\\Illuminate\\Foundation\\Http\\Middleware\\VerifyCsrfToken.php(78): Illuminate\\Pipeline\\Pipeline->Illuminate\\Pipeline\\{closure}(Object(Illuminate\\Http\\Request))
#46 R:\\SoftwareFiles\\laragon\\www\\richminis\\vendor\\laravel\\framework\\src\\Illuminate\\Pipeline\\Pipeline.php(183): Illuminate\\Foundation\\Http\\Middleware\\VerifyCsrfToken->handle(Object(Illuminate\\Http\\Request), Object(Closure))
#47 R:\\SoftwareFiles\\laragon\\www\\richminis\\vendor\\laravel\\framework\\src\\Illuminate\\Cookie\\Middleware\\AddQueuedCookiesToResponse.php(37): Illuminate\\Pipeline\\Pipeline->Illuminate\\Pipeline\\{closure}(Object(Illuminate\\Http\\Request))
#48 R:\\SoftwareFiles\\laragon\\www\\richminis\\vendor\\laravel\\framework\\src\\Illuminate\\Pipeline\\Pipeline.php(183): Illuminate\\Cookie\\Middleware\\AddQueuedCookiesToResponse->handle(Object(Illuminate\\Http\\Request), Object(Closure))
#49 R:\\SoftwareFiles\\laragon\\www\\richminis\\vendor\\laravel\\framework\\src\\Illuminate\\Pipeline\\Pipeline.php(119): Illuminate\\Pipeline\\Pipeline->Illuminate\\Pipeline\\{closure}(Object(Illuminate\\Http\\Request))
#50 R:\\SoftwareFiles\\laragon\\www\\richminis\\vendor\\laravel\\framework\\src\\Illuminate\\Routing\\Router.php(805): Illuminate\\Pipeline\\Pipeline->then(Object(Closure))
#51 R:\\SoftwareFiles\\laragon\\www\\richminis\\vendor\\laravel\\framework\\src\\Illuminate\\Routing\\Router.php(784): Illuminate\\Routing\\Router->runRouteWithinStack(Object(Illuminate\\Routing\\Route), Object(Illuminate\\Http\\Request))
#52 R:\\SoftwareFiles\\laragon\\www\\richminis\\vendor\\laravel\\framework\\src\\Illuminate\\Routing\\Router.php(748): Illuminate\\Routing\\Router->runRoute(Object(Illuminate\\Http\\Request), Object(Illuminate\\Routing\\Route))
#53 R:\\SoftwareFiles\\laragon\\www\\richminis\\vendor\\laravel\\framework\\src\\Illuminate\\Routing\\Router.php(737): Illuminate\\Routing\\Router->dispatchToRoute(Object(Illuminate\\Http\\Request))
#54 R:\\SoftwareFiles\\laragon\\www\\richminis\\vendor\\laravel\\framework\\src\\Illuminate\\Foundation\\Http\\Kernel.php(200): Illuminate\\Routing\\Router->dispatch(Object(Illuminate\\Http\\Request))
#55 R:\\SoftwareFiles\\laragon\\www\\richminis\\vendor\\laravel\\framework\\src\\Illuminate\\Pipeline\\Pipeline.php(144): Illuminate\\Foundation\\Http\\Kernel->Illuminate\\Foundation\\Http\\{closure}(Object(Illuminate\\Http\\Request))
#56 R:\\SoftwareFiles\\laragon\\www\\richminis\\vendor\\barryvdh\\laravel-debugbar\\src\\Middleware\\InjectDebugbar.php(59): Illuminate\\Pipeline\\Pipeline->Illuminate\\Pipeline\\{closure}(Object(Illuminate\\Http\\Request))
#57 R:\\SoftwareFiles\\laragon\\www\\richminis\\vendor\\laravel\\framework\\src\\Illuminate\\Pipeline\\Pipeline.php(183): Barryvdh\\Debugbar\\Middleware\\InjectDebugbar->handle(Object(Illuminate\\Http\\Request), Object(Closure))
#58 R:\\SoftwareFiles\\laragon\\www\\richminis\\vendor\\laravel\\framework\\src\\Illuminate\\View\\Middleware\\ShareErrorsFromSession.php(49): Illuminate\\Pipeline\\Pipeline->Illuminate\\Pipeline\\{closure}(Object(Illuminate\\Http\\Request))
#59 R:\\SoftwareFiles\\laragon\\www\\richminis\\vendor\\laravel\\framework\\src\\Illuminate\\Pipeline\\Pipeline.php(183): Illuminate\\View\\Middleware\\ShareErrorsFromSession->handle(Object(Illuminate\\Http\\Request), Object(Closure))
#60 R:\\SoftwareFiles\\laragon\\www\\richminis\\vendor\\laravel\\framework\\src\\Illuminate\\Session\\Middleware\\StartSession.php(121): Illuminate\\Pipeline\\Pipeline->Illuminate\\Pipeline\\{closure}(Object(Illuminate\\Http\\Request))
#61 R:\\SoftwareFiles\\laragon\\www\\richminis\\vendor\\laravel\\framework\\src\\Illuminate\\Session\\Middleware\\StartSession.php(64): Illuminate\\Session\\Middleware\\StartSession->handleStatefulRequest(Object(Illuminate\\Http\\Request), Object(Illuminate\\Session\\Store), Object(Closure))
#62 R:\\SoftwareFiles\\laragon\\www\\richminis\\vendor\\laravel\\framework\\src\\Illuminate\\Pipeline\\Pipeline.php(183): Illuminate\\Session\\Middleware\\StartSession->handle(Object(Illuminate\\Http\\Request), Object(Closure))
#63 R:\\SoftwareFiles\\laragon\\www\\richminis\\vendor\\laravel\\framework\\src\\Illuminate\\Http\\Middleware\\TrustProxies.php(39): Illuminate\\Pipeline\\Pipeline->Illuminate\\Pipeline\\{closure}(Object(Illuminate\\Http\\Request))
#64 R:\\SoftwareFiles\\laragon\\www\\richminis\\vendor\\laravel\\framework\\src\\Illuminate\\Pipeline\\Pipeline.php(183): Illuminate\\Http\\Middleware\\TrustProxies->handle(Object(Illuminate\\Http\\Request), Object(Closure))
#65 R:\\SoftwareFiles\\laragon\\www\\richminis\\vendor\\laravel\\framework\\src\\Illuminate\\Foundation\\Http\\Middleware\\TransformsRequest.php(21): Illuminate\\Pipeline\\Pipeline->Illuminate\\Pipeline\\{closure}(Object(Illuminate\\Http\\Request))
#66 R:\\SoftwareFiles\\laragon\\www\\richminis\\vendor\\laravel\\framework\\src\\Illuminate\\Foundation\\Http\\Middleware\\ConvertEmptyStringsToNull.php(31): Illuminate\\Foundation\\Http\\Middleware\\TransformsRequest->handle(Object(Illuminate\\Http\\Request), Object(Closure))
#67 R:\\SoftwareFiles\\laragon\\www\\richminis\\vendor\\laravel\\framework\\src\\Illuminate\\Pipeline\\Pipeline.php(183): Illuminate\\Foundation\\Http\\Middleware\\ConvertEmptyStringsToNull->handle(Object(Illuminate\\Http\\Request), Object(Closure))
#68 R:\\SoftwareFiles\\laragon\\www\\richminis\\vendor\\laravel\\framework\\src\\Illuminate\\Foundation\\Http\\Middleware\\TransformsRequest.php(21): Illuminate\\Pipeline\\Pipeline->Illuminate\\Pipeline\\{closure}(Object(Illuminate\\Http\\Request))
#69 R:\\SoftwareFiles\\laragon\\www\\richminis\\vendor\\laravel\\framework\\src\\Illuminate\\Foundation\\Http\\Middleware\\TrimStrings.php(40): Illuminate\\Foundation\\Http\\Middleware\\TransformsRequest->handle(Object(Illuminate\\Http\\Request), Object(Closure))
#70 R:\\SoftwareFiles\\laragon\\www\\richminis\\vendor\\laravel\\framework\\src\\Illuminate\\Pipeline\\Pipeline.php(183): Illuminate\\Foundation\\Http\\Middleware\\TrimStrings->handle(Object(Illuminate\\Http\\Request), Object(Closure))
#71 R:\\SoftwareFiles\\laragon\\www\\richminis\\vendor\\laravel\\framework\\src\\Illuminate\\Foundation\\Http\\Middleware\\ValidatePostSize.php(27): Illuminate\\Pipeline\\Pipeline->Illuminate\\Pipeline\\{closure}(Object(Illuminate\\Http\\Request))
#72 R:\\SoftwareFiles\\laragon\\www\\richminis\\vendor\\laravel\\framework\\src\\Illuminate\\Pipeline\\Pipeline.php(183): Illuminate\\Foundation\\Http\\Middleware\\ValidatePostSize->handle(Object(Illuminate\\Http\\Request), Object(Closure))
#73 R:\\SoftwareFiles\\laragon\\www\\richminis\\vendor\\laravel\\framework\\src\\Illuminate\\Pipeline\\Pipeline.php(119): Illuminate\\Pipeline\\Pipeline->Illuminate\\Pipeline\\{closure}(Object(Illuminate\\Http\\Request))
#74 R:\\SoftwareFiles\\laragon\\www\\richminis\\vendor\\laravel\\framework\\src\\Illuminate\\Foundation\\Http\\Kernel.php(175): Illuminate\\Pipeline\\Pipeline->then(Object(Closure))
#75 R:\\SoftwareFiles\\laragon\\www\\richminis\\vendor\\laravel\\framework\\src\\Illuminate\\Foundation\\Http\\Kernel.php(144): Illuminate\\Foundation\\Http\\Kernel->sendRequestThroughRouter(Object(Illuminate\\Http\\Request))
#76 R:\\SoftwareFiles\\laragon\\www\\richminis\\index.php(56): Illuminate\\Foundation\\Http\\Kernel->handle(Object(Illuminate\\Http\\Request))
#77 {main}

[previous exception] [object] (PDOException(code: 1049): SQLSTATE[HY000] [1049] Unknown database 'richhminis' at R:\\SoftwareFiles\\laragon\\www\\richminis\\vendor\\laravel\\framework\\src\\Illuminate\\Database\\Connectors\\Connector.php:65)
[stacktrace]
#0 R:\\SoftwareFiles\\laragon\\www\\richminis\\vendor\\laravel\\framework\\src\\Illuminate\\Database\\Connectors\\Connector.php(65): PDO->__construct('mysql:host=loca...', 'root', Object(SensitiveParameterValue), Array)
#1 R:\\SoftwareFiles\\laragon\\www\\richminis\\vendor\\laravel\\framework\\src\\Illuminate\\Database\\Connectors\\Connector.php(44): Illuminate\\Database\\Connectors\\Connector->createPdoConnection('mysql:host=loca...', 'root', '', Array)
#2 R:\\SoftwareFiles\\laragon\\www\\richminis\\vendor\\laravel\\framework\\src\\Illuminate\\Database\\Connectors\\MySqlConnector.php(24): Illuminate\\Database\\Connectors\\Connector->createConnection('mysql:host=loca...', Array, Array)
#3 R:\\SoftwareFiles\\laragon\\www\\richminis\\vendor\\laravel\\framework\\src\\Illuminate\\Database\\Connectors\\ConnectionFactory.php(184): Illuminate\\Database\\Connectors\\MySqlConnector->connect(Array)
#4 [internal function]: Illuminate\\Database\\Connectors\\ConnectionFactory->Illuminate\\Database\\Connectors\\{closure}()
#5 R:\\SoftwareFiles\\laragon\\www\\richminis\\vendor\\laravel\\framework\\src\\Illuminate\\Database\\Connection.php(1339): call_user_func(Object(Closure))
#6 R:\\SoftwareFiles\\laragon\\www\\richminis\\vendor\\laravel\\framework\\src\\Illuminate\\Database\\Connection.php(1375): Illuminate\\Database\\Connection->getPdo()
#7 R:\\SoftwareFiles\\laragon\\www\\richminis\\vendor\\laravel\\framework\\src\\Illuminate\\Database\\Connection.php(528): Illuminate\\Database\\Connection->getReadPdo()
#8 R:\\SoftwareFiles\\laragon\\www\\richminis\\vendor\\laravel\\framework\\src\\Illuminate\\Database\\Connection.php(423): Illuminate\\Database\\Connection->getPdoForSelect(true)
#9 R:\\SoftwareFiles\\laragon\\www\\richminis\\vendor\\laravel\\framework\\src\\Illuminate\\Database\\Connection.php(816): Illuminate\\Database\\Connection->Illuminate\\Database\\{closure}('select * from `...', Array)
#10 R:\\SoftwareFiles\\laragon\\www\\richminis\\vendor\\laravel\\framework\\src\\Illuminate\\Database\\Connection.php(783): Illuminate\\Database\\Connection->runQueryCallback('select * from `...', Array, Object(Closure))
#11 R:\\SoftwareFiles\\laragon\\www\\richminis\\vendor\\laravel\\framework\\src\\Illuminate\\Database\\Connection.php(414): Illuminate\\Database\\Connection->run('select * from `...', Array, Object(Closure))
#12 R:\\SoftwareFiles\\laragon\\www\\richminis\\vendor\\laravel\\framework\\src\\Illuminate\\Database\\Query\\Builder.php(2913): Illuminate\\Database\\Connection->select('select * from `...', Array, true)
#13 R:\\SoftwareFiles\\laragon\\www\\richminis\\vendor\\laravel\\framework\\src\\Illuminate\\Database\\Query\\Builder.php(2902): Illuminate\\Database\\Query\\Builder->runSelect()
#14 R:\\SoftwareFiles\\laragon\\www\\richminis\\vendor\\laravel\\framework\\src\\Illuminate\\Database\\Query\\Builder.php(3456): Illuminate\\Database\\Query\\Builder->Illuminate\\Database\\Query\\{closure}()
#15 R:\\SoftwareFiles\\laragon\\www\\richminis\\vendor\\laravel\\framework\\src\\Illuminate\\Database\\Query\\Builder.php(2901): Illuminate\\Database\\Query\\Builder->onceWithColumns(Array, Object(Closure))
#16 R:\\SoftwareFiles\\laragon\\www\\richminis\\vendor\\laravel\\framework\\src\\Illuminate\\Database\\Eloquent\\Builder.php(739): Illuminate\\Database\\Query\\Builder->get(Array)
#17 R:\\SoftwareFiles\\laragon\\www\\richminis\\vendor\\laravel\\framework\\src\\Illuminate\\Database\\Eloquent\\Builder.php(723): Illuminate\\Database\\Eloquent\\Builder->getModels(Array)
#18 R:\\SoftwareFiles\\laragon\\www\\richminis\\vendor\\laravel\\framework\\src\\Illuminate\\Database\\Concerns\\BuildsQueries.php(333): Illuminate\\Database\\Eloquent\\Builder->get(Array)
#19 R:\\SoftwareFiles\\laragon\\www\\richminis\\app\\Http\\Helpers.php(1910): Illuminate\\Database\\Eloquent\\Builder->first()
#20 R:\\SoftwareFiles\\laragon\\www\\richminis\\storage\\framework\\views\\01bb5cc1e16cb980c446b7fd8dc941ab.php(4): get_session_language()
#21 R:\\SoftwareFiles\\laragon\\www\\richminis\\vendor\\laravel\\framework\\src\\Illuminate\\Filesystem\\Filesystem.php(123): require('R:\\\\SoftwareFile...')
#22 R:\\SoftwareFiles\\laragon\\www\\richminis\\vendor\\laravel\\framework\\src\\Illuminate\\Filesystem\\Filesystem.php(124): Illuminate\\Filesystem\\Filesystem::Illuminate\\Filesystem\\{closure}()
#23 R:\\SoftwareFiles\\laragon\\www\\richminis\\vendor\\laravel\\framework\\src\\Illuminate\\View\\Engines\\PhpEngine.php(58): Illuminate\\Filesystem\\Filesystem->getRequire('R:\\\\SoftwareFile...', Array)
#24 R:\\SoftwareFiles\\laragon\\www\\richminis\\vendor\\laravel\\framework\\src\\Illuminate\\View\\Engines\\CompilerEngine.php(72): Illuminate\\View\\Engines\\PhpEngine->evaluatePath('R:\\\\SoftwareFile...', Array)
#25 R:\\SoftwareFiles\\laragon\\www\\richminis\\vendor\\laravel\\framework\\src\\Illuminate\\View\\View.php(207): Illuminate\\View\\Engines\\CompilerEngine->get('R:\\\\SoftwareFile...', Array)
#26 R:\\SoftwareFiles\\laragon\\www\\richminis\\vendor\\laravel\\framework\\src\\Illuminate\\View\\View.php(190): Illuminate\\View\\View->getContents()
#27 R:\\SoftwareFiles\\laragon\\www\\richminis\\vendor\\laravel\\framework\\src\\Illuminate\\View\\View.php(159): Illuminate\\View\\View->renderContents()
#28 R:\\SoftwareFiles\\laragon\\www\\richminis\\storage\\framework\\views\\fdd99c090a03634a98480b55657bbf97.php(34): Illuminate\\View\\View->render()
#29 R:\\SoftwareFiles\\laragon\\www\\richminis\\vendor\\laravel\\framework\\src\\Illuminate\\Filesystem\\Filesystem.php(123): require('R:\\\\SoftwareFile...')
#30 R:\\SoftwareFiles\\laragon\\www\\richminis\\vendor\\laravel\\framework\\src\\Illuminate\\Filesystem\\Filesystem.php(124): Illuminate\\Filesystem\\Filesystem::Illuminate\\Filesystem\\{closure}()
#31 R:\\SoftwareFiles\\laragon\\www\\richminis\\vendor\\laravel\\framework\\src\\Illuminate\\View\\Engines\\PhpEngine.php(58): Illuminate\\Filesystem\\Filesystem->getRequire('R:\\\\SoftwareFile...', Array)
#32 R:\\SoftwareFiles\\laragon\\www\\richminis\\vendor\\laravel\\framework\\src\\Illuminate\\View\\Engines\\CompilerEngine.php(72): Illuminate\\View\\Engines\\PhpEngine->evaluatePath('R:\\\\SoftwareFile...', Array)
#33 R:\\SoftwareFiles\\laragon\\www\\richminis\\vendor\\laravel\\framework\\src\\Illuminate\\View\\View.php(207): Illuminate\\View\\Engines\\CompilerEngine->get('R:\\\\SoftwareFile...', Array)
#34 R:\\SoftwareFiles\\laragon\\www\\richminis\\vendor\\laravel\\framework\\src\\Illuminate\\View\\View.php(190): Illuminate\\View\\View->getContents()
#35 R:\\SoftwareFiles\\laragon\\www\\richminis\\vendor\\laravel\\framework\\src\\Illuminate\\View\\View.php(159): Illuminate\\View\\View->renderContents()
#36 R:\\SoftwareFiles\\laragon\\www\\richminis\\vendor\\laravel\\framework\\src\\Illuminate\\Http\\Response.php(69): Illuminate\\View\\View->render()
#37 R:\\SoftwareFiles\\laragon\\www\\richminis\\vendor\\laravel\\framework\\src\\Illuminate\\Http\\Response.php(35): Illuminate\\Http\\Response->setContent(Object(Illuminate\\View\\View))
#38 R:\\SoftwareFiles\\laragon\\www\\richminis\\vendor\\laravel\\framework\\src\\Illuminate\\Routing\\ResponseFactory.php(58): Illuminate\\Http\\Response->__construct(Object(Illuminate\\View\\View), 500, Array)
#39 R:\\SoftwareFiles\\laragon\\www\\richminis\\vendor\\laravel\\framework\\src\\Illuminate\\Routing\\ResponseFactory.php(88): Illuminate\\Routing\\ResponseFactory->make(Object(Illuminate\\View\\View), 500, Array)
#40 R:\\SoftwareFiles\\laragon\\www\\richminis\\vendor\\laravel\\framework\\src\\Illuminate\\Foundation\\Exceptions\\Handler.php(723): Illuminate\\Routing\\ResponseFactory->view('errors::500', Array, 500, Array)
#41 R:\\SoftwareFiles\\laragon\\www\\richminis\\vendor\\laravel\\framework\\src\\Illuminate\\Foundation\\Exceptions\\Handler.php(650): Illuminate\\Foundation\\Exceptions\\Handler->renderHttpException(Object(Symfony\\Component\\HttpKernel\\Exception\\HttpException))
#42 R:\\SoftwareFiles\\laragon\\www\\richminis\\vendor\\laravel\\framework\\src\\Illuminate\\Foundation\\Exceptions\\Handler.php(556): Illuminate\\Foundation\\Exceptions\\Handler->prepareResponse(Object(Illuminate\\Http\\Request), Object(Symfony\\Component\\HttpKernel\\Exception\\HttpException))
#43 R:\\SoftwareFiles\\laragon\\www\\richminis\\vendor\\laravel\\framework\\src\\Illuminate\\Foundation\\Exceptions\\Handler.php(473): Illuminate\\Foundation\\Exceptions\\Handler->renderExceptionResponse(Object(Illuminate\\Http\\Request), Object(Illuminate\\Database\\QueryException))
#44 R:\\SoftwareFiles\\laragon\\www\\richminis\\app\\Exceptions\\Handler.php(59): Illuminate\\Foundation\\Exceptions\\Handler->render(Object(Illuminate\\Http\\Request), Object(Illuminate\\Database\\QueryException))
#45 R:\\SoftwareFiles\\laragon\\www\\richminis\\vendor\\laravel\\framework\\src\\Illuminate\\Routing\\Pipeline.php(51): App\\Exceptions\\Handler->render(Object(Illuminate\\Http\\Request), Object(Illuminate\\Database\\QueryException))
#46 R:\\SoftwareFiles\\laragon\\www\\richminis\\vendor\\laravel\\framework\\src\\Illuminate\\Pipeline\\Pipeline.php(146): Illuminate\\Routing\\Pipeline->handleException(Object(Illuminate\\Http\\Request), Object(Illuminate\\Database\\QueryException))
#47 R:\\SoftwareFiles\\laragon\\www\\richminis\\app\\Http\\Middleware\\CheckForMaintenanceMode.php(64): Illuminate\\Pipeline\\Pipeline->Illuminate\\Pipeline\\{closure}(Object(Illuminate\\Http\\Request))
#48 R:\\SoftwareFiles\\laragon\\www\\richminis\\vendor\\laravel\\framework\\src\\Illuminate\\Pipeline\\Pipeline.php(183): App\\Http\\Middleware\\CheckForMaintenanceMode->handle(Object(Illuminate\\Http\\Request), Object(Closure))
#49 R:\\SoftwareFiles\\laragon\\www\\richminis\\app\\Http\\Middleware\\HttpsProtocol.php(20): Illuminate\\Pipeline\\Pipeline->Illuminate\\Pipeline\\{closure}(Object(Illuminate\\Http\\Request))
#50 R:\\SoftwareFiles\\laragon\\www\\richminis\\vendor\\laravel\\framework\\src\\Illuminate\\Pipeline\\Pipeline.php(183): App\\Http\\Middleware\\HttpsProtocol->handle(Object(Illuminate\\Http\\Request), Object(Closure))
#51 R:\\SoftwareFiles\\laragon\\www\\richminis\\app\\Http\\Middleware\\Language.php(35): Illuminate\\Pipeline\\Pipeline->Illuminate\\Pipeline\\{closure}(Object(Illuminate\\Http\\Request))
#52 R:\\SoftwareFiles\\laragon\\www\\richminis\\vendor\\laravel\\framework\\src\\Illuminate\\Pipeline\\Pipeline.php(183): App\\Http\\Middleware\\Language->handle(Object(Illuminate\\Http\\Request), Object(Closure))
#53 R:\\SoftwareFiles\\laragon\\www\\richminis\\vendor\\laravel\\framework\\src\\Illuminate\\Routing\\Middleware\\SubstituteBindings.php(50): Illuminate\\Pipeline\\Pipeline->Illuminate\\Pipeline\\{closure}(Object(Illuminate\\Http\\Request))
#54 R:\\SoftwareFiles\\laragon\\www\\richminis\\vendor\\laravel\\framework\\src\\Illuminate\\Pipeline\\Pipeline.php(183): Illuminate\\Routing\\Middleware\\SubstituteBindings->handle(Object(Illuminate\\Http\\Request), Object(Closure))
#55 R:\\SoftwareFiles\\laragon\\www\\richminis\\vendor\\laravel\\framework\\src\\Illuminate\\Foundation\\Http\\Middleware\\VerifyCsrfToken.php(78): Illuminate\\Pipeline\\Pipeline->Illuminate\\Pipeline\\{closure}(Object(Illuminate\\Http\\Request))
#56 R:\\SoftwareFiles\\laragon\\www\\richminis\\vendor\\laravel\\framework\\src\\Illuminate\\Pipeline\\Pipeline.php(183): Illuminate\\Foundation\\Http\\Middleware\\VerifyCsrfToken->handle(Object(Illuminate\\Http\\Request), Object(Closure))
#57 R:\\SoftwareFiles\\laragon\\www\\richminis\\vendor\\laravel\\framework\\src\\Illuminate\\Cookie\\Middleware\\AddQueuedCookiesToResponse.php(37): Illuminate\\Pipeline\\Pipeline->Illuminate\\Pipeline\\{closure}(Object(Illuminate\\Http\\Request))
#58 R:\\SoftwareFiles\\laragon\\www\\richminis\\vendor\\laravel\\framework\\src\\Illuminate\\Pipeline\\Pipeline.php(183): Illuminate\\Cookie\\Middleware\\AddQueuedCookiesToResponse->handle(Object(Illuminate\\Http\\Request), Object(Closure))
#59 R:\\SoftwareFiles\\laragon\\www\\richminis\\vendor\\laravel\\framework\\src\\Illuminate\\Pipeline\\Pipeline.php(119): Illuminate\\Pipeline\\Pipeline->Illuminate\\Pipeline\\{closure}(Object(Illuminate\\Http\\Request))
#60 R:\\SoftwareFiles\\laragon\\www\\richminis\\vendor\\laravel\\framework\\src\\Illuminate\\Routing\\Router.php(805): Illuminate\\Pipeline\\Pipeline->then(Object(Closure))
#61 R:\\SoftwareFiles\\laragon\\www\\richminis\\vendor\\laravel\\framework\\src\\Illuminate\\Routing\\Router.php(784): Illuminate\\Routing\\Router->runRouteWithinStack(Object(Illuminate\\Routing\\Route), Object(Illuminate\\Http\\Request))
#62 R:\\SoftwareFiles\\laragon\\www\\richminis\\vendor\\laravel\\framework\\src\\Illuminate\\Routing\\Router.php(748): Illuminate\\Routing\\Router->runRoute(Object(Illuminate\\Http\\Request), Object(Illuminate\\Routing\\Route))
#63 R:\\SoftwareFiles\\laragon\\www\\richminis\\vendor\\laravel\\framework\\src\\Illuminate\\Routing\\Router.php(737): Illuminate\\Routing\\Router->dispatchToRoute(Object(Illuminate\\Http\\Request))
#64 R:\\SoftwareFiles\\laragon\\www\\richminis\\vendor\\laravel\\framework\\src\\Illuminate\\Foundation\\Http\\Kernel.php(200): Illuminate\\Routing\\Router->dispatch(Object(Illuminate\\Http\\Request))
#65 R:\\SoftwareFiles\\laragon\\www\\richminis\\vendor\\laravel\\framework\\src\\Illuminate\\Pipeline\\Pipeline.php(144): Illuminate\\Foundation\\Http\\Kernel->Illuminate\\Foundation\\Http\\{closure}(Object(Illuminate\\Http\\Request))
#66 R:\\SoftwareFiles\\laragon\\www\\richminis\\vendor\\barryvdh\\laravel-debugbar\\src\\Middleware\\InjectDebugbar.php(59): Illuminate\\Pipeline\\Pipeline->Illuminate\\Pipeline\\{closure}(Object(Illuminate\\Http\\Request))
#67 R:\\SoftwareFiles\\laragon\\www\\richminis\\vendor\\laravel\\framework\\src\\Illuminate\\Pipeline\\Pipeline.php(183): Barryvdh\\Debugbar\\Middleware\\InjectDebugbar->handle(Object(Illuminate\\Http\\Request), Object(Closure))
#68 R:\\SoftwareFiles\\laragon\\www\\richminis\\vendor\\laravel\\framework\\src\\Illuminate\\View\\Middleware\\ShareErrorsFromSession.php(49): Illuminate\\Pipeline\\Pipeline->Illuminate\\Pipeline\\{closure}(Object(Illuminate\\Http\\Request))
#69 R:\\SoftwareFiles\\laragon\\www\\richminis\\vendor\\laravel\\framework\\src\\Illuminate\\Pipeline\\Pipeline.php(183): Illuminate\\View\\Middleware\\ShareErrorsFromSession->handle(Object(Illuminate\\Http\\Request), Object(Closure))
#70 R:\\SoftwareFiles\\laragon\\www\\richminis\\vendor\\laravel\\framework\\src\\Illuminate\\Session\\Middleware\\StartSession.php(121): Illuminate\\Pipeline\\Pipeline->Illuminate\\Pipeline\\{closure}(Object(Illuminate\\Http\\Request))
#71 R:\\SoftwareFiles\\laragon\\www\\richminis\\vendor\\laravel\\framework\\src\\Illuminate\\Session\\Middleware\\StartSession.php(64): Illuminate\\Session\\Middleware\\StartSession->handleStatefulRequest(Object(Illuminate\\Http\\Request), Object(Illuminate\\Session\\Store), Object(Closure))
#72 R:\\SoftwareFiles\\laragon\\www\\richminis\\vendor\\laravel\\framework\\src\\Illuminate\\Pipeline\\Pipeline.php(183): Illuminate\\Session\\Middleware\\StartSession->handle(Object(Illuminate\\Http\\Request), Object(Closure))
#73 R:\\SoftwareFiles\\laragon\\www\\richminis\\vendor\\laravel\\framework\\src\\Illuminate\\Http\\Middleware\\TrustProxies.php(39): Illuminate\\Pipeline\\Pipeline->Illuminate\\Pipeline\\{closure}(Object(Illuminate\\Http\\Request))
#74 R:\\SoftwareFiles\\laragon\\www\\richminis\\vendor\\laravel\\framework\\src\\Illuminate\\Pipeline\\Pipeline.php(183): Illuminate\\Http\\Middleware\\TrustProxies->handle(Object(Illuminate\\Http\\Request), Object(Closure))
#75 R:\\SoftwareFiles\\laragon\\www\\richminis\\vendor\\laravel\\framework\\src\\Illuminate\\Foundation\\Http\\Middleware\\TransformsRequest.php(21): Illuminate\\Pipeline\\Pipeline->Illuminate\\Pipeline\\{closure}(Object(Illuminate\\Http\\Request))
#76 R:\\SoftwareFiles\\laragon\\www\\richminis\\vendor\\laravel\\framework\\src\\Illuminate\\Foundation\\Http\\Middleware\\ConvertEmptyStringsToNull.php(31): Illuminate\\Foundation\\Http\\Middleware\\TransformsRequest->handle(Object(Illuminate\\Http\\Request), Object(Closure))
#77 R:\\SoftwareFiles\\laragon\\www\\richminis\\vendor\\laravel\\framework\\src\\Illuminate\\Pipeline\\Pipeline.php(183): Illuminate\\Foundation\\Http\\Middleware\\ConvertEmptyStringsToNull->handle(Object(Illuminate\\Http\\Request), Object(Closure))
#78 R:\\SoftwareFiles\\laragon\\www\\richminis\\vendor\\laravel\\framework\\src\\Illuminate\\Foundation\\Http\\Middleware\\TransformsRequest.php(21): Illuminate\\Pipeline\\Pipeline->Illuminate\\Pipeline\\{closure}(Object(Illuminate\\Http\\Request))
#79 R:\\SoftwareFiles\\laragon\\www\\richminis\\vendor\\laravel\\framework\\src\\Illuminate\\Foundation\\Http\\Middleware\\TrimStrings.php(40): Illuminate\\Foundation\\Http\\Middleware\\TransformsRequest->handle(Object(Illuminate\\Http\\Request), Object(Closure))
#80 R:\\SoftwareFiles\\laragon\\www\\richminis\\vendor\\laravel\\framework\\src\\Illuminate\\Pipeline\\Pipeline.php(183): Illuminate\\Foundation\\Http\\Middleware\\TrimStrings->handle(Object(Illuminate\\Http\\Request), Object(Closure))
#81 R:\\SoftwareFiles\\laragon\\www\\richminis\\vendor\\laravel\\framework\\src\\Illuminate\\Foundation\\Http\\Middleware\\ValidatePostSize.php(27): Illuminate\\Pipeline\\Pipeline->Illuminate\\Pipeline\\{closure}(Object(Illuminate\\Http\\Request))
#82 R:\\SoftwareFiles\\laragon\\www\\richminis\\vendor\\laravel\\framework\\src\\Illuminate\\Pipeline\\Pipeline.php(183): Illuminate\\Foundation\\Http\\Middleware\\ValidatePostSize->handle(Object(Illuminate\\Http\\Request), Object(Closure))
#83 R:\\SoftwareFiles\\laragon\\www\\richminis\\vendor\\laravel\\framework\\src\\Illuminate\\Pipeline\\Pipeline.php(119): Illuminate\\Pipeline\\Pipeline->Illuminate\\Pipeline\\{closure}(Object(Illuminate\\Http\\Request))
#84 R:\\SoftwareFiles\\laragon\\www\\richminis\\vendor\\laravel\\framework\\src\\Illuminate\\Foundation\\Http\\Kernel.php(175): Illuminate\\Pipeline\\Pipeline->then(Object(Closure))
#85 R:\\SoftwareFiles\\laragon\\www\\richminis\\vendor\\laravel\\framework\\src\\Illuminate\\Foundation\\Http\\Kernel.php(144): Illuminate\\Foundation\\Http\\Kernel->sendRequestThroughRouter(Object(Illuminate\\Http\\Request))
#86 R:\\SoftwareFiles\\laragon\\www\\richminis\\index.php(56): Illuminate\\Foundation\\Http\\Kernel->handle(Object(Illuminate\\Http\\Request))
#87 {main}
"} 
[2026-05-11 12:16:22] local.ERROR: SQLSTATE[HY000] [1049] Unknown database 'richhminis' (Connection: mysql, SQL: select * from `languages` where `code` = en limit 1) {"exception":"[object] (Illuminate\\Database\\QueryException(code: 1049): SQLSTATE[HY000] [1049] Unknown database 'richhminis' (Connection: mysql, SQL: select * from `languages` where `code` = en limit 1) at R:\\SoftwareFiles\\laragon\\www\\richminis\\vendor\\laravel\\framework\\src\\Illuminate\\Database\\Connection.php:829)
[stacktrace]
#0 R:\\SoftwareFiles\\laragon\\www\\richminis\\vendor\\laravel\\framework\\src\\Illuminate\\Database\\Connection.php(783): Illuminate\\Database\\Connection->runQueryCallback('select * from `...', Array, Object(Closure))
#1 R:\\SoftwareFiles\\laragon\\www\\richminis\\vendor\\laravel\\framework\\src\\Illuminate\\Database\\Connection.php(414): Illuminate\\Database\\Connection->run('select * from `...', Array, Object(Closure))
#2 R:\\SoftwareFiles\\laragon\\www\\richminis\\vendor\\laravel\\framework\\src\\Illuminate\\Database\\Query\\Builder.php(2913): Illuminate\\Database\\Connection->select('select * from `...', Array, true)
#3 R:\\SoftwareFiles\\laragon\\www\\richminis\\vendor\\laravel\\framework\\src\\Illuminate\\Database\\Query\\Builder.php(2902): Illuminate\\Database\\Query\\Builder->runSelect()
#4 R:\\SoftwareFiles\\laragon\\www\\richminis\\vendor\\laravel\\framework\\src\\Illuminate\\Database\\Query\\Builder.php(3456): Illuminate\\Database\\Query\\Builder->Illuminate\\Database\\Query\\{closure}()
#5 R:\\SoftwareFiles\\laragon\\www\\richminis\\vendor\\laravel\\framework\\src\\Illuminate\\Database\\Query\\Builder.php(2901): Illuminate\\Database\\Query\\Builder->onceWithColumns(Array, Object(Closure))
#6 R:\\SoftwareFiles\\laragon\\www\\richminis\\vendor\\laravel\\framework\\src\\Illuminate\\Database\\Eloquent\\Builder.php(739): Illuminate\\Database\\Query\\Builder->get(Array)
#7 R:\\SoftwareFiles\\laragon\\www\\richminis\\vendor\\laravel\\framework\\src\\Illuminate\\Database\\Eloquent\\Builder.php(723): Illuminate\\Database\\Eloquent\\Builder->getModels(Array)
#8 R:\\SoftwareFiles\\laragon\\www\\richminis\\vendor\\laravel\\framework\\src\\Illuminate\\Database\\Concerns\\BuildsQueries.php(333): Illuminate\\Database\\Eloquent\\Builder->get(Array)
#9 R:\\SoftwareFiles\\laragon\\www\\richminis\\app\\Http\\Helpers.php(1891): Illuminate\\Database\\Eloquent\\Builder->first()
#10 R:\\SoftwareFiles\\laragon\\www\\richminis\\app\\Http\\Controllers\\HomeController.php(54): get_system_language()
#11 R:\\SoftwareFiles\\laragon\\www\\richminis\\vendor\\laravel\\framework\\src\\Illuminate\\Routing\\Controller.php(54): App\\Http\\Controllers\\HomeController->index()
#12 R:\\SoftwareFiles\\laragon\\www\\richminis\\vendor\\laravel\\framework\\src\\Illuminate\\Routing\\ControllerDispatcher.php(43): Illuminate\\Routing\\Controller->callAction('index', Array)
#13 R:\\SoftwareFiles\\laragon\\www\\richminis\\vendor\\laravel\\framework\\src\\Illuminate\\Routing\\Route.php(259): Illuminate\\Routing\\ControllerDispatcher->dispatch(Object(Illuminate\\Routing\\Route), Object(App\\Http\\Controllers\\HomeController), 'index')
#14 R:\\SoftwareFiles\\laragon\\www\\richminis\\vendor\\laravel\\framework\\src\\Illuminate\\Routing\\Route.php(205): Illuminate\\Routing\\Route->runController()
#15 R:\\SoftwareFiles\\laragon\\www\\richminis\\vendor\\laravel\\framework\\src\\Illuminate\\Routing\\Router.php(806): Illuminate\\Routing\\Route->run()
#16 R:\\SoftwareFiles\\laragon\\www\\richminis\\vendor\\laravel\\framework\\src\\Illuminate\\Pipeline\\Pipeline.php(144): Illuminate\\Routing\\Router->Illuminate\\Routing\\{closure}(Object(Illuminate\\Http\\Request))
#17 R:\\SoftwareFiles\\laragon\\www\\richminis\\app\\Http\\Middleware\\CheckForMaintenanceMode.php(64): Illuminate\\Pipeline\\Pipeline->Illuminate\\Pipeline\\{closure}(Object(Illuminate\\Http\\Request))
#18 R:\\SoftwareFiles\\laragon\\www\\richminis\\vendor\\laravel\\framework\\src\\Illuminate\\Pipeline\\Pipeline.php(183): App\\Http\\Middleware\\CheckForMaintenanceMode->handle(Object(Illuminate\\Http\\Request), Object(Closure))
#19 R:\\SoftwareFiles\\laragon\\www\\richminis\\app\\Http\\Middleware\\HttpsProtocol.php(20): Illuminate\\Pipeline\\Pipeline->Illuminate\\Pipeline\\{closure}(Object(Illuminate\\Http\\Request))
#20 R:\\SoftwareFiles\\laragon\\www\\richminis\\vendor\\laravel\\framework\\src\\Illuminate\\Pipeline\\Pipeline.php(183): App\\Http\\Middleware\\HttpsProtocol->handle(Object(Illuminate\\Http\\Request), Object(Closure))
#21 R:\\SoftwareFiles\\laragon\\www\\richminis\\app\\Http\\Middleware\\Language.php(35): Illuminate\\Pipeline\\Pipeline->Illuminate\\Pipeline\\{closure}(Object(Illuminate\\Http\\Request))
#22 R:\\SoftwareFiles\\laragon\\www\\richminis\\vendor\\laravel\\framework\\src\\Illuminate\\Pipeline\\Pipeline.php(183): App\\Http\\Middleware\\Language->handle(Object(Illuminate\\Http\\Request), Object(Closure))
#23 R:\\SoftwareFiles\\laragon\\www\\richminis\\vendor\\laravel\\framework\\src\\Illuminate\\Routing\\Middleware\\SubstituteBindings.php(50): Illuminate\\Pipeline\\Pipeline->Illuminate\\Pipeline\\{closure}(Object(Illuminate\\Http\\Request))
#24 R:\\SoftwareFiles\\laragon\\www\\richminis\\vendor\\laravel\\framework\\src\\Illuminate\\Pipeline\\Pipeline.php(183): Illuminate\\Routing\\Middleware\\SubstituteBindings->handle(Object(Illuminate\\Http\\Request), Object(Closure))
#25 R:\\SoftwareFiles\\laragon\\www\\richminis\\vendor\\laravel\\framework\\src\\Illuminate\\Foundation\\Http\\Middleware\\VerifyCsrfToken.php(78): Illuminate\\Pipeline\\Pipeline->Illuminate\\Pipeline\\{closure}(Object(Illuminate\\Http\\Request))
#26 R:\\SoftwareFiles\\laragon\\www\\richminis\\vendor\\laravel\\framework\\src\\Illuminate\\Pipeline\\Pipeline.php(183): Illuminate\\Foundation\\Http\\Middleware\\VerifyCsrfToken->handle(Object(Illuminate\\Http\\Request), Object(Closure))
#27 R:\\SoftwareFiles\\laragon\\www\\richminis\\vendor\\laravel\\framework\\src\\Illuminate\\Cookie\\Middleware\\AddQueuedCookiesToResponse.php(37): Illuminate\\Pipeline\\Pipeline->Illuminate\\Pipeline\\{closure}(Object(Illuminate\\Http\\Request))
#28 R:\\SoftwareFiles\\laragon\\www\\richminis\\vendor\\laravel\\framework\\src\\Illuminate\\Pipeline\\Pipeline.php(183): Illuminate\\Cookie\\Middleware\\AddQueuedCookiesToResponse->handle(Object(Illuminate\\Http\\Request), Object(Closure))
#29 R:\\SoftwareFiles\\laragon\\www\\richminis\\vendor\\laravel\\framework\\src\\Illuminate\\Pipeline\\Pipeline.php(119): Illuminate\\Pipeline\\Pipeline->Illuminate\\Pipeline\\{closure}(Object(Illuminate\\Http\\Request))
#30 R:\\SoftwareFiles\\laragon\\www\\richminis\\vendor\\laravel\\framework\\src\\Illuminate\\Routing\\Router.php(805): Illuminate\\Pipeline\\Pipeline->then(Object(Closure))
#31 R:\\SoftwareFiles\\laragon\\www\\richminis\\vendor\\laravel\\framework\\src\\Illuminate\\Routing\\Router.php(784): Illuminate\\Routing\\Router->runRouteWithinStack(Object(Illuminate\\Routing\\Route), Object(Illuminate\\Http\\Request))
#32 R:\\SoftwareFiles\\laragon\\www\\richminis\\vendor\\laravel\\framework\\src\\Illuminate\\Routing\\Router.php(748): Illuminate\\Routing\\Router->runRoute(Object(Illuminate\\Http\\Request), Object(Illuminate\\Routing\\Route))
#33 R:\\SoftwareFiles\\laragon\\www\\richminis\\vendor\\laravel\\framework\\src\\Illuminate\\Routing\\Router.php(737): Illuminate\\Routing\\Router->dispatchToRoute(Object(Illuminate\\Http\\Request))
#34 R:\\SoftwareFiles\\laragon\\www\\richminis\\vendor\\laravel\\framework\\src\\Illuminate\\Foundation\\Http\\Kernel.php(200): Illuminate\\Routing\\Router->dispatch(Object(Illuminate\\Http\\Request))
#35 R:\\SoftwareFiles\\laragon\\www\\richminis\\vendor\\laravel\\framework\\src\\Illuminate\\Pipeline\\Pipeline.php(144): Illuminate\\Foundation\\Http\\Kernel->Illuminate\\Foundation\\Http\\{closure}(Object(Illuminate\\Http\\Request))
#36 R:\\SoftwareFiles\\laragon\\www\\richminis\\vendor\\barryvdh\\laravel-debugbar\\src\\Middleware\\InjectDebugbar.php(59): Illuminate\\Pipeline\\Pipeline->Illuminate\\Pipeline\\{closure}(Object(Illuminate\\Http\\Request))
#37 R:\\SoftwareFiles\\laragon\\www\\richminis\\vendor\\laravel\\framework\\src\\Illuminate\\Pipeline\\Pipeline.php(183): Barryvdh\\Debugbar\\Middleware\\InjectDebugbar->handle(Object(Illuminate\\Http\\Request), Object(Closure))
#38 R:\\SoftwareFiles\\laragon\\www\\richminis\\vendor\\laravel\\framework\\src\\Illuminate\\View\\Middleware\\ShareErrorsFromSession.php(49): Illuminate\\Pipeline\\Pipeline->Illuminate\\Pipeline\\{closure}(Object(Illuminate\\Http\\Request))
#39 R:\\SoftwareFiles\\laragon\\www\\richminis\\vendor\\laravel\\framework\\src\\Illuminate\\Pipeline\\Pipeline.php(183): Illuminate\\View\\Middleware\\ShareErrorsFromSession->handle(Object(Illuminate\\Http\\Request), Object(Closure))
#40 R:\\SoftwareFiles\\laragon\\www\\richminis\\vendor\\laravel\\framework\\src\\Illuminate\\Session\\Middleware\\StartSession.php(121): Illuminate\\Pipeline\\Pipeline->Illuminate\\Pipeline\\{closure}(Object(Illuminate\\Http\\Request))
#41 R:\\SoftwareFiles\\laragon\\www\\richminis\\vendor\\laravel\\framework\\src\\Illuminate\\Session\\Middleware\\StartSession.php(64): Illuminate\\Session\\Middleware\\StartSession->handleStatefulRequest(Object(Illuminate\\Http\\Request), Object(Illuminate\\Session\\Store), Object(Closure))
#42 R:\\SoftwareFiles\\laragon\\www\\richminis\\vendor\\laravel\\framework\\src\\Illuminate\\Pipeline\\Pipeline.php(183): Illuminate\\Session\\Middleware\\StartSession->handle(Object(Illuminate\\Http\\Request), Object(Closure))
#43 R:\\SoftwareFiles\\laragon\\www\\richminis\\vendor\\laravel\\framework\\src\\Illuminate\\Http\\Middleware\\TrustProxies.php(39): Illuminate\\Pipeline\\Pipeline->Illuminate\\Pipeline\\{closure}(Object(Illuminate\\Http\\Request))
#44 R:\\SoftwareFiles\\laragon\\www\\richminis\\vendor\\laravel\\framework\\src\\Illuminate\\Pipeline\\Pipeline.php(183): Illuminate\\Http\\Middleware\\TrustProxies->handle(Object(Illuminate\\Http\\Request), Object(Closure))
#45 R:\\SoftwareFiles\\laragon\\www\\richminis\\vendor\\laravel\\framework\\src\\Illuminate\\Foundation\\Http\\Middleware\\TransformsRequest.php(21): Illuminate\\Pipeline\\Pipeline->Illuminate\\Pipeline\\{closure}(Object(Illuminate\\Http\\Request))
#46 R:\\SoftwareFiles\\laragon\\www\\richminis\\vendor\\laravel\\framework\\src\\Illuminate\\Foundation\\Http\\Middleware\\ConvertEmptyStringsToNull.php(31): Illuminate\\Foundation\\Http\\Middleware\\TransformsRequest->handle(Object(Illuminate\\Http\\Request), Object(Closure))
#47 R:\\SoftwareFiles\\laragon\\www\\richminis\\vendor\\laravel\\framework\\src\\Illuminate\\Pipeline\\Pipeline.php(183): Illuminate\\Foundation\\Http\\Middleware\\ConvertEmptyStringsToNull->handle(Object(Illuminate\\Http\\Request), Object(Closure))
#48 R:\\SoftwareFiles\\laragon\\www\\richminis\\vendor\\laravel\\framework\\src\\Illuminate\\Foundation\\Http\\Middleware\\TransformsRequest.php(21): Illuminate\\Pipeline\\Pipeline->Illuminate\\Pipeline\\{closure}(Object(Illuminate\\Http\\Request))
#49 R:\\SoftwareFiles\\laragon\\www\\richminis\\vendor\\laravel\\framework\\src\\Illuminate\\Foundation\\Http\\Middleware\\TrimStrings.php(40): Illuminate\\Foundation\\Http\\Middleware\\TransformsRequest->handle(Object(Illuminate\\Http\\Request), Object(Closure))
#50 R:\\SoftwareFiles\\laragon\\www\\richminis\\vendor\\laravel\\framework\\src\\Illuminate\\Pipeline\\Pipeline.php(183): Illuminate\\Foundation\\Http\\Middleware\\TrimStrings->handle(Object(Illuminate\\Http\\Request), Object(Closure))
#51 R:\\SoftwareFiles\\laragon\\www\\richminis\\vendor\\laravel\\framework\\src\\Illuminate\\Foundation\\Http\\Middleware\\ValidatePostSize.php(27): Illuminate\\Pipeline\\Pipeline->Illuminate\\Pipeline\\{closure}(Object(Illuminate\\Http\\Request))
#52 R:\\SoftwareFiles\\laragon\\www\\richminis\\vendor\\laravel\\framework\\src\\Illuminate\\Pipeline\\Pipeline.php(183): Illuminate\\Foundation\\Http\\Middleware\\ValidatePostSize->handle(Object(Illuminate\\Http\\Request), Object(Closure))
#53 R:\\SoftwareFiles\\laragon\\www\\richminis\\vendor\\laravel\\framework\\src\\Illuminate\\Pipeline\\Pipeline.php(119): Illuminate\\Pipeline\\Pipeline->Illuminate\\Pipeline\\{closure}(Object(Illuminate\\Http\\Request))
#54 R:\\SoftwareFiles\\laragon\\www\\richminis\\vendor\\laravel\\framework\\src\\Illuminate\\Foundation\\Http\\Kernel.php(175): Illuminate\\Pipeline\\Pipeline->then(Object(Closure))
#55 R:\\SoftwareFiles\\laragon\\www\\richminis\\vendor\\laravel\\framework\\src\\Illuminate\\Foundation\\Http\\Kernel.php(144): Illuminate\\Foundation\\Http\\Kernel->sendRequestThroughRouter(Object(Illuminate\\Http\\Request))
#56 R:\\SoftwareFiles\\laragon\\www\\richminis\\index.php(56): Illuminate\\Foundation\\Http\\Kernel->handle(Object(Illuminate\\Http\\Request))
#57 {main}

[previous exception] [object] (PDOException(code: 1049): SQLSTATE[HY000] [1049] Unknown database 'richhminis' at R:\\SoftwareFiles\\laragon\\www\\richminis\\vendor\\laravel\\framework\\src\\Illuminate\\Database\\Connectors\\Connector.php:65)
[stacktrace]
#0 R:\\SoftwareFiles\\laragon\\www\\richminis\\vendor\\laravel\\framework\\src\\Illuminate\\Database\\Connectors\\Connector.php(65): PDO->__construct('mysql:host=loca...', 'test', Object(SensitiveParameterValue), Array)
#1 R:\\SoftwareFiles\\laragon\\www\\richminis\\vendor\\laravel\\framework\\src\\Illuminate\\Database\\Connectors\\Connector.php(44): Illuminate\\Database\\Connectors\\Connector->createPdoConnection('mysql:host=loca...', 'test', 'CEle8OWO', Array)
#2 R:\\SoftwareFiles\\laragon\\www\\richminis\\vendor\\laravel\\framework\\src\\Illuminate\\Database\\Connectors\\MySqlConnector.php(24): Illuminate\\Database\\Connectors\\Connector->createConnection('mysql:host=loca...', Array, Array)
#3 R:\\SoftwareFiles\\laragon\\www\\richminis\\vendor\\laravel\\framework\\src\\Illuminate\\Database\\Connectors\\ConnectionFactory.php(184): Illuminate\\Database\\Connectors\\MySqlConnector->connect(Array)
#4 [internal function]: Illuminate\\Database\\Connectors\\ConnectionFactory->Illuminate\\Database\\Connectors\\{closure}()
#5 R:\\SoftwareFiles\\laragon\\www\\richminis\\vendor\\laravel\\framework\\src\\Illuminate\\Database\\Connection.php(1339): call_user_func(Object(Closure))
#6 R:\\SoftwareFiles\\laragon\\www\\richminis\\vendor\\laravel\\framework\\src\\Illuminate\\Database\\Connection.php(1375): Illuminate\\Database\\Connection->getPdo()
#7 R:\\SoftwareFiles\\laragon\\www\\richminis\\vendor\\laravel\\framework\\src\\Illuminate\\Database\\Connection.php(528): Illuminate\\Database\\Connection->getReadPdo()
#8 R:\\SoftwareFiles\\laragon\\www\\richminis\\vendor\\laravel\\framework\\src\\Illuminate\\Database\\Connection.php(423): Illuminate\\Database\\Connection->getPdoForSelect(true)
#9 R:\\SoftwareFiles\\laragon\\www\\richminis\\vendor\\laravel\\framework\\src\\Illuminate\\Database\\Connection.php(816): Illuminate\\Database\\Connection->Illuminate\\Database\\{closure}('select * from `...', Array)
#10 R:\\SoftwareFiles\\laragon\\www\\richminis\\vendor\\laravel\\framework\\src\\Illuminate\\Database\\Connection.php(783): Illuminate\\Database\\Connection->runQueryCallback('select * from `...', Array, Object(Closure))
#11 R:\\SoftwareFiles\\laragon\\www\\richminis\\vendor\\laravel\\framework\\src\\Illuminate\\Database\\Connection.php(414): Illuminate\\Database\\Connection->run('select * from `...', Array, Object(Closure))
#12 R:\\SoftwareFiles\\laragon\\www\\richminis\\vendor\\laravel\\framework\\src\\Illuminate\\Database\\Query\\Builder.php(2913): Illuminate\\Database\\Connection->select('select * from `...', Array, true)
#13 R:\\SoftwareFiles\\laragon\\www\\richminis\\vendor\\laravel\\framework\\src\\Illuminate\\Database\\Query\\Builder.php(2902): Illuminate\\Database\\Query\\Builder->runSelect()
#14 R:\\SoftwareFiles\\laragon\\www\\richminis\\vendor\\laravel\\framework\\src\\Illuminate\\Database\\Query\\Builder.php(3456): Illuminate\\Database\\Query\\Builder->Illuminate\\Database\\Query\\{closure}()
#15 R:\\SoftwareFiles\\laragon\\www\\richminis\\vendor\\laravel\\framework\\src\\Illuminate\\Database\\Query\\Builder.php(2901): Illuminate\\Database\\Query\\Builder->onceWithColumns(Array, Object(Closure))
#16 R:\\SoftwareFiles\\laragon\\www\\richminis\\vendor\\laravel\\framework\\src\\Illuminate\\Database\\Eloquent\\Builder.php(739): Illuminate\\Database\\Query\\Builder->get(Array)
#17 R:\\SoftwareFiles\\laragon\\www\\richminis\\vendor\\laravel\\framework\\src\\Illuminate\\Database\\Eloquent\\Builder.php(723): Illuminate\\Database\\Eloquent\\Builder->getModels(Array)
#18 R:\\SoftwareFiles\\laragon\\www\\richminis\\vendor\\laravel\\framework\\src\\Illuminate\\Database\\Concerns\\BuildsQueries.php(333): Illuminate\\Database\\Eloquent\\Builder->get(Array)
#19 R:\\SoftwareFiles\\laragon\\www\\richminis\\app\\Http\\Helpers.php(1891): Illuminate\\Database\\Eloquent\\Builder->first()
#20 R:\\SoftwareFiles\\laragon\\www\\richminis\\app\\Http\\Controllers\\HomeController.php(54): get_system_language()
#21 R:\\SoftwareFiles\\laragon\\www\\richminis\\vendor\\laravel\\framework\\src\\Illuminate\\Routing\\Controller.php(54): App\\Http\\Controllers\\HomeController->index()
#22 R:\\SoftwareFiles\\laragon\\www\\richminis\\vendor\\laravel\\framework\\src\\Illuminate\\Routing\\ControllerDispatcher.php(43): Illuminate\\Routing\\Controller->callAction('index', Array)
#23 R:\\SoftwareFiles\\laragon\\www\\richminis\\vendor\\laravel\\framework\\src\\Illuminate\\Routing\\Route.php(259): Illuminate\\Routing\\ControllerDispatcher->dispatch(Object(Illuminate\\Routing\\Route), Object(App\\Http\\Controllers\\HomeController), 'index')
#24 R:\\SoftwareFiles\\laragon\\www\\richminis\\vendor\\laravel\\framework\\src\\Illuminate\\Routing\\Route.php(205): Illuminate\\Routing\\Route->runController()
#25 R:\\SoftwareFiles\\laragon\\www\\richminis\\vendor\\laravel\\framework\\src\\Illuminate\\Routing\\Router.php(806): Illuminate\\Routing\\Route->run()
#26 R:\\SoftwareFiles\\laragon\\www\\richminis\\vendor\\laravel\\framework\\src\\Illuminate\\Pipeline\\Pipeline.php(144): Illuminate\\Routing\\Router->Illuminate\\Routing\\{closure}(Object(Illuminate\\Http\\Request))
#27 R:\\SoftwareFiles\\laragon\\www\\richminis\\app\\Http\\Middleware\\CheckForMaintenanceMode.php(64): Illuminate\\Pipeline\\Pipeline->Illuminate\\Pipeline\\{closure}(Object(Illuminate\\Http\\Request))
#28 R:\\SoftwareFiles\\laragon\\www\\richminis\\vendor\\laravel\\framework\\src\\Illuminate\\Pipeline\\Pipeline.php(183): App\\Http\\Middleware\\CheckForMaintenanceMode->handle(Object(Illuminate\\Http\\Request), Object(Closure))
#29 R:\\SoftwareFiles\\laragon\\www\\richminis\\app\\Http\\Middleware\\HttpsProtocol.php(20): Illuminate\\Pipeline\\Pipeline->Illuminate\\Pipeline\\{closure}(Object(Illuminate\\Http\\Request))
#30 R:\\SoftwareFiles\\laragon\\www\\richminis\\vendor\\laravel\\framework\\src\\Illuminate\\Pipeline\\Pipeline.php(183): App\\Http\\Middleware\\HttpsProtocol->handle(Object(Illuminate\\Http\\Request), Object(Closure))
#31 R:\\SoftwareFiles\\laragon\\www\\richminis\\app\\Http\\Middleware\\Language.php(35): Illuminate\\Pipeline\\Pipeline->Illuminate\\Pipeline\\{closure}(Object(Illuminate\\Http\\Request))
#32 R:\\SoftwareFiles\\laragon\\www\\richminis\\vendor\\laravel\\framework\\src\\Illuminate\\Pipeline\\Pipeline.php(183): App\\Http\\Middleware\\Language->handle(Object(Illuminate\\Http\\Request), Object(Closure))
#33 R:\\SoftwareFiles\\laragon\\www\\richminis\\vendor\\laravel\\framework\\src\\Illuminate\\Routing\\Middleware\\SubstituteBindings.php(50): Illuminate\\Pipeline\\Pipeline->Illuminate\\Pipeline\\{closure}(Object(Illuminate\\Http\\Request))
#34 R:\\SoftwareFiles\\laragon\\www\\richminis\\vendor\\laravel\\framework\\src\\Illuminate\\Pipeline\\Pipeline.php(183): Illuminate\\Routing\\Middleware\\SubstituteBindings->handle(Object(Illuminate\\Http\\Request), Object(Closure))
#35 R:\\SoftwareFiles\\laragon\\www\\richminis\\vendor\\laravel\\framework\\src\\Illuminate\\Foundation\\Http\\Middleware\\VerifyCsrfToken.php(78): Illuminate\\Pipeline\\Pipeline->Illuminate\\Pipeline\\{closure}(Object(Illuminate\\Http\\Request))
#36 R:\\SoftwareFiles\\laragon\\www\\richminis\\vendor\\laravel\\framework\\src\\Illuminate\\Pipeline\\Pipeline.php(183): Illuminate\\Foundation\\Http\\Middleware\\VerifyCsrfToken->handle(Object(Illuminate\\Http\\Request), Object(Closure))
#37 R:\\SoftwareFiles\\laragon\\www\\richminis\\vendor\\laravel\\framework\\src\\Illuminate\\Cookie\\Middleware\\AddQueuedCookiesToResponse.php(37): Illuminate\\Pipeline\\Pipeline->Illuminate\\Pipeline\\{closure}(Object(Illuminate\\Http\\Request))
#38 R:\\SoftwareFiles\\laragon\\www\\richminis\\vendor\\laravel\\framework\\src\\Illuminate\\Pipeline\\Pipeline.php(183): Illuminate\\Cookie\\Middleware\\AddQueuedCookiesToResponse->handle(Object(Illuminate\\Http\\Request), Object(Closure))
#39 R:\\SoftwareFiles\\laragon\\www\\richminis\\vendor\\laravel\\framework\\src\\Illuminate\\Pipeline\\Pipeline.php(119): Illuminate\\Pipeline\\Pipeline->Illuminate\\Pipeline\\{closure}(Object(Illuminate\\Http\\Request))
#40 R:\\SoftwareFiles\\laragon\\www\\richminis\\vendor\\laravel\\framework\\src\\Illuminate\\Routing\\Router.php(805): Illuminate\\Pipeline\\Pipeline->then(Object(Closure))
#41 R:\\SoftwareFiles\\laragon\\www\\richminis\\vendor\\laravel\\framework\\src\\Illuminate\\Routing\\Router.php(784): Illuminate\\Routing\\Router->runRouteWithinStack(Object(Illuminate\\Routing\\Route), Object(Illuminate\\Http\\Request))
#42 R:\\SoftwareFiles\\laragon\\www\\richminis\\vendor\\laravel\\framework\\src\\Illuminate\\Routing\\Router.php(748): Illuminate\\Routing\\Router->runRoute(Object(Illuminate\\Http\\Request), Object(Illuminate\\Routing\\Route))
#43 R:\\SoftwareFiles\\laragon\\www\\richminis\\vendor\\laravel\\framework\\src\\Illuminate\\Routing\\Router.php(737): Illuminate\\Routing\\Router->dispatchToRoute(Object(Illuminate\\Http\\Request))
#44 R:\\SoftwareFiles\\laragon\\www\\richminis\\vendor\\laravel\\framework\\src\\Illuminate\\Foundation\\Http\\Kernel.php(200): Illuminate\\Routing\\Router->dispatch(Object(Illuminate\\Http\\Request))
#45 R:\\SoftwareFiles\\laragon\\www\\richminis\\vendor\\laravel\\framework\\src\\Illuminate\\Pipeline\\Pipeline.php(144): Illuminate\\Foundation\\Http\\Kernel->Illuminate\\Foundation\\Http\\{closure}(Object(Illuminate\\Http\\Request))
#46 R:\\SoftwareFiles\\laragon\\www\\richminis\\vendor\\barryvdh\\laravel-debugbar\\src\\Middleware\\InjectDebugbar.php(59): Illuminate\\Pipeline\\Pipeline->Illuminate\\Pipeline\\{closure}(Object(Illuminate\\Http\\Request))
#47 R:\\SoftwareFiles\\laragon\\www\\richminis\\vendor\\laravel\\framework\\src\\Illuminate\\Pipeline\\Pipeline.php(183): Barryvdh\\Debugbar\\Middleware\\InjectDebugbar->handle(Object(Illuminate\\Http\\Request), Object(Closure))
#48 R:\\SoftwareFiles\\laragon\\www\\richminis\\vendor\\laravel\\framework\\src\\Illuminate\\View\\Middleware\\ShareErrorsFromSession.php(49): Illuminate\\Pipeline\\Pipeline->Illuminate\\Pipeline\\{closure}(Object(Illuminate\\Http\\Request))
#49 R:\\SoftwareFiles\\laragon\\www\\richminis\\vendor\\laravel\\framework\\src\\Illuminate\\Pipeline\\Pipeline.php(183): Illuminate\\View\\Middleware\\ShareErrorsFromSession->handle(Object(Illuminate\\Http\\Request), Object(Closure))
#50 R:\\SoftwareFiles\\laragon\\www\\richminis\\vendor\\laravel\\framework\\src\\Illuminate\\Session\\Middleware\\StartSession.php(121): Illuminate\\Pipeline\\Pipeline->Illuminate\\Pipeline\\{closure}(Object(Illuminate\\Http\\Request))
#51 R:\\SoftwareFiles\\laragon\\www\\richminis\\vendor\\laravel\\framework\\src\\Illuminate\\Session\\Middleware\\StartSession.php(64): Illuminate\\Session\\Middleware\\StartSession->handleStatefulRequest(Object(Illuminate\\Http\\Request), Object(Illuminate\\Session\\Store), Object(Closure))
#52 R:\\SoftwareFiles\\laragon\\www\\richminis\\vendor\\laravel\\framework\\src\\Illuminate\\Pipeline\\Pipeline.php(183): Illuminate\\Session\\Middleware\\StartSession->handle(Object(Illuminate\\Http\\Request), Object(Closure))
#53 R:\\SoftwareFiles\\laragon\\www\\richminis\\vendor\\laravel\\framework\\src\\Illuminate\\Http\\Middleware\\TrustProxies.php(39): Illuminate\\Pipeline\\Pipeline->Illuminate\\Pipeline\\{closure}(Object(Illuminate\\Http\\Request))
#54 R:\\SoftwareFiles\\laragon\\www\\richminis\\vendor\\laravel\\framework\\src\\Illuminate\\Pipeline\\Pipeline.php(183): Illuminate\\Http\\Middleware\\TrustProxies->handle(Object(Illuminate\\Http\\Request), Object(Closure))
#55 R:\\SoftwareFiles\\laragon\\www\\richminis\\vendor\\laravel\\framework\\src\\Illuminate\\Foundation\\Http\\Middleware\\TransformsRequest.php(21): Illuminate\\Pipeline\\Pipeline->Illuminate\\Pipeline\\{closure}(Object(Illuminate\\Http\\Request))
#56 R:\\SoftwareFiles\\laragon\\www\\richminis\\vendor\\laravel\\framework\\src\\Illuminate\\Foundation\\Http\\Middleware\\ConvertEmptyStringsToNull.php(31): Illuminate\\Foundation\\Http\\Middleware\\TransformsRequest->handle(Object(Illuminate\\Http\\Request), Object(Closure))
#57 R:\\SoftwareFiles\\laragon\\www\\richminis\\vendor\\laravel\\framework\\src\\Illuminate\\Pipeline\\Pipeline.php(183): Illuminate\\Foundation\\Http\\Middleware\\ConvertEmptyStringsToNull->handle(Object(Illuminate\\Http\\Request), Object(Closure))
#58 R:\\SoftwareFiles\\laragon\\www\\richminis\\vendor\\laravel\\framework\\src\\Illuminate\\Foundation\\Http\\Middleware\\TransformsRequest.php(21): Illuminate\\Pipeline\\Pipeline->Illuminate\\Pipeline\\{closure}(Object(Illuminate\\Http\\Request))
#59 R:\\SoftwareFiles\\laragon\\www\\richminis\\vendor\\laravel\\framework\\src\\Illuminate\\Foundation\\Http\\Middleware\\TrimStrings.php(40): Illuminate\\Foundation\\Http\\Middleware\\TransformsRequest->handle(Object(Illuminate\\Http\\Request), Object(Closure))
#60 R:\\SoftwareFiles\\laragon\\www\\richminis\\vendor\\laravel\\framework\\src\\Illuminate\\Pipeline\\Pipeline.php(183): Illuminate\\Foundation\\Http\\Middleware\\TrimStrings->handle(Object(Illuminate\\Http\\Request), Object(Closure))
#61 R:\\SoftwareFiles\\laragon\\www\\richminis\\vendor\\laravel\\framework\\src\\Illuminate\\Foundation\\Http\\Middleware\\ValidatePostSize.php(27): Illuminate\\Pipeline\\Pipeline->Illuminate\\Pipeline\\{closure}(Object(Illuminate\\Http\\Request))
#62 R:\\SoftwareFiles\\laragon\\www\\richminis\\vendor\\laravel\\framework\\src\\Illuminate\\Pipeline\\Pipeline.php(183): Illuminate\\Foundation\\Http\\Middleware\\ValidatePostSize->handle(Object(Illuminate\\Http\\Request), Object(Closure))
#63 R:\\SoftwareFiles\\laragon\\www\\richminis\\vendor\\laravel\\framework\\src\\Illuminate\\Pipeline\\Pipeline.php(119): Illuminate\\Pipeline\\Pipeline->Illuminate\\Pipeline\\{closure}(Object(Illuminate\\Http\\Request))
#64 R:\\SoftwareFiles\\laragon\\www\\richminis\\vendor\\laravel\\framework\\src\\Illuminate\\Foundation\\Http\\Kernel.php(175): Illuminate\\Pipeline\\Pipeline->then(Object(Closure))
#65 R:\\SoftwareFiles\\laragon\\www\\richminis\\vendor\\laravel\\framework\\src\\Illuminate\\Foundation\\Http\\Kernel.php(144): Illuminate\\Foundation\\Http\\Kernel->sendRequestThroughRouter(Object(Illuminate\\Http\\Request))
#66 R:\\SoftwareFiles\\laragon\\www\\richminis\\index.php(56): Illuminate\\Foundation\\Http\\Kernel->handle(Object(Illuminate\\Http\\Request))
#67 {main}
"} 
[2026-05-11 12:16:22] local.ERROR: SQLSTATE[HY000] [1049] Unknown database 'richhminis' (Connection: mysql, SQL: select * from `languages` where `code` = en limit 1) {"view":{"view":"R:\\SoftwareFiles\\laragon\\www\\richminis\\resources\\views\\frontend\\layouts\\app.blade.php","data":{"errors":"<pre class=sf-dump id=sf-dump-1362282516 data-indent-pad=\"  \"><span class=sf-dump-note>Illuminate\\Support\\ViewErrorBag</span> {<a class=sf-dump-ref>#4300</a><samp data-depth=1 class=sf-dump-expanded>
  #<span class=sf-dump-protected title=\"Protected property\">bags</span>: []
</samp>}
</pre><script>Sfdump(\"sf-dump-1362282516\", {\"maxDepth\":3,\"maxStringLength\":160})</script>
","exception":"<pre class=sf-dump id=sf-dump-2142095759 data-indent-pad=\"  \"><span class=sf-dump-note>Symfony\\Component\\HttpKernel\\Exception\\HttpException</span> {<a class=sf-dump-ref>#4305</a><samp data-depth=1 class=sf-dump-expanded>
  #<span class=sf-dump-protected title=\"Protected property\">message</span>: \"<span class=sf-dump-str title=\"130 characters\">SQLSTATE[HY000] [1049] Unknown database &#039;richhminis&#039; (Connection: mysql, SQL: select * from `languages` where `code` = en limit 1)</span>\"
  #<span class=sf-dump-protected title=\"Protected property\">code</span>: <span class=sf-dump-num>0</span>
  #<span class=sf-dump-protected title=\"Protected property\">file</span>: \"<span class=sf-dump-str title=\"R:\\SoftwareFiles\\laragon\\www\\richminis\\vendor\\laravel\\framework\\src\\Illuminate\\Foundation\\Exceptions\\Handler.php
112 characters\"><span class=\"sf-dump-ellipsis sf-dump-ellipsis-path\">R:\\SoftwareFiles\\laragon\\www\\richminis\\vendor</span><span class=\"sf-dump-ellipsis sf-dump-ellipsis-path\">\\laravel\\framework\\</span>src\\Illuminate\\Foundation\\Exceptions\\Handler.php</span>\"
  #<span class=sf-dump-protected title=\"Protected property\">line</span>: <span class=sf-dump-num>646</span>
  -<span class=sf-dump-private title=\"Private property defined in class:&#10;`Exception`\">previous</span>: <span class=sf-dump-note title=\"Illuminate\\Database\\QueryException
\"><span class=\"sf-dump-ellipsis sf-dump-ellipsis-note\">Illuminate\\Database</span><span class=\"sf-dump-ellipsis sf-dump-ellipsis-note\">\\</span>QueryException</span> {<a class=sf-dump-ref href=#sf-dump-2142095759-ref24272 title=\"6 occurrences\">#4272</a><samp data-depth=2 id=sf-dump-2142095759-ref24272 class=sf-dump-compact>
    #<span class=sf-dump-protected title=\"Protected property\">message</span>: \"<span class=sf-dump-str title=\"130 characters\">SQLSTATE[HY000] [1049] Unknown database &#039;richhminis&#039; (Connection: mysql, SQL: select * from `languages` where `code` = en limit 1)</span>\"
    #<span class=sf-dump-protected title=\"Protected property\">code</span>: <span class=sf-dump-num>1049</span>
    #<span class=sf-dump-protected title=\"Protected property\">file</span>: \"<span class=sf-dump-str title=\"R:\\SoftwareFiles\\laragon\\www\\richminis\\vendor\\laravel\\framework\\src\\Illuminate\\Database\\Connection.php
102 characters\"><span class=\"sf-dump-ellipsis sf-dump-ellipsis-path\">R:\\SoftwareFiles\\laragon\\www\\richminis\\vendor</span><span class=\"sf-dump-ellipsis sf-dump-ellipsis-path\">\\laravel\\framework\\</span>src\\Illuminate\\Database\\Connection.php</span>\"
    #<span class=sf-dump-protected title=\"Protected property\">line</span>: <span class=sf-dump-num>829</span>
    -<span class=sf-dump-private title=\"Private property defined in class:&#10;`Exception`\">previous</span>: <span class=sf-dump-note>PDOException</span> {<a class=sf-dump-ref>#4277</a><samp data-depth=3 class=sf-dump-compact>
      #<span class=sf-dump-protected title=\"Protected property\">message</span>: \"<span class=sf-dump-str title=\"52 characters\">SQLSTATE[HY000] [1049] Unknown database &#039;richhminis&#039;</span>\"
      #<span class=sf-dump-protected title=\"Protected property\">code</span>: <span class=sf-dump-num>1049</span>
      #<span class=sf-dump-protected title=\"Protected property\">file</span>: \"<span class=sf-dump-str title=\"R:\\SoftwareFiles\\laragon\\www\\richminis\\vendor\\laravel\\framework\\src\\Illuminate\\Database\\Connectors\\Connector.php
112 characters\"><span class=\"sf-dump-ellipsis sf-dump-ellipsis-path\">R:\\SoftwareFiles\\laragon\\www\\richminis\\vendor</span><span class=\"sf-dump-ellipsis sf-dump-ellipsis-path\">\\laravel\\framework\\</span>src\\Illuminate\\Database\\Connectors\\Connector.php</span>\"
      #<span class=sf-dump-protected title=\"Protected property\">line</span>: <span class=sf-dump-num>65</span>
      +<span class=sf-dump-public title=\"Public property\">errorInfo</span>: <span class=sf-dump-note>array:3</span> [ &#8230;3]
      <span class=sf-dump-meta>trace</span>: { &#8230;67}
    </samp>}
    +<span class=sf-dump-public title=\"Public property\">errorInfo</span>: <span class=sf-dump-note>array:3</span> [<samp data-depth=3 class=sf-dump-compact>
      <span class=sf-dump-index>0</span> => \"<span class=sf-dump-str title=\"5 characters\">HY000</span>\"
      <span class=sf-dump-index>1</span> => <span class=sf-dump-num>1049</span>
      <span class=sf-dump-index>2</span> => \"<span class=sf-dump-str title=\"29 characters\">Unknown database &#039;richhminis&#039;</span>\"
    </samp>]
    +<span class=sf-dump-public title=\"Public property\">connectionName</span>: \"<span class=sf-dump-str title=\"5 characters\">mysql</span>\"
    #<span class=sf-dump-protected title=\"Protected property\">sql</span>: \"<span class=sf-dump-str title=\"50 characters\">select * from `languages` where `code` = ? limit 1</span>\"
    #<span class=sf-dump-protected title=\"Protected property\">bindings</span>: <span class=sf-dump-note>array:1</span> [<samp data-depth=3 class=sf-dump-compact>
      <span class=sf-dump-index>0</span> => \"<span class=sf-dump-str title=\"2 characters\">en</span>\"
    </samp>]
    <span class=sf-dump-meta>trace</span>: {<samp data-depth=3 class=sf-dump-compact>
      <span class=sf-dump-meta title=\"R:\\SoftwareFiles\\laragon\\www\\richminis\\vendor\\laravel\\framework\\src\\Illuminate\\Database\\Connection.php:829
Stack level 58.\"><span class=\"sf-dump-ellipsis sf-dump-ellipsis-path\">R:\\SoftwareFiles\\laragon\\www\\richminis\\vendor</span><span class=\"sf-dump-ellipsis sf-dump-ellipsis-path\">\\laravel\\framework\\</span>src\\Illuminate\\Database\\Connection.php:829</span> { &#8230;4}
      <span class=sf-dump-meta title=\"R:\\SoftwareFiles\\laragon\\www\\richminis\\vendor\\laravel\\framework\\src\\Illuminate\\Database\\Connection.php:783
Stack level 57.\"><span class=\"sf-dump-ellipsis sf-dump-ellipsis-path\">R:\\SoftwareFiles\\laragon\\www\\richminis\\vendor</span><span class=\"sf-dump-ellipsis sf-dump-ellipsis-path\">\\laravel\\framework\\</span>src\\Illuminate\\Database\\Connection.php:783</span> { &#8230;5}
      <span class=sf-dump-meta title=\"R:\\SoftwareFiles\\laragon\\www\\richminis\\vendor\\laravel\\framework\\src\\Illuminate\\Database\\Connection.php:414
Stack level 56.\"><span class=\"sf-dump-ellipsis sf-dump-ellipsis-path\">R:\\SoftwareFiles\\laragon\\www\\richminis\\vendor</span><span class=\"sf-dump-ellipsis sf-dump-ellipsis-path\">\\laravel\\framework\\</span>src\\Illuminate\\Database\\Connection.php:414</span> { &#8230;5}
      <span class=sf-dump-meta title=\"R:\\SoftwareFiles\\laragon\\www\\richminis\\vendor\\laravel\\framework\\src\\Illuminate\\Database\\Query\\Builder.php:2913
Stack level 55.\"><span class=\"sf-dump-ellipsis sf-dump-ellipsis-path\">R:\\SoftwareFiles\\laragon\\www\\richminis\\vendor</span><span class=\"sf-dump-ellipsis sf-dump-ellipsis-path\">\\laravel\\framework\\</span>src\\Illuminate\\Database\\Query\\Builder.php:2913</span> { &#8230;5}
      <span class=sf-dump-meta title=\"R:\\SoftwareFiles\\laragon\\www\\richminis\\vendor\\laravel\\framework\\src\\Illuminate\\Database\\Query\\Builder.php:2902
Stack level 54.\"><span class=\"sf-dump-ellipsis sf-dump-ellipsis-path\">R:\\SoftwareFiles\\laragon\\www\\richminis\\vendor</span><span class=\"sf-dump-ellipsis sf-dump-ellipsis-path\">\\laravel\\framework\\</span>src\\Illuminate\\Database\\Query\\Builder.php:2902</span> { &#8230;4}
      <span class=sf-dump-meta title=\"R:\\SoftwareFiles\\laragon\\www\\richminis\\vendor\\laravel\\framework\\src\\Illuminate\\Database\\Query\\Builder.php:3456
Stack level 53.\"><span class=\"sf-dump-ellipsis sf-dump-ellipsis-path\">R:\\SoftwareFiles\\laragon\\www\\richminis\\vendor</span><span class=\"sf-dump-ellipsis sf-dump-ellipsis-path\">\\laravel\\framework\\</span>src\\Illuminate\\Database\\Query\\Builder.php:3456</span> { &#8230;4}
      <span class=sf-dump-meta title=\"R:\\SoftwareFiles\\laragon\\www\\richminis\\vendor\\laravel\\framework\\src\\Illuminate\\Database\\Query\\Builder.php:2901
Stack level 52.\"><span class=\"sf-dump-ellipsis sf-dump-ellipsis-path\">R:\\SoftwareFiles\\laragon\\www\\richminis\\vendor</span><span class=\"sf-dump-ellipsis sf-dump-ellipsis-path\">\\laravel\\framework\\</span>src\\Illuminate\\Database\\Query\\Builder.php:2901</span> { &#8230;5}
      <span class=sf-dump-meta title=\"R:\\SoftwareFiles\\laragon\\www\\richminis\\vendor\\laravel\\framework\\src\\Illuminate\\Database\\Eloquent\\Builder.php:739
Stack level 51.\"><span class=\"sf-dump-ellipsis sf-dump-ellipsis-path\">R:\\SoftwareFiles\\laragon\\www\\richminis\\vendor</span><span class=\"sf-dump-ellipsis sf-dump-ellipsis-path\">\\laravel\\framework\\</span>src\\Illuminate\\Database\\Eloquent\\Builder.php:739</span> { &#8230;5}
      <span class=sf-dump-meta title=\"R:\\SoftwareFiles\\laragon\\www\\richminis\\vendor\\laravel\\framework\\src\\Illuminate\\Database\\Eloquent\\Builder.php:723
Stack level 50.\"><span class=\"sf-dump-ellipsis sf-dump-ellipsis-path\">R:\\SoftwareFiles\\laragon\\www\\richminis\\vendor</span><span class=\"sf-dump-ellipsis sf-dump-ellipsis-path\">\\laravel\\framework\\</span>src\\Illuminate\\Database\\Eloquent\\Builder.php:723</span> { &#8230;5}
      <span class=sf-dump-meta title=\"R:\\SoftwareFiles\\laragon\\www\\richminis\\vendor\\laravel\\framework\\src\\Illuminate\\Database\\Concerns\\BuildsQueries.php:333
Stack level 49.\"><span class=\"sf-dump-ellipsis sf-dump-ellipsis-path\">R:\\SoftwareFiles\\laragon\\www\\richminis\\vendor</span><span class=\"sf-dump-ellipsis sf-dump-ellipsis-path\">\\laravel\\framework\\</span>src\\Illuminate\\Database\\Concerns\\BuildsQueries.php:333</span> { &#8230;5}
      <span class=sf-dump-meta title=\"R:\\SoftwareFiles\\laragon\\www\\richminis\\app\\Http\\Helpers.php:1891
Stack level 48.\"><span class=\"sf-dump-ellipsis sf-dump-ellipsis-path\">R:\\SoftwareFiles\\laragon\\www\\richminis</span><span class=\"sf-dump-ellipsis sf-dump-ellipsis-path\">\\</span>app\\Http\\Helpers.php:1891</span> { &#8230;4}
      <span class=sf-dump-meta title=\"R:\\SoftwareFiles\\laragon\\www\\richminis\\app\\Http\\Controllers\\HomeController.php:54
Stack level 47.\"><span class=\"sf-dump-ellipsis sf-dump-ellipsis-path\">R:\\SoftwareFiles\\laragon\\www\\richminis</span><span class=\"sf-dump-ellipsis sf-dump-ellipsis-path\">\\</span>app\\Http\\Controllers\\HomeController.php:54</span> { &#8230;4}
      <span class=sf-dump-meta title=\"R:\\SoftwareFiles\\laragon\\www\\richminis\\vendor\\laravel\\framework\\src\\Illuminate\\Routing\\Controller.php:54
Stack level 46.\"><span class=\"sf-dump-ellipsis sf-dump-ellipsis-path\">R:\\SoftwareFiles\\laragon\\www\\richminis\\vendor</span><span class=\"sf-dump-ellipsis sf-dump-ellipsis-path\">\\laravel\\framework\\</span>src\\Illuminate\\Routing\\Controller.php:54</span> { &#8230;4}
      <span class=sf-dump-meta title=\"R:\\SoftwareFiles\\laragon\\www\\richminis\\vendor\\laravel\\framework\\src\\Illuminate\\Routing\\ControllerDispatcher.php:43
Stack level 45.\"><span class=\"sf-dump-ellipsis sf-dump-ellipsis-path\">R:\\SoftwareFiles\\laragon\\www\\richminis\\vendor</span><span class=\"sf-dump-ellipsis sf-dump-ellipsis-path\">\\laravel\\framework\\</span>src\\Illuminate\\Routing\\ControllerDispatcher.php:43</span> { &#8230;5}
      <span class=sf-dump-meta title=\"R:\\SoftwareFiles\\laragon\\www\\richminis\\vendor\\laravel\\framework\\src\\Illuminate\\Routing\\Route.php:259
Stack level 44.\"><span class=\"sf-dump-ellipsis sf-dump-ellipsis-path\">R:\\SoftwareFiles\\laragon\\www\\richminis\\vendor</span><span class=\"sf-dump-ellipsis sf-dump-ellipsis-path\">\\laravel\\framework\\</span>src\\Illuminate\\Routing\\Route.php:259</span> { &#8230;5}
      <span class=sf-dump-meta title=\"R:\\SoftwareFiles\\laragon\\www\\richminis\\vendor\\laravel\\framework\\src\\Illuminate\\Routing\\Route.php:205
Stack level 43.\"><span class=\"sf-dump-ellipsis sf-dump-ellipsis-path\">R:\\SoftwareFiles\\laragon\\www\\richminis\\vendor</span><span class=\"sf-dump-ellipsis sf-dump-ellipsis-path\">\\laravel\\framework\\</span>src\\Illuminate\\Routing\\Route.php:205</span> { &#8230;4}
      <span class=sf-dump-meta title=\"R:\\SoftwareFiles\\laragon\\www\\richminis\\vendor\\laravel\\framework\\src\\Illuminate\\Routing\\Router.php:806
Stack level 42.\"><span class=\"sf-dump-ellipsis sf-dump-ellipsis-path\">R:\\SoftwareFiles\\laragon\\www\\richminis\\vendor</span><span class=\"sf-dump-ellipsis sf-dump-ellipsis-path\">\\laravel\\framework\\</span>src\\Illuminate\\Routing\\Router.php:806</span> { &#8230;4}
      <span class=sf-dump-meta title=\"R:\\SoftwareFiles\\laragon\\www\\richminis\\vendor\\laravel\\framework\\src\\Illuminate\\Pipeline\\Pipeline.php:144
Stack level 41.\"><span class=\"sf-dump-ellipsis sf-dump-ellipsis-path\">R:\\SoftwareFiles\\laragon\\www\\richminis\\vendor</span><span class=\"sf-dump-ellipsis sf-dump-ellipsis-path\">\\laravel\\framework\\</span>src\\Illuminate\\Pipeline\\Pipeline.php:144</span> { &#8230;5}
      <span class=sf-dump-meta title=\"R:\\SoftwareFiles\\laragon\\www\\richminis\\app\\Http\\Middleware\\CheckForMaintenanceMode.php:64
Stack level 40.\"><span class=\"sf-dump-ellipsis sf-dump-ellipsis-path\">R:\\SoftwareFiles\\laragon\\www\\richminis</span><span class=\"sf-dump-ellipsis sf-dump-ellipsis-path\">\\</span>app\\Http\\Middleware\\CheckForMaintenanceMode.php:64</span> { &#8230;5}
      <span class=sf-dump-meta title=\"R:\\SoftwareFiles\\laragon\\www\\richminis\\vendor\\laravel\\framework\\src\\Illuminate\\Pipeline\\Pipeline.php:183
Stack level 39.\"><span class=\"sf-dump-ellipsis sf-dump-ellipsis-path\">R:\\SoftwareFiles\\laragon\\www\\richminis\\vendor</span><span class=\"sf-dump-ellipsis sf-dump-ellipsis-path\">\\laravel\\framework\\</span>src\\Illuminate\\Pipeline\\Pipeline.php:183</span> { &#8230;5}
      <span class=sf-dump-meta title=\"R:\\SoftwareFiles\\laragon\\www\\richminis\\app\\Http\\Middleware\\HttpsProtocol.php:20
Stack level 38.\"><span class=\"sf-dump-ellipsis sf-dump-ellipsis-path\">R:\\SoftwareFiles\\laragon\\www\\richminis</span><span class=\"sf-dump-ellipsis sf-dump-ellipsis-path\">\\</span>app\\Http\\Middleware\\HttpsProtocol.php:20</span> { &#8230;5}
      <span class=sf-dump-meta title=\"R:\\SoftwareFiles\\laragon\\www\\richminis\\vendor\\laravel\\framework\\src\\Illuminate\\Pipeline\\Pipeline.php:183
Stack level 37.\"><span class=\"sf-dump-ellipsis sf-dump-ellipsis-path\">R:\\SoftwareFiles\\laragon\\www\\richminis\\vendor</span><span class=\"sf-dump-ellipsis sf-dump-ellipsis-path\">\\laravel\\framework\\</span>src\\Illuminate\\Pipeline\\Pipeline.php:183</span> { &#8230;5}
      <span class=sf-dump-meta title=\"R:\\SoftwareFiles\\laragon\\www\\richminis\\app\\Http\\Middleware\\Language.php:35
Stack level 36.\"><span class=\"sf-dump-ellipsis sf-dump-ellipsis-path\">R:\\SoftwareFiles\\laragon\\www\\richminis</span><span class=\"sf-dump-ellipsis sf-dump-ellipsis-path\">\\</span>app\\Http\\Middleware\\Language.php:35</span> { &#8230;5}
      <span class=sf-dump-meta title=\"R:\\SoftwareFiles\\laragon\\www\\richminis\\vendor\\laravel\\framework\\src\\Illuminate\\Pipeline\\Pipeline.php:183
Stack level 35.\"><span class=\"sf-dump-ellipsis sf-dump-ellipsis-path\">R:\\SoftwareFiles\\laragon\\www\\richminis\\vendor</span><span class=\"sf-dump-ellipsis sf-dump-ellipsis-path\">\\laravel\\framework\\</span>src\\Illuminate\\Pipeline\\Pipeline.php:183</span> { &#8230;5}
      <span class=sf-dump-meta title=\"R:\\SoftwareFiles\\laragon\\www\\richminis\\vendor\\laravel\\framework\\src\\Illuminate\\Routing\\Middleware\\SubstituteBindings.php:50
Stack level 34.\"><span class=\"sf-dump-ellipsis sf-dump-ellipsis-path\">R:\\SoftwareFiles\\laragon\\www\\richminis\\vendor</span><span class=\"sf-dump-ellipsis sf-dump-ellipsis-path\">\\laravel\\framework\\</span>src\\Illuminate\\Routing\\Middleware\\SubstituteBindings.php:50</span> { &#8230;5}
      <span class=sf-dump-meta title=\"R:\\SoftwareFiles\\laragon\\www\\richminis\\vendor\\laravel\\framework\\src\\Illuminate\\Pipeline\\Pipeline.php:183
Stack level 33.\"><span class=\"sf-dump-ellipsis sf-dump-ellipsis-path\">R:\\SoftwareFiles\\laragon\\www\\richminis\\vendor</span><span class=\"sf-dump-ellipsis sf-dump-ellipsis-path\">\\laravel\\framework\\</span>src\\Illuminate\\Pipeline\\Pipeline.php:183</span> { &#8230;5}
      <span class=sf-dump-meta title=\"R:\\SoftwareFiles\\laragon\\www\\richminis\\vendor\\laravel\\framework\\src\\Illuminate\\Foundation\\Http\\Middleware\\VerifyCsrfToken.php:78
Stack level 32.\"><span class=\"sf-dump-ellipsis sf-dump-ellipsis-path\">R:\\SoftwareFiles\\laragon\\www\\richminis\\vendor</span><span class=\"sf-dump-ellipsis sf-dump-ellipsis-path\">\\laravel\\framework\\</span>src\\Illuminate\\Foundation\\Http\\Middleware\\VerifyCsrfToken.php:78</span> { &#8230;5}
      <span class=sf-dump-meta title=\"R:\\SoftwareFiles\\laragon\\www\\richminis\\vendor\\laravel\\framework\\src\\Illuminate\\Pipeline\\Pipeline.php:183
Stack level 31.\"><span class=\"sf-dump-ellipsis sf-dump-ellipsis-path\">R:\\SoftwareFiles\\laragon\\www\\richminis\\vendor</span><span class=\"sf-dump-ellipsis sf-dump-ellipsis-path\">\\laravel\\framework\\</span>src\\Illuminate\\Pipeline\\Pipeline.php:183</span> { &#8230;5}
      <span class=sf-dump-meta title=\"R:\\SoftwareFiles\\laragon\\www\\richminis\\vendor\\laravel\\framework\\src\\Illuminate\\Cookie\\Middleware\\AddQueuedCookiesToResponse.php:37
Stack level 30.\"><span class=\"sf-dump-ellipsis sf-dump-ellipsis-path\">R:\\SoftwareFiles\\laragon\\www\\richminis\\vendor</span><span class=\"sf-dump-ellipsis sf-dump-ellipsis-path\">\\laravel\\framework\\</span>src\\Illuminate\\Cookie\\Middleware\\AddQueuedCookiesToResponse.php:37</span> { &#8230;5}
      <span class=sf-dump-meta title=\"R:\\SoftwareFiles\\laragon\\www\\richminis\\vendor\\laravel\\framework\\src\\Illuminate\\Pipeline\\Pipeline.php:183
Stack level 29.\"><span class=\"sf-dump-ellipsis sf-dump-ellipsis-path\">R:\\SoftwareFiles\\laragon\\www\\richminis\\vendor</span><span class=\"sf-dump-ellipsis sf-dump-ellipsis-path\">\\laravel\\framework\\</span>src\\Illuminate\\Pipeline\\Pipeline.php:183</span> { &#8230;5}
      <span class=sf-dump-meta title=\"R:\\SoftwareFiles\\laragon\\www\\richminis\\vendor\\laravel\\framework\\src\\Illuminate\\Pipeline\\Pipeline.php:119
Stack level 28.\"><span class=\"sf-dump-ellipsis sf-dump-ellipsis-path\">R:\\SoftwareFiles\\laragon\\www\\richminis\\vendor</span><span class=\"sf-dump-ellipsis sf-dump-ellipsis-path\">\\laravel\\framework\\</span>src\\Illuminate\\Pipeline\\Pipeline.php:119</span> { &#8230;5}
      <span class=sf-dump-meta title=\"R:\\SoftwareFiles\\laragon\\www\\richminis\\vendor\\laravel\\framework\\src\\Illuminate\\Routing\\Router.php:805
Stack level 27.\"><span class=\"sf-dump-ellipsis sf-dump-ellipsis-path\">R:\\SoftwareFiles\\laragon\\www\\richminis\\vendor</span><span class=\"sf-dump-ellipsis sf-dump-ellipsis-path\">\\laravel\\framework\\</span>src\\Illuminate\\Routing\\Router.php:805</span> { &#8230;5}
      <span class=sf-dump-meta title=\"R:\\SoftwareFiles\\laragon\\www\\richminis\\vendor\\laravel\\framework\\src\\Illuminate\\Routing\\Router.php:784
Stack level 26.\"><span class=\"sf-dump-ellipsis sf-dump-ellipsis-path\">R:\\SoftwareFiles\\laragon\\www\\richminis\\vendor</span><span class=\"sf-dump-ellipsis sf-dump-ellipsis-path\">\\laravel\\framework\\</span>src\\Illuminate\\Routing\\Router.php:784</span> { &#8230;5}
      <span class=sf-dump-meta title=\"R:\\SoftwareFiles\\laragon\\www\\richminis\\vendor\\laravel\\framework\\src\\Illuminate\\Routing\\Router.php:748
Stack level 25.\"><span class=\"sf-dump-ellipsis sf-dump-ellipsis-path\">R:\\SoftwareFiles\\laragon\\www\\richminis\\vendor</span><span class=\"sf-dump-ellipsis sf-dump-ellipsis-path\">\\laravel\\framework\\</span>src\\Illuminate\\Routing\\Router.php:748</span> { &#8230;5}
      <span class=sf-dump-meta title=\"R:\\SoftwareFiles\\laragon\\www\\richminis\\vendor\\laravel\\framework\\src\\Illuminate\\Routing\\Router.php:737
Stack level 24.\"><span class=\"sf-dump-ellipsis sf-dump-ellipsis-path\">R:\\SoftwareFiles\\laragon\\www\\richminis\\vendor</span><span class=\"sf-dump-ellipsis sf-dump-ellipsis-path\">\\laravel\\framework\\</span>src\\Illuminate\\Routing\\Router.php:737</span> { &#8230;5}
      <span class=sf-dump-meta title=\"R:\\SoftwareFiles\\laragon\\www\\richminis\\vendor\\laravel\\framework\\src\\Illuminate\\Foundation\\Http\\Kernel.php:200
Stack level 23.\"><span class=\"sf-dump-ellipsis sf-dump-ellipsis-path\">R:\\SoftwareFiles\\laragon\\www\\richminis\\vendor</span><span class=\"sf-dump-ellipsis sf-dump-ellipsis-path\">\\laravel\\framework\\</span>src\\Illuminate\\Foundation\\Http\\Kernel.php:200</span> { &#8230;5}
      <span class=sf-dump-meta title=\"R:\\SoftwareFiles\\laragon\\www\\richminis\\vendor\\laravel\\framework\\src\\Illuminate\\Pipeline\\Pipeline.php:144
Stack level 22.\"><span class=\"sf-dump-ellipsis sf-dump-ellipsis-path\">R:\\SoftwareFiles\\laragon\\www\\richminis\\vendor</span><span class=\"sf-dump-ellipsis sf-dump-ellipsis-path\">\\laravel\\framework\\</span>src\\Illuminate\\Pipeline\\Pipeline.php:144</span> { &#8230;5}
      <span class=sf-dump-meta title=\"R:\\SoftwareFiles\\laragon\\www\\richminis\\vendor\\barryvdh\\laravel-debugbar\\src\\Middleware\\InjectDebugbar.php:59
Stack level 21.\"><span class=\"sf-dump-ellipsis sf-dump-ellipsis-path\">R:\\SoftwareFiles\\laragon\\www\\richminis\\vendor</span><span class=\"sf-dump-ellipsis sf-dump-ellipsis-path\">\\barryvdh\\laravel-debugbar\\</span>src\\Middleware\\InjectDebugbar.php:59</span> { &#8230;5}
      <span class=sf-dump-meta title=\"R:\\SoftwareFiles\\laragon\\www\\richminis\\vendor\\laravel\\framework\\src\\Illuminate\\Pipeline\\Pipeline.php:183
Stack level 20.\"><span class=\"sf-dump-ellipsis sf-dump-ellipsis-path\">R:\\SoftwareFiles\\laragon\\www\\richminis\\vendor</span><span class=\"sf-dump-ellipsis sf-dump-ellipsis-path\">\\laravel\\framework\\</span>src\\Illuminate\\Pipeline\\Pipeline.php:183</span> { &#8230;5}
      <span class=sf-dump-meta title=\"R:\\SoftwareFiles\\laragon\\www\\richminis\\vendor\\laravel\\framework\\src\\Illuminate\\View\\Middleware\\ShareErrorsFromSession.php:49
Stack level 19.\"><span class=\"sf-dump-ellipsis sf-dump-ellipsis-path\">R:\\SoftwareFiles\\laragon\\www\\richminis\\vendor</span><span class=\"sf-dump-ellipsis sf-dump-ellipsis-path\">\\laravel\\framework\\</span>src\\Illuminate\\View\\Middleware\\ShareErrorsFromSession.php:49</span> { &#8230;5}
      <span class=sf-dump-meta title=\"R:\\SoftwareFiles\\laragon\\www\\richminis\\vendor\\laravel\\framework\\src\\Illuminate\\Pipeline\\Pipeline.php:183
Stack level 18.\"><span class=\"sf-dump-ellipsis sf-dump-ellipsis-path\">R:\\SoftwareFiles\\laragon\\www\\richminis\\vendor</span><span class=\"sf-dump-ellipsis sf-dump-ellipsis-path\">\\laravel\\framework\\</span>src\\Illuminate\\Pipeline\\Pipeline.php:183</span> { &#8230;5}
      <span class=sf-dump-meta title=\"R:\\SoftwareFiles\\laragon\\www\\richminis\\vendor\\laravel\\framework\\src\\Illuminate\\Session\\Middleware\\StartSession.php:121
Stack level 17.\"><span class=\"sf-dump-ellipsis sf-dump-ellipsis-path\">R:\\SoftwareFiles\\laragon\\www\\richminis\\vendor</span><span class=\"sf-dump-ellipsis sf-dump-ellipsis-path\">\\laravel\\framework\\</span>src\\Illuminate\\Session\\Middleware\\StartSession.php:121</span> { &#8230;5}
      <span class=sf-dump-meta title=\"R:\\SoftwareFiles\\laragon\\www\\richminis\\vendor\\laravel\\framework\\src\\Illuminate\\Session\\Middleware\\StartSession.php:64
Stack level 16.\"><span class=\"sf-dump-ellipsis sf-dump-ellipsis-path\">R:\\SoftwareFiles\\laragon\\www\\richminis\\vendor</span><span class=\"sf-dump-ellipsis sf-dump-ellipsis-path\">\\laravel\\framework\\</span>src\\Illuminate\\Session\\Middleware\\StartSession.php:64</span> { &#8230;5}
      <span class=sf-dump-meta title=\"R:\\SoftwareFiles\\laragon\\www\\richminis\\vendor\\laravel\\framework\\src\\Illuminate\\Pipeline\\Pipeline.php:183
Stack level 15.\"><span class=\"sf-dump-ellipsis sf-dump-ellipsis-path\">R:\\SoftwareFiles\\laragon\\www\\richminis\\vendor</span><span class=\"sf-dump-ellipsis sf-dump-ellipsis-path\">\\laravel\\framework\\</span>src\\Illuminate\\Pipeline\\Pipeline.php:183</span> { &#8230;5}
      <span class=sf-dump-meta title=\"R:\\SoftwareFiles\\laragon\\www\\richminis\\vendor\\laravel\\framework\\src\\Illuminate\\Http\\Middleware\\TrustProxies.php:39
Stack level 14.\"><span class=\"sf-dump-ellipsis sf-dump-ellipsis-path\">R:\\SoftwareFiles\\laragon\\www\\richminis\\vendor</span><span class=\"sf-dump-ellipsis sf-dump-ellipsis-path\">\\laravel\\framework\\</span>src\\Illuminate\\Http\\Middleware\\TrustProxies.php:39</span> { &#8230;5}
      <span class=sf-dump-meta title=\"R:\\SoftwareFiles\\laragon\\www\\richminis\\vendor\\laravel\\framework\\src\\Illuminate\\Pipeline\\Pipeline.php:183
Stack level 13.\"><span class=\"sf-dump-ellipsis sf-dump-ellipsis-path\">R:\\SoftwareFiles\\laragon\\www\\richminis\\vendor</span><span class=\"sf-dump-ellipsis sf-dump-ellipsis-path\">\\laravel\\framework\\</span>src\\Illuminate\\Pipeline\\Pipeline.php:183</span> { &#8230;5}
      <span class=sf-dump-meta title=\"R:\\SoftwareFiles\\laragon\\www\\richminis\\vendor\\laravel\\framework\\src\\Illuminate\\Foundation\\Http\\Middleware\\TransformsRequest.php:21
Stack level 12.\"><span class=\"sf-dump-ellipsis sf-dump-ellipsis-path\">R:\\SoftwareFiles\\laragon\\www\\richminis\\vendor</span><span class=\"sf-dump-ellipsis sf-dump-ellipsis-path\">\\laravel\\framework\\</span>src\\Illuminate\\Foundation\\Http\\Middleware\\TransformsRequest.php:21</span> { &#8230;5}
      <span class=sf-dump-meta title=\"R:\\SoftwareFiles\\laragon\\www\\richminis\\vendor\\laravel\\framework\\src\\Illuminate\\Foundation\\Http\\Middleware\\ConvertEmptyStringsToNull.php:31
Stack level 11.\"><span class=\"sf-dump-ellipsis sf-dump-ellipsis-path\">R:\\SoftwareFiles\\laragon\\www\\richminis\\vendor</span><span class=\"sf-dump-ellipsis sf-dump-ellipsis-path\">\\laravel\\framework\\</span>src\\Illuminate\\Foundation\\Http\\Middleware\\ConvertEmptyStringsToNull.php:31</span> { &#8230;5}
      <span class=sf-dump-meta title=\"R:\\SoftwareFiles\\laragon\\www\\richminis\\vendor\\laravel\\framework\\src\\Illuminate\\Pipeline\\Pipeline.php:183
Stack level 10.\"><span class=\"sf-dump-ellipsis sf-dump-ellipsis-path\">R:\\SoftwareFiles\\laragon\\www\\richminis\\vendor</span><span class=\"sf-dump-ellipsis sf-dump-ellipsis-path\">\\laravel\\framework\\</span>src\\Illuminate\\Pipeline\\Pipeline.php:183</span> { &#8230;5}
      <span class=sf-dump-meta title=\"R:\\SoftwareFiles\\laragon\\www\\richminis\\vendor\\laravel\\framework\\src\\Illuminate\\Foundation\\Http\\Middleware\\TransformsRequest.php:21
Stack level 9.\"><span class=\"sf-dump-ellipsis sf-dump-ellipsis-path\">R:\\SoftwareFiles\\laragon\\www\\richminis\\vendor</span><span class=\"sf-dump-ellipsis sf-dump-ellipsis-path\">\\laravel\\framework\\</span>src\\Illuminate\\Foundation\\Http\\Middleware\\TransformsRequest.php:21</span> { &#8230;5}
      <span class=sf-dump-meta title=\"R:\\SoftwareFiles\\laragon\\www\\richminis\\vendor\\laravel\\framework\\src\\Illuminate\\Foundation\\Http\\Middleware\\TrimStrings.php:40
Stack level 8.\"><span class=\"sf-dump-ellipsis sf-dump-ellipsis-path\">R:\\SoftwareFiles\\laragon\\www\\richminis\\vendor</span><span class=\"sf-dump-ellipsis sf-dump-ellipsis-path\">\\laravel\\framework\\</span>src\\Illuminate\\Foundation\\Http\\Middleware\\TrimStrings.php:40</span> { &#8230;5}
      <span class=sf-dump-meta title=\"R:\\SoftwareFiles\\laragon\\www\\richminis\\vendor\\laravel\\framework\\src\\Illuminate\\Pipeline\\Pipeline.php:183
Stack level 7.\"><span class=\"sf-dump-ellipsis sf-dump-ellipsis-path\">R:\\SoftwareFiles\\laragon\\www\\richminis\\vendor</span><span class=\"sf-dump-ellipsis sf-dump-ellipsis-path\">\\laravel\\framework\\</span>src\\Illuminate\\Pipeline\\Pipeline.php:183</span> { &#8230;5}
      <span class=sf-dump-meta title=\"R:\\SoftwareFiles\\laragon\\www\\richminis\\vendor\\laravel\\framework\\src\\Illuminate\\Foundation\\Http\\Middleware\\ValidatePostSize.php:27
Stack level 6.\"><span class=\"sf-dump-ellipsis sf-dump-ellipsis-path\">R:\\SoftwareFiles\\laragon\\www\\richminis\\vendor</span><span class=\"sf-dump-ellipsis sf-dump-ellipsis-path\">\\laravel\\framework\\</span>src\\Illuminate\\Foundation\\Http\\Middleware\\ValidatePostSize.php:27</span> { &#8230;5}
      <span class=sf-dump-meta title=\"R:\\SoftwareFiles\\laragon\\www\\richminis\\vendor\\laravel\\framework\\src\\Illuminate\\Pipeline\\Pipeline.php:183
Stack level 5.\"><span class=\"sf-dump-ellipsis sf-dump-ellipsis-path\">R:\\SoftwareFiles\\laragon\\www\\richminis\\vendor</span><span class=\"sf-dump-ellipsis sf-dump-ellipsis-path\">\\laravel\\framework\\</span>src\\Illuminate\\Pipeline\\Pipeline.php:183</span> { &#8230;5}
      <span class=sf-dump-meta title=\"R:\\SoftwareFiles\\laragon\\www\\richminis\\vendor\\laravel\\framework\\src\\Illuminate\\Pipeline\\Pipeline.php:119
Stack level 4.\"><span class=\"sf-dump-ellipsis sf-dump-ellipsis-path\">R:\\SoftwareFiles\\laragon\\www\\richminis\\vendor</span><span class=\"sf-dump-ellipsis sf-dump-ellipsis-path\">\\laravel\\framework\\</span>src\\Illuminate\\Pipeline\\Pipeline.php:119</span> { &#8230;5}
      <span class=sf-dump-meta title=\"R:\\SoftwareFiles\\laragon\\www\\richminis\\vendor\\laravel\\framework\\src\\Illuminate\\Foundation\\Http\\Kernel.php:175
Stack level 3.\"><span class=\"sf-dump-ellipsis sf-dump-ellipsis-path\">R:\\SoftwareFiles\\laragon\\www\\richminis\\vendor</span><span class=\"sf-dump-ellipsis sf-dump-ellipsis-path\">\\laravel\\framework\\</span>src\\Illuminate\\Foundation\\Http\\Kernel.php:175</span> { &#8230;5}
      <span class=sf-dump-meta title=\"R:\\SoftwareFiles\\laragon\\www\\richminis\\vendor\\laravel\\framework\\src\\Illuminate\\Foundation\\Http\\Kernel.php:144
Stack level 2.\"><span class=\"sf-dump-ellipsis sf-dump-ellipsis-path\">R:\\SoftwareFiles\\laragon\\www\\richminis\\vendor</span><span class=\"sf-dump-ellipsis sf-dump-ellipsis-path\">\\laravel\\framework\\</span>src\\Illuminate\\Foundation\\Http\\Kernel.php:144</span> { &#8230;5}
      <span class=sf-dump-meta title=\"R:\\SoftwareFiles\\laragon\\www\\richminis\\index.php:56
Stack level 1.\"><span class=\"sf-dump-ellipsis sf-dump-ellipsis-path\">R:\\SoftwareFiles\\laragon\\www\\richminis</span><span class=\"sf-dump-ellipsis sf-dump-ellipsis-path\">\\</span>index.php:56</span> { &#8230;4}
    </samp>}
  </samp>}
  -<span class=sf-dump-private title=\"Private property defined in class:&#10;`Symfony\\Component\\HttpKernel\\Exception\\HttpException`\">statusCode</span>: <span class=sf-dump-num>500</span>
  -<span class=sf-dump-private title=\"Private property defined in class:&#10;`Symfony\\Component\\HttpKernel\\Exception\\HttpException`\">headers</span>: []
  <span class=sf-dump-meta>trace</span>: {<samp data-depth=2 class=sf-dump-compact>
    <span class=sf-dump-meta title=\"R:\\SoftwareFiles\\laragon\\www\\richminis\\vendor\\laravel\\framework\\src\\Illuminate\\Foundation\\Exceptions\\Handler.php:646
Stack level 46.\"><span class=\"sf-dump-ellipsis sf-dump-ellipsis-path\">R:\\SoftwareFiles\\laragon\\www\\richminis\\vendor</span><span class=\"sf-dump-ellipsis sf-dump-ellipsis-path\">\\laravel\\framework\\</span>src\\Illuminate\\Foundation\\Exceptions\\Handler.php:646</span> {<samp data-depth=3 class=sf-dump-compact>
      <span class=sf-dump-note title=\"Illuminate\\Foundation\\Exceptions\\Handler-&gt;prepareResponse($request, Throwable $e)
\"><span class=\"sf-dump-ellipsis sf-dump-ellipsis-note\">Illuminate\\Foundation\\Exceptions</span><span class=\"sf-dump-ellipsis sf-dump-ellipsis-note\">\\</span>Handler-&gt;prepareResponse($request, Throwable $e)</span> &#8230;
      &#8250; <code class=\"php\"><span class=sf-dump-default>if (! $this-&gt;isHttpException($e)) {</span></code>
      &#8250; <code class=\"php\"><span class=sf-dump-const title=\"in Illuminate\\Foundation\\Exceptions\\Handler-&gt;prepareResponse($request, Throwable $e)\">    $e = new HttpException(500, $e-&gt;getMessage(), $e);</span></code>
      &#8250; <code class=\"php\"><span class=sf-dump-default>}</span></code>
    </samp>}
    <span class=sf-dump-meta title=\"R:\\SoftwareFiles\\laragon\\www\\richminis\\vendor\\laravel\\framework\\src\\Illuminate\\Foundation\\Exceptions\\Handler.php:556
Stack level 45.\"><span class=\"sf-dump-ellipsis sf-dump-ellipsis-path\">R:\\SoftwareFiles\\laragon\\www\\richminis\\vendor</span><span class=\"sf-dump-ellipsis sf-dump-ellipsis-path\">\\laravel\\framework\\</span>src\\Illuminate\\Foundation\\Exceptions\\Handler.php:556</span> {<samp data-depth=3 class=sf-dump-compact>
      <span class=sf-dump-note title=\"Illuminate\\Foundation\\Exceptions\\Handler-&gt;renderExceptionResponse($request, Throwable $e)
\"><span class=\"sf-dump-ellipsis sf-dump-ellipsis-note\">Illuminate\\Foundation\\Exceptions</span><span class=\"sf-dump-ellipsis sf-dump-ellipsis-note\">\\</span>Handler-&gt;renderExceptionResponse($request, Throwable $e)</span> &#8230;
      &#8250; <code class=\"php\"><span class=sf-dump-default>                ? $this-&gt;prepareJsonResponse($request, $e)</span></code>
      &#8250; <code class=\"php\"><span class=sf-dump-const title=\"in Illuminate\\Foundation\\Exceptions\\Handler-&gt;renderExceptionResponse($request, Throwable $e)\">                : $this-&gt;prepareResponse($request, $e);</span></code>
      &#8250; <code class=\"php\"><span class=sf-dump-default>}</span></code>
      <span class=sf-dump-meta>arguments</span>: { &#8230;2}
    </samp>}
    <span class=sf-dump-meta title=\"R:\\SoftwareFiles\\laragon\\www\\richminis\\vendor\\laravel\\framework\\src\\Illuminate\\Foundation\\Exceptions\\Handler.php:473
Stack level 44.\"><span class=\"sf-dump-ellipsis sf-dump-ellipsis-path\">R:\\SoftwareFiles\\laragon\\www\\richminis\\vendor</span><span class=\"sf-dump-ellipsis sf-dump-ellipsis-path\">\\laravel\\framework\\</span>src\\Illuminate\\Foundation\\Exceptions\\Handler.php:473</span> {<samp data-depth=3 class=sf-dump-compact>
      <span class=sf-dump-note title=\"Illuminate\\Foundation\\Exceptions\\Handler-&gt;render($request, Throwable $e)
\"><span class=\"sf-dump-ellipsis sf-dump-ellipsis-note\">Illuminate\\Foundation\\Exceptions</span><span class=\"sf-dump-ellipsis sf-dump-ellipsis-note\">\\</span>Handler-&gt;render($request, Throwable $e)</span> &#8230;
      &#8250; <code class=\"php\"><span class=sf-dump-default>    $e instanceof ValidationException =&gt; $this-&gt;convertValidationExceptionToResponse($e, $request),</span></code>
      &#8250; <code class=\"php\"><span class=sf-dump-const title=\"in Illuminate\\Foundation\\Exceptions\\Handler-&gt;render($request, Throwable $e)\">    default =&gt; $this-&gt;renderExceptionResponse($request, $e),</span></code>
      &#8250; <code class=\"php\"><span class=sf-dump-default>};</span></code>
      <span class=sf-dump-meta>arguments</span>: { &#8230;2}
    </samp>}
    <span class=sf-dump-meta title=\"R:\\SoftwareFiles\\laragon\\www\\richminis\\app\\Exceptions\\Handler.php:59
Stack level 43.\"><span class=\"sf-dump-ellipsis sf-dump-ellipsis-path\">R:\\SoftwareFiles\\laragon\\www\\richminis</span><span class=\"sf-dump-ellipsis sf-dump-ellipsis-path\">\\</span>app\\Exceptions\\Handler.php:59</span> {<samp data-depth=3 class=sf-dump-compact>
      <span class=sf-dump-note title=\"App\\Exceptions\\Handler-&gt;render($request, Throwable $e)
\"><span class=\"sf-dump-ellipsis sf-dump-ellipsis-note\">App\\Exceptions</span><span class=\"sf-dump-ellipsis sf-dump-ellipsis-note\">\\</span>Handler-&gt;render($request, Throwable $e)</span> &#8230;
      &#8250; <code class=\"php\"><span class=sf-dump-default>{<span class=\"sf-dump-default sf-dump-ns\">\\r</span></span></code>
      &#8250; <code class=\"php\"><span class=sf-dump-const title=\"in App\\Exceptions\\Handler-&gt;render($request, Throwable $e)\">    return parent::render($request, $e);<span class=\"sf-dump-default sf-dump-ns\">\\r</span></span></code>
      &#8250; <code class=\"php\"><span class=sf-dump-default>}<span class=\"sf-dump-default sf-dump-ns\">\\r</span></span></code>
      <span class=sf-dump-meta>arguments</span>: { &#8230;2}
    </samp>}
    <span class=sf-dump-meta title=\"R:\\SoftwareFiles\\laragon\\www\\richminis\\vendor\\laravel\\framework\\src\\Illuminate\\Routing\\Pipeline.php:51
Stack level 42.\"><span class=\"sf-dump-ellipsis sf-dump-ellipsis-path\">R:\\SoftwareFiles\\laragon\\www\\richminis\\vendor</span><span class=\"sf-dump-ellipsis sf-dump-ellipsis-path\">\\laravel\\framework\\</span>src\\Illuminate\\Routing\\Pipeline.php:51</span> {<samp data-depth=3 class=sf-dump-compact>
      <span class=sf-dump-note title=\"Illuminate\\Routing\\Pipeline-&gt;handleException($passable, Throwable $e)
\"><span class=\"sf-dump-ellipsis sf-dump-ellipsis-note\">Illuminate\\Routing</span><span class=\"sf-dump-ellipsis sf-dump-ellipsis-note\">\\</span>Pipeline-&gt;handleException($passable, Throwable $e)</span> &#8230;
      &#8250; 
      &#8250; <code class=\"php\"><span class=sf-dump-const title=\"in Illuminate\\Routing\\Pipeline-&gt;handleException($passable, Throwable $e)\">$response = $handler-&gt;render($passable, $e);</span></code>
      &#8250; 
      <span class=sf-dump-meta>arguments</span>: { &#8230;2}
    </samp>}
    <span class=sf-dump-meta title=\"R:\\SoftwareFiles\\laragon\\www\\richminis\\vendor\\laravel\\framework\\src\\Illuminate\\Pipeline\\Pipeline.php:146
Stack level 41.\"><span class=\"sf-dump-ellipsis sf-dump-ellipsis-path\">R:\\SoftwareFiles\\laragon\\www\\richminis\\vendor</span><span class=\"sf-dump-ellipsis sf-dump-ellipsis-path\">\\laravel\\framework\\</span>src\\Illuminate\\Pipeline\\Pipeline.php:146</span> {<samp data-depth=3 class=sf-dump-compact>
      <span class=sf-dump-note title=\"Illuminate\\Pipeline\\Pipeline-&gt;Illuminate\\Pipeline\\{closure}
\"><span class=\"sf-dump-ellipsis sf-dump-ellipsis-note\">Illuminate\\Pipeline\\Pipeline-&gt;Illuminate\\Pipeline</span><span class=\"sf-dump-ellipsis sf-dump-ellipsis-note\">\\</span>{closure}</span> &#8230;
      &#8250; <code class=\"php\"><span class=sf-dump-default>} catch (Throwable $e) {</span></code>
      &#8250; <code class=\"php\"><span class=sf-dump-const title=\"in Illuminate\\Pipeline\\Pipeline-&gt;Illuminate\\Pipeline\\{closure}\">    return $this-&gt;handleException($passable, $e);</span></code>
      &#8250; <code class=\"php\"><span class=sf-dump-default>}</span></code>
      <span class=sf-dump-meta>arguments</span>: { &#8230;2}
    </samp>}
    <span class=sf-dump-meta title=\"R:\\SoftwareFiles\\laragon\\www\\richminis\\app\\Http\\Middleware\\CheckForMaintenanceMode.php:64
Stack level 40.\"><span class=\"sf-dump-ellipsis sf-dump-ellipsis-path\">R:\\SoftwareFiles\\laragon\\www\\richminis</span><span class=\"sf-dump-ellipsis sf-dump-ellipsis-path\">\\</span>app\\Http\\Middleware\\CheckForMaintenanceMode.php:64</span> {<samp data-depth=3 class=sf-dump-compact>
      <span class=sf-dump-note title=\"App\\Http\\Middleware\\CheckForMaintenanceMode-&gt;handle($request, Closure $next)
\"><span class=\"sf-dump-ellipsis sf-dump-ellipsis-note\">App\\Http\\Middleware</span><span class=\"sf-dump-ellipsis sf-dump-ellipsis-note\">\\</span>CheckForMaintenanceMode-&gt;handle($request, Closure $next)</span> &#8230;
      &#8250; <code class=\"php\"><span class=sf-dump-default><span class=\"sf-dump-default sf-dump-ns\">\\r</span></span></code>
      &#8250; <code class=\"php\"><span class=sf-dump-const title=\"in App\\Http\\Middleware\\CheckForMaintenanceMode-&gt;handle($request, Closure $next)\">    return $next($request);<span class=\"sf-dump-default sf-dump-ns\">\\r</span></span></code>
      &#8250; <code class=\"php\"><span class=sf-dump-default>}<span class=\"sf-dump-default sf-dump-ns\">\\r</span></span></code>
      <span class=sf-dump-meta>arguments</span>: { &#8230;1}
    </samp>}
    <span class=sf-dump-meta title=\"R:\\SoftwareFiles\\laragon\\www\\richminis\\vendor\\laravel\\framework\\src\\Illuminate\\Pipeline\\Pipeline.php:183
Stack level 39.\"><span class=\"sf-dump-ellipsis sf-dump-ellipsis-path\">R:\\SoftwareFiles\\laragon\\www\\richminis\\vendor</span><span class=\"sf-dump-ellipsis sf-dump-ellipsis-path\">\\laravel\\framework\\</span>src\\Illuminate\\Pipeline\\Pipeline.php:183</span> {<samp data-depth=3 class=sf-dump-compact>
      <span class=sf-dump-note title=\"Illuminate\\Pipeline\\Pipeline-&gt;Illuminate\\Pipeline\\{closure}
\"><span class=\"sf-dump-ellipsis sf-dump-ellipsis-note\">Illuminate\\Pipeline\\Pipeline-&gt;Illuminate\\Pipeline</span><span class=\"sf-dump-ellipsis sf-dump-ellipsis-note\">\\</span>{closure}</span> &#8230;
      &#8250; <code class=\"php\"><span class=sf-dump-default>$carry = method_exists($pipe, $this-&gt;method)</span></code>
      &#8250; <code class=\"php\"><span class=sf-dump-const title=\"in Illuminate\\Pipeline\\Pipeline-&gt;Illuminate\\Pipeline\\{closure}\">                ? $pipe-&gt;{$this-&gt;method}(...$parameters)</span></code>
      &#8250; <code class=\"php\"><span class=sf-dump-default>                : $pipe(...$parameters);</span></code>
      <span class=sf-dump-meta>arguments</span>: { &#8230;2}
    </samp>}
    <span class=sf-dump-meta title=\"R:\\SoftwareFiles\\laragon\\www\\richminis\\app\\Http\\Middleware\\HttpsProtocol.php:20
Stack level 38.\"><span class=\"sf-dump-ellipsis sf-dump-ellipsis-path\">R:\\SoftwareFiles\\laragon\\www\\richminis</span><span class=\"sf-dump-ellipsis sf-dump-ellipsis-path\">\\</span>app\\Http\\Middleware\\HttpsProtocol.php:20</span> {<samp data-depth=3 class=sf-dump-compact>
      <span class=sf-dump-note title=\"App\\Http\\Middleware\\HttpsProtocol-&gt;handle($request, Closure $next)
\"><span class=\"sf-dump-ellipsis sf-dump-ellipsis-note\">App\\Http\\Middleware</span><span class=\"sf-dump-ellipsis sf-dump-ellipsis-note\">\\</span>HttpsProtocol-&gt;handle($request, Closure $next)</span> &#8230;
      &#8250; <code class=\"php\"><span class=sf-dump-default>    }<span class=\"sf-dump-default sf-dump-ns\">\\r</span></span></code>
      &#8250; <code class=\"php\"><span class=sf-dump-const title=\"in App\\Http\\Middleware\\HttpsProtocol-&gt;handle($request, Closure $next)\">    return $next($request);<span class=\"sf-dump-default sf-dump-ns\">\\r</span></span></code>
      &#8250; <code class=\"php\"><span class=sf-dump-default>}<span class=\"sf-dump-default sf-dump-ns\">\\r</span></span></code>
      <span class=sf-dump-meta>arguments</span>: { &#8230;1}
    </samp>}
    <span class=sf-dump-meta title=\"R:\\SoftwareFiles\\laragon\\www\\richminis\\vendor\\laravel\\framework\\src\\Illuminate\\Pipeline\\Pipeline.php:183
Stack level 37.\"><span class=\"sf-dump-ellipsis sf-dump-ellipsis-path\">R:\\SoftwareFiles\\laragon\\www\\richminis\\vendor</span><span class=\"sf-dump-ellipsis sf-dump-ellipsis-path\">\\laravel\\framework\\</span>src\\Illuminate\\Pipeline\\Pipeline.php:183</span> {<samp data-depth=3 class=sf-dump-compact>
      <span class=sf-dump-note title=\"Illuminate\\Pipeline\\Pipeline-&gt;Illuminate\\Pipeline\\{closure}
\"><span class=\"sf-dump-ellipsis sf-dump-ellipsis-note\">Illuminate\\Pipeline\\Pipeline-&gt;Illuminate\\Pipeline</span><span class=\"sf-dump-ellipsis sf-dump-ellipsis-note\">\\</span>{closure}</span> &#8230;
      &#8250; <code class=\"php\"><span class=sf-dump-default>$carry = method_exists($pipe, $this-&gt;method)</span></code>
      &#8250; <code class=\"php\"><span class=sf-dump-const title=\"in Illuminate\\Pipeline\\Pipeline-&gt;Illuminate\\Pipeline\\{closure}\">                ? $pipe-&gt;{$this-&gt;method}(...$parameters)</span></code>
      &#8250; <code class=\"php\"><span class=sf-dump-default>                : $pipe(...$parameters);</span></code>
      <span class=sf-dump-meta>arguments</span>: { &#8230;2}
    </samp>}
    <span class=sf-dump-meta title=\"R:\\SoftwareFiles\\laragon\\www\\richminis\\app\\Http\\Middleware\\Language.php:35
Stack level 36.\"><span class=\"sf-dump-ellipsis sf-dump-ellipsis-path\">R:\\SoftwareFiles\\laragon\\www\\richminis</span><span class=\"sf-dump-ellipsis sf-dump-ellipsis-path\">\\</span>app\\Http\\Middleware\\Language.php:35</span> {<samp data-depth=3 class=sf-dump-compact>
      <span class=sf-dump-note title=\"App\\Http\\Middleware\\Language-&gt;handle($request, Closure $next)
\"><span class=\"sf-dump-ellipsis sf-dump-ellipsis-note\">App\\Http\\Middleware</span><span class=\"sf-dump-ellipsis sf-dump-ellipsis-note\">\\</span>Language-&gt;handle($request, Closure $next)</span> &#8230;
      &#8250; <code class=\"php\"><span class=sf-dump-default><span class=\"sf-dump-default sf-dump-ns\">\\r</span></span></code>
      &#8250; <code class=\"php\"><span class=sf-dump-const title=\"in App\\Http\\Middleware\\Language-&gt;handle($request, Closure $next)\">    return $next($request);<span class=\"sf-dump-default sf-dump-ns\">\\r</span></span></code>
      &#8250; <code class=\"php\"><span class=sf-dump-default>}<span class=\"sf-dump-default sf-dump-ns\">\\r</span></span></code>
      <span class=sf-dump-meta>arguments</span>: { &#8230;1}
    </samp>}
    <span class=sf-dump-meta title=\"R:\\SoftwareFiles\\laragon\\www\\richminis\\vendor\\laravel\\framework\\src\\Illuminate\\Pipeline\\Pipeline.php:183
Stack level 35.\"><span class=\"sf-dump-ellipsis sf-dump-ellipsis-path\">R:\\SoftwareFiles\\laragon\\www\\richminis\\vendor</span><span class=\"sf-dump-ellipsis sf-dump-ellipsis-path\">\\laravel\\framework\\</span>src\\Illuminate\\Pipeline\\Pipeline.php:183</span> {<samp data-depth=3 class=sf-dump-compact>
      <span class=sf-dump-note title=\"Illuminate\\Pipeline\\Pipeline-&gt;Illuminate\\Pipeline\\{closure}
\"><span class=\"sf-dump-ellipsis sf-dump-ellipsis-note\">Illuminate\\Pipeline\\Pipeline-&gt;Illuminate\\Pipeline</span><span class=\"sf-dump-ellipsis sf-dump-ellipsis-note\">\\</span>{closure}</span> &#8230;
      &#8250; <code class=\"php\"><span class=sf-dump-default>$carry = method_exists($pipe, $this-&gt;method)</span></code>
      &#8250; <code class=\"php\"><span class=sf-dump-const title=\"in Illuminate\\Pipeline\\Pipeline-&gt;Illuminate\\Pipeline\\{closure}\">                ? $pipe-&gt;{$this-&gt;method}(...$parameters)</span></code>
      &#8250; <code class=\"php\"><span class=sf-dump-default>                : $pipe(...$parameters);</span></code>
      <span class=sf-dump-meta>arguments</span>: { &#8230;2}
    </samp>}
    <span class=sf-dump-meta title=\"R:\\SoftwareFiles\\laragon\\www\\richminis\\vendor\\laravel\\framework\\src\\Illuminate\\Routing\\Middleware\\SubstituteBindings.php:50
Stack level 34.\"><span class=\"sf-dump-ellipsis sf-dump-ellipsis-path\">R:\\SoftwareFiles\\laragon\\www\\richminis\\vendor</span><span class=\"sf-dump-ellipsis sf-dump-ellipsis-path\">\\laravel\\framework\\</span>src\\Illuminate\\Routing\\Middleware\\SubstituteBindings.php:50</span> {<samp data-depth=3 class=sf-dump-compact>
      <span class=sf-dump-note title=\"Illuminate\\Routing\\Middleware\\SubstituteBindings-&gt;handle($request, Closure $next)
\"><span class=\"sf-dump-ellipsis sf-dump-ellipsis-note\">Illuminate\\Routing\\Middleware</span><span class=\"sf-dump-ellipsis sf-dump-ellipsis-note\">\\</span>SubstituteBindings-&gt;handle($request, Closure $next)</span> &#8230;
      &#8250; 
      &#8250; <code class=\"php\"><span class=sf-dump-const title=\"in Illuminate\\Routing\\Middleware\\SubstituteBindings-&gt;handle($request, Closure $next)\">    return $next($request);</span></code>
      &#8250; <code class=\"php\"><span class=sf-dump-default>}</span></code>
      <span class=sf-dump-meta>arguments</span>: { &#8230;1}
    </samp>}
    <span class=sf-dump-meta title=\"R:\\SoftwareFiles\\laragon\\www\\richminis\\vendor\\laravel\\framework\\src\\Illuminate\\Pipeline\\Pipeline.php:183
Stack level 33.\"><span class=\"sf-dump-ellipsis sf-dump-ellipsis-path\">R:\\SoftwareFiles\\laragon\\www\\richminis\\vendor</span><span class=\"sf-dump-ellipsis sf-dump-ellipsis-path\">\\laravel\\framework\\</span>src\\Illuminate\\Pipeline\\Pipeline.php:183</span> {<samp data-depth=3 class=sf-dump-compact>
      <span class=sf-dump-note title=\"Illuminate\\Pipeline\\Pipeline-&gt;Illuminate\\Pipeline\\{closure}
\"><span class=\"sf-dump-ellipsis sf-dump-ellipsis-note\">Illuminate\\Pipeline\\Pipeline-&gt;Illuminate\\Pipeline</span><span class=\"sf-dump-ellipsis sf-dump-ellipsis-note\">\\</span>{closure}</span> &#8230;
      &#8250; <code class=\"php\"><span class=sf-dump-default>$carry = method_exists($pipe, $this-&gt;method)</span></code>
      &#8250; <code class=\"php\"><span class=sf-dump-const title=\"in Illuminate\\Pipeline\\Pipeline-&gt;Illuminate\\Pipeline\\{closure}\">                ? $pipe-&gt;{$this-&gt;method}(...$parameters)</span></code>
      &#8250; <code class=\"php\"><span class=sf-dump-default>                : $pipe(...$parameters);</span></code>
      <span class=sf-dump-meta>arguments</span>: { &#8230;2}
    </samp>}
    <span class=sf-dump-meta title=\"R:\\SoftwareFiles\\laragon\\www\\richminis\\vendor\\laravel\\framework\\src\\Illuminate\\Foundation\\Http\\Middleware\\VerifyCsrfToken.php:78
Stack level 32.\"><span class=\"sf-dump-ellipsis sf-dump-ellipsis-path\">R:\\SoftwareFiles\\laragon\\www\\richminis\\vendor</span><span class=\"sf-dump-ellipsis sf-dump-ellipsis-path\">\\laravel\\framework\\</span>src\\Illuminate\\Foundation\\Http\\Middleware\\VerifyCsrfToken.php:78</span> {<samp data-depth=3 class=sf-dump-compact>
      <span class=sf-dump-note title=\"Illuminate\\Foundation\\Http\\Middleware\\VerifyCsrfToken-&gt;handle($request, Closure $next)
\"><span class=\"sf-dump-ellipsis sf-dump-ellipsis-note\">Illuminate\\Foundation\\Http\\Middleware</span><span class=\"sf-dump-ellipsis sf-dump-ellipsis-note\">\\</span>VerifyCsrfToken-&gt;handle($request, Closure $next)</span> &#8230;
      &#8250; <code class=\"php\"><span class=sf-dump-default>) {</span></code>
      &#8250; <code class=\"php\"><span class=sf-dump-const title=\"in Illuminate\\Foundation\\Http\\Middleware\\VerifyCsrfToken-&gt;handle($request, Closure $next)\">    return tap($next($request), function ($response) use ($request) {</span></code>
      &#8250; <code class=\"php\"><span class=sf-dump-default>        if ($this-&gt;shouldAddXsrfTokenCookie()) {</span></code>
      <span class=sf-dump-meta>arguments</span>: { &#8230;1}
    </samp>}
    <span class=sf-dump-meta title=\"R:\\SoftwareFiles\\laragon\\www\\richminis\\vendor\\laravel\\framework\\src\\Illuminate\\Pipeline\\Pipeline.php:183
Stack level 31.\"><span class=\"sf-dump-ellipsis sf-dump-ellipsis-path\">R:\\SoftwareFiles\\laragon\\www\\richminis\\vendor</span><span class=\"sf-dump-ellipsis sf-dump-ellipsis-path\">\\laravel\\framework\\</span>src\\Illuminate\\Pipeline\\Pipeline.php:183</span> {<samp data-depth=3 class=sf-dump-compact>
      <span class=sf-dump-note title=\"Illuminate\\Pipeline\\Pipeline-&gt;Illuminate\\Pipeline\\{closure}
\"><span class=\"sf-dump-ellipsis sf-dump-ellipsis-note\">Illuminate\\Pipeline\\Pipeline-&gt;Illuminate\\Pipeline</span><span class=\"sf-dump-ellipsis sf-dump-ellipsis-note\">\\</span>{closure}</span> &#8230;
      &#8250; <code class=\"php\"><span class=sf-dump-default>$carry = method_exists($pipe, $this-&gt;method)</span></code>
      &#8250; <code class=\"php\"><span class=sf-dump-const title=\"in Illuminate\\Pipeline\\Pipeline-&gt;Illuminate\\Pipeline\\{closure}\">                ? $pipe-&gt;{$this-&gt;method}(...$parameters)</span></code>
      &#8250; <code class=\"php\"><span class=sf-dump-default>                : $pipe(...$parameters);</span></code>
      <span class=sf-dump-meta>arguments</span>: { &#8230;2}
    </samp>}
    <span class=sf-dump-meta title=\"R:\\SoftwareFiles\\laragon\\www\\richminis\\vendor\\laravel\\framework\\src\\Illuminate\\Cookie\\Middleware\\AddQueuedCookiesToResponse.php:37
Stack level 30.\"><span class=\"sf-dump-ellipsis sf-dump-ellipsis-path\">R:\\SoftwareFiles\\laragon\\www\\richminis\\vendor</span><span class=\"sf-dump-ellipsis sf-dump-ellipsis-path\">\\laravel\\framework\\</span>src\\Illuminate\\Cookie\\Middleware\\AddQueuedCookiesToResponse.php:37</span> {<samp data-depth=3 class=sf-dump-compact>
      <span class=sf-dump-note title=\"Illuminate\\Cookie\\Middleware\\AddQueuedCookiesToResponse-&gt;handle($request, Closure $next)
\"><span class=\"sf-dump-ellipsis sf-dump-ellipsis-note\">Illuminate\\Cookie\\Middleware</span><span class=\"sf-dump-ellipsis sf-dump-ellipsis-note\">\\</span>AddQueuedCookiesToResponse-&gt;handle($request, Closure $next)</span> &#8230;
      &#8250; <code class=\"php\"><span class=sf-dump-default>{</span></code>
      &#8250; <code class=\"php\"><span class=sf-dump-const title=\"in Illuminate\\Cookie\\Middleware\\AddQueuedCookiesToResponse-&gt;handle($request, Closure $next)\">    $response = $next($request);</span></code>
      &#8250; 
      <span class=sf-dump-meta>arguments</span>: { &#8230;1}
    </samp>}
    <span class=sf-dump-meta title=\"R:\\SoftwareFiles\\laragon\\www\\richminis\\vendor\\laravel\\framework\\src\\Illuminate\\Pipeline\\Pipeline.php:183
Stack level 29.\"><span class=\"sf-dump-ellipsis sf-dump-ellipsis-path\">R:\\SoftwareFiles\\laragon\\www\\richminis\\vendor</span><span class=\"sf-dump-ellipsis sf-dump-ellipsis-path\">\\laravel\\framework\\</span>src\\Illuminate\\Pipeline\\Pipeline.php:183</span> {<samp data-depth=3 class=sf-dump-compact>
      <span class=sf-dump-note title=\"Illuminate\\Pipeline\\Pipeline-&gt;Illuminate\\Pipeline\\{closure}
\"><span class=\"sf-dump-ellipsis sf-dump-ellipsis-note\">Illuminate\\Pipeline\\Pipeline-&gt;Illuminate\\Pipeline</span><span class=\"sf-dump-ellipsis sf-dump-ellipsis-note\">\\</span>{closure}</span> &#8230;
      &#8250; <code class=\"php\"><span class=sf-dump-default>$carry = method_exists($pipe, $this-&gt;method)</span></code>
      &#8250; <code class=\"php\"><span class=sf-dump-const title=\"in Illuminate\\Pipeline\\Pipeline-&gt;Illuminate\\Pipeline\\{closure}\">                ? $pipe-&gt;{$this-&gt;method}(...$parameters)</span></code>
      &#8250; <code class=\"php\"><span class=sf-dump-default>                : $pipe(...$parameters);</span></code>
      <span class=sf-dump-meta>arguments</span>: { &#8230;2}
    </samp>}
    <span class=sf-dump-meta title=\"R:\\SoftwareFiles\\laragon\\www\\richminis\\vendor\\laravel\\framework\\src\\Illuminate\\Pipeline\\Pipeline.php:119
Stack level 28.\"><span class=\"sf-dump-ellipsis sf-dump-ellipsis-path\">R:\\SoftwareFiles\\laragon\\www\\richminis\\vendor</span><span class=\"sf-dump-ellipsis sf-dump-ellipsis-path\">\\laravel\\framework\\</span>src\\Illuminate\\Pipeline\\Pipeline.php:119</span> {<samp data-depth=3 class=sf-dump-compact>
      <span class=sf-dump-note title=\"Illuminate\\Pipeline\\Pipeline-&gt;then(Closure $destination)
\"><span class=\"sf-dump-ellipsis sf-dump-ellipsis-note\">Illuminate\\Pipeline</span><span class=\"sf-dump-ellipsis sf-dump-ellipsis-note\">\\</span>Pipeline-&gt;then(Closure $destination)</span> &#8230;
      &#8250; 
      &#8250; <code class=\"php\"><span class=sf-dump-const title=\"in Illuminate\\Pipeline\\Pipeline-&gt;then(Closure $destination)\">    return $pipeline($this-&gt;passable);</span></code>
      &#8250; <code class=\"php\"><span class=sf-dump-default>}</span></code>
      <span class=sf-dump-meta>arguments</span>: { &#8230;1}
    </samp>}
    <span class=sf-dump-meta title=\"R:\\SoftwareFiles\\laragon\\www\\richminis\\vendor\\laravel\\framework\\src\\Illuminate\\Routing\\Router.php:805
Stack level 27.\"><span class=\"sf-dump-ellipsis sf-dump-ellipsis-path\">R:\\SoftwareFiles\\laragon\\www\\richminis\\vendor</span><span class=\"sf-dump-ellipsis sf-dump-ellipsis-path\">\\laravel\\framework\\</span>src\\Illuminate\\Routing\\Router.php:805</span> {<samp data-depth=3 class=sf-dump-compact>
      <span class=sf-dump-note title=\"Illuminate\\Routing\\Router-&gt;runRouteWithinStack(Route $route, Request $request)
\"><span class=\"sf-dump-ellipsis sf-dump-ellipsis-note\">Illuminate\\Routing</span><span class=\"sf-dump-ellipsis sf-dump-ellipsis-note\">\\</span>Router-&gt;runRouteWithinStack(Route $route, Request $request)</span> &#8230;
      &#8250; <code class=\"php\"><span class=sf-dump-default>-&gt;through($middleware)</span></code>
      &#8250; <code class=\"php\"><span class=sf-dump-const title=\"in Illuminate\\Routing\\Router-&gt;runRouteWithinStack(Route $route, Request $request)\">-&gt;then(fn ($request) =&gt; $this-&gt;prepareResponse(</span></code>
      &#8250; <code class=\"php\"><span class=sf-dump-default>    $request, $route-&gt;run()</span></code>
      <span class=sf-dump-meta>arguments</span>: { &#8230;1}
    </samp>}
    <span class=sf-dump-meta title=\"R:\\SoftwareFiles\\laragon\\www\\richminis\\vendor\\laravel\\framework\\src\\Illuminate\\Routing\\Router.php:784
Stack level 26.\"><span class=\"sf-dump-ellipsis sf-dump-ellipsis-path\">R:\\SoftwareFiles\\laragon\\www\\richminis\\vendor</span><span class=\"sf-dump-ellipsis sf-dump-ellipsis-path\">\\laravel\\framework\\</span>src\\Illuminate\\Routing\\Router.php:784</span> {<samp data-depth=3 class=sf-dump-compact>
      <span class=sf-dump-note title=\"Illuminate\\Routing\\Router-&gt;runRoute(Request $request, Route $route)
\"><span class=\"sf-dump-ellipsis sf-dump-ellipsis-note\">Illuminate\\Routing</span><span class=\"sf-dump-ellipsis sf-dump-ellipsis-note\">\\</span>Router-&gt;runRoute(Request $request, Route $route)</span> &#8230;
      &#8250; <code class=\"php\"><span class=sf-dump-default>return $this-&gt;prepareResponse($request,</span></code>
      &#8250; <code class=\"php\"><span class=sf-dump-const title=\"in Illuminate\\Routing\\Router-&gt;runRoute(Request $request, Route $route)\">    $this-&gt;runRouteWithinStack($route, $request)</span></code>
      &#8250; <code class=\"php\"><span class=sf-dump-default>);</span></code>
      <span class=sf-dump-meta>arguments</span>: { &#8230;2}
    </samp>}
    <span class=sf-dump-meta title=\"R:\\SoftwareFiles\\laragon\\www\\richminis\\vendor\\laravel\\framework\\src\\Illuminate\\Routing\\Router.php:748
Stack level 25.\"><span class=\"sf-dump-ellipsis sf-dump-ellipsis-path\">R:\\SoftwareFiles\\laragon\\www\\richminis\\vendor</span><span class=\"sf-dump-ellipsis sf-dump-ellipsis-path\">\\laravel\\framework\\</span>src\\Illuminate\\Routing\\Router.php:748</span> {<samp data-depth=3 class=sf-dump-compact>
      <span class=sf-dump-note title=\"Illuminate\\Routing\\Router-&gt;dispatchToRoute(Request $request)
\"><span class=\"sf-dump-ellipsis sf-dump-ellipsis-note\">Illuminate\\Routing</span><span class=\"sf-dump-ellipsis sf-dump-ellipsis-note\">\\</span>Router-&gt;dispatchToRoute(Request $request)</span> &#8230;
      &#8250; <code class=\"php\"><span class=sf-dump-default>{</span></code>
      &#8250; <code class=\"php\"><span class=sf-dump-const title=\"in Illuminate\\Routing\\Router-&gt;dispatchToRoute(Request $request)\">    return $this-&gt;runRoute($request, $this-&gt;findRoute($request));</span></code>
      &#8250; <code class=\"php\"><span class=sf-dump-default>}</span></code>
      <span class=sf-dump-meta>arguments</span>: { &#8230;2}
    </samp>}
    <span class=sf-dump-meta title=\"R:\\SoftwareFiles\\laragon\\www\\richminis\\vendor\\laravel\\framework\\src\\Illuminate\\Routing\\Router.php:737
Stack level 24.\"><span class=\"sf-dump-ellipsis sf-dump-ellipsis-path\">R:\\SoftwareFiles\\laragon\\www\\richminis\\vendor</span><span class=\"sf-dump-ellipsis sf-dump-ellipsis-path\">\\laravel\\framework\\</span>src\\Illuminate\\Routing\\Router.php:737</span> {<samp data-depth=3 class=sf-dump-compact>
      <span class=sf-dump-note title=\"Illuminate\\Routing\\Router-&gt;dispatch(Request $request)
\"><span class=\"sf-dump-ellipsis sf-dump-ellipsis-note\">Illuminate\\Routing</span><span class=\"sf-dump-ellipsis sf-dump-ellipsis-note\">\\</span>Router-&gt;dispatch(Request $request)</span> &#8230;
      &#8250; 
      &#8250; <code class=\"php\"><span class=sf-dump-const title=\"in Illuminate\\Routing\\Router-&gt;dispatch(Request $request)\">    return $this-&gt;dispatchToRoute($request);</span></code>
      &#8250; <code class=\"php\"><span class=sf-dump-default>}</span></code>
      <span class=sf-dump-meta>arguments</span>: { &#8230;1}
    </samp>}
    <span class=sf-dump-meta title=\"R:\\SoftwareFiles\\laragon\\www\\richminis\\vendor\\laravel\\framework\\src\\Illuminate\\Foundation\\Http\\Kernel.php:200
Stack level 23.\"><span class=\"sf-dump-ellipsis sf-dump-ellipsis-path\">R:\\SoftwareFiles\\laragon\\www\\richminis\\vendor</span><span class=\"sf-dump-ellipsis sf-dump-ellipsis-path\">\\laravel\\framework\\</span>src\\Illuminate\\Foundation\\Http\\Kernel.php:200</span> {<samp data-depth=3 class=sf-dump-compact>
      <span class=sf-dump-note title=\"Illuminate\\Foundation\\Http\\Kernel-&gt;Illuminate\\Foundation\\Http\\{closure}
\"><span class=\"sf-dump-ellipsis sf-dump-ellipsis-note\">Illuminate\\Foundation\\Http\\Kernel-&gt;Illuminate\\Foundation\\Http</span><span class=\"sf-dump-ellipsis sf-dump-ellipsis-note\">\\</span>{closure}</span> &#8230;
      &#8250; 
      &#8250; <code class=\"php\"><span class=sf-dump-const title=\"in Illuminate\\Foundation\\Http\\Kernel-&gt;Illuminate\\Foundation\\Http\\{closure}\">    return $this-&gt;router-&gt;dispatch($request);</span></code>
      &#8250; <code class=\"php\"><span class=sf-dump-default>};</span></code>
      <span class=sf-dump-meta>arguments</span>: { &#8230;1}
    </samp>}
    <span class=sf-dump-meta title=\"R:\\SoftwareFiles\\laragon\\www\\richminis\\vendor\\laravel\\framework\\src\\Illuminate\\Pipeline\\Pipeline.php:144
Stack level 22.\"><span class=\"sf-dump-ellipsis sf-dump-ellipsis-path\">R:\\SoftwareFiles\\laragon\\www\\richminis\\vendor</span><span class=\"sf-dump-ellipsis sf-dump-ellipsis-path\">\\laravel\\framework\\</span>src\\Illuminate\\Pipeline\\Pipeline.php:144</span> {<samp data-depth=3 class=sf-dump-compact>
      <span class=sf-dump-note title=\"Illuminate\\Pipeline\\Pipeline-&gt;Illuminate\\Pipeline\\{closure}
\"><span class=\"sf-dump-ellipsis sf-dump-ellipsis-note\">Illuminate\\Pipeline\\Pipeline-&gt;Illuminate\\Pipeline</span><span class=\"sf-dump-ellipsis sf-dump-ellipsis-note\">\\</span>{closure}</span> &#8230;
      &#8250; <code class=\"php\"><span class=sf-dump-default>try {</span></code>
      &#8250; <code class=\"php\"><span class=sf-dump-const title=\"in Illuminate\\Pipeline\\Pipeline-&gt;Illuminate\\Pipeline\\{closure}\">    return $destination($passable);</span></code>
      &#8250; <code class=\"php\"><span class=sf-dump-default>} catch (Throwable $e) {</span></code>
      <span class=sf-dump-meta>arguments</span>: { &#8230;1}
    </samp>}
    <span class=sf-dump-meta title=\"R:\\SoftwareFiles\\laragon\\www\\richminis\\vendor\\barryvdh\\laravel-debugbar\\src\\Middleware\\InjectDebugbar.php:59
Stack level 21.\"><span class=\"sf-dump-ellipsis sf-dump-ellipsis-path\">R:\\SoftwareFiles\\laragon\\www\\richminis\\vendor</span><span class=\"sf-dump-ellipsis sf-dump-ellipsis-path\">\\barryvdh\\laravel-debugbar\\</span>src\\Middleware\\InjectDebugbar.php:59</span> {<samp data-depth=3 class=sf-dump-compact>
      <span class=sf-dump-note title=\"Barryvdh\\Debugbar\\Middleware\\InjectDebugbar-&gt;handle($request, Closure $next)
\"><span class=\"sf-dump-ellipsis sf-dump-ellipsis-note\">Barryvdh\\Debugbar\\Middleware</span><span class=\"sf-dump-ellipsis sf-dump-ellipsis-note\">\\</span>InjectDebugbar-&gt;handle($request, Closure $next)</span> &#8230;
      &#8250; <code class=\"php\"><span class=sf-dump-default>if (!$this-&gt;debugbar-&gt;isEnabled() || $this-&gt;inExceptArray($request)) {</span></code>
      &#8250; <code class=\"php\"><span class=sf-dump-const title=\"in Barryvdh\\Debugbar\\Middleware\\InjectDebugbar-&gt;handle($request, Closure $next)\">    return $next($request);</span></code>
      &#8250; <code class=\"php\"><span class=sf-dump-default>}</span></code>
      <span class=sf-dump-meta>arguments</span>: { &#8230;1}
    </samp>}
    <span class=sf-dump-meta title=\"R:\\SoftwareFiles\\laragon\\www\\richminis\\vendor\\laravel\\framework\\src\\Illuminate\\Pipeline\\Pipeline.php:183
Stack level 20.\"><span class=\"sf-dump-ellipsis sf-dump-ellipsis-path\">R:\\SoftwareFiles\\laragon\\www\\richminis\\vendor</span><span class=\"sf-dump-ellipsis sf-dump-ellipsis-path\">\\laravel\\framework\\</span>src\\Illuminate\\Pipeline\\Pipeline.php:183</span> {<samp data-depth=3 class=sf-dump-compact>
      <span class=sf-dump-note title=\"Illuminate\\Pipeline\\Pipeline-&gt;Illuminate\\Pipeline\\{closure}
\"><span class=\"sf-dump-ellipsis sf-dump-ellipsis-note\">Illuminate\\Pipeline\\Pipeline-&gt;Illuminate\\Pipeline</span><span class=\"sf-dump-ellipsis sf-dump-ellipsis-note\">\\</span>{closure}</span> &#8230;
      &#8250; <code class=\"php\"><span class=sf-dump-default>$carry = method_exists($pipe, $this-&gt;method)</span></code>
      &#8250; <code class=\"php\"><span class=sf-dump-const title=\"in Illuminate\\Pipeline\\Pipeline-&gt;Illuminate\\Pipeline\\{closure}\">                ? $pipe-&gt;{$this-&gt;method}(...$parameters)</span></code>
      &#8250; <code class=\"php\"><span class=sf-dump-default>                : $pipe(...$parameters);</span></code>
      <span class=sf-dump-meta>arguments</span>: { &#8230;2}
    </samp>}
    <span class=sf-dump-meta title=\"R:\\SoftwareFiles\\laragon\\www\\richminis\\vendor\\laravel\\framework\\src\\Illuminate\\View\\Middleware\\ShareErrorsFromSession.php:49
Stack level 19.\"><span class=\"sf-dump-ellipsis sf-dump-ellipsis-path\">R:\\SoftwareFiles\\laragon\\www\\richminis\\vendor</span><span class=\"sf-dump-ellipsis sf-dump-ellipsis-path\">\\laravel\\framework\\</span>src\\Illuminate\\View\\Middleware\\ShareErrorsFromSession.php:49</span> {<samp data-depth=3 class=sf-dump-compact>
      <span class=sf-dump-note title=\"Illuminate\\View\\Middleware\\ShareErrorsFromSession-&gt;handle($request, Closure $next)
\"><span class=\"sf-dump-ellipsis sf-dump-ellipsis-note\">Illuminate\\View\\Middleware</span><span class=\"sf-dump-ellipsis sf-dump-ellipsis-note\">\\</span>ShareErrorsFromSession-&gt;handle($request, Closure $next)</span> &#8230;
      &#8250; 
      &#8250; <code class=\"php\"><span class=sf-dump-const title=\"in Illuminate\\View\\Middleware\\ShareErrorsFromSession-&gt;handle($request, Closure $next)\">    return $next($request);</span></code>
      &#8250; <code class=\"php\"><span class=sf-dump-default>}</span></code>
      <span class=sf-dump-meta>arguments</span>: { &#8230;1}
    </samp>}
    <span class=sf-dump-meta title=\"R:\\SoftwareFiles\\laragon\\www\\richminis\\vendor\\laravel\\framework\\src\\Illuminate\\Pipeline\\Pipeline.php:183
Stack level 18.\"><span class=\"sf-dump-ellipsis sf-dump-ellipsis-path\">R:\\SoftwareFiles\\laragon\\www\\richminis\\vendor</span><span class=\"sf-dump-ellipsis sf-dump-ellipsis-path\">\\laravel\\framework\\</span>src\\Illuminate\\Pipeline\\Pipeline.php:183</span> {<samp data-depth=3 class=sf-dump-compact>
      <span class=sf-dump-note title=\"Illuminate\\Pipeline\\Pipeline-&gt;Illuminate\\Pipeline\\{closure}
\"><span class=\"sf-dump-ellipsis sf-dump-ellipsis-note\">Illuminate\\Pipeline\\Pipeline-&gt;Illuminate\\Pipeline</span><span class=\"sf-dump-ellipsis sf-dump-ellipsis-note\">\\</span>{closure}</span> &#8230;
      &#8250; <code class=\"php\"><span class=sf-dump-default>$carry = method_exists($pipe, $this-&gt;method)</span></code>
      &#8250; <code class=\"php\"><span class=sf-dump-const title=\"in Illuminate\\Pipeline\\Pipeline-&gt;Illuminate\\Pipeline\\{closure}\">                ? $pipe-&gt;{$this-&gt;method}(...$parameters)</span></code>
      &#8250; <code class=\"php\"><span class=sf-dump-default>                : $pipe(...$parameters);</span></code>
      <span class=sf-dump-meta>arguments</span>: { &#8230;2}
    </samp>}
    <span class=sf-dump-meta title=\"R:\\SoftwareFiles\\laragon\\www\\richminis\\vendor\\laravel\\framework\\src\\Illuminate\\Session\\Middleware\\StartSession.php:121
Stack level 17.\"><span class=\"sf-dump-ellipsis sf-dump-ellipsis-path\">R:\\SoftwareFiles\\laragon\\www\\richminis\\vendor</span><span class=\"sf-dump-ellipsis sf-dump-ellipsis-path\">\\laravel\\framework\\</span>src\\Illuminate\\Session\\Middleware\\StartSession.php:121</span> {<samp data-depth=3 class=sf-dump-compact>
      <span class=sf-dump-note title=\"Illuminate\\Session\\Middleware\\StartSession-&gt;handleStatefulRequest(Request $request, $session, Closure $next)
\"><span class=\"sf-dump-ellipsis sf-dump-ellipsis-note\">Illuminate\\Session\\Middleware</span><span class=\"sf-dump-ellipsis sf-dump-ellipsis-note\">\\</span>StartSession-&gt;handleStatefulRequest(Request $request, $session, Closure $next)</span> &#8230;
      &#8250; 
      &#8250; <code class=\"php\"><span class=sf-dump-const title=\"in Illuminate\\Session\\Middleware\\StartSession-&gt;handleStatefulRequest(Request $request, $session, Closure $next)\">$response = $next($request);</span></code>
      &#8250; 
      <span class=sf-dump-meta>arguments</span>: { &#8230;1}
    </samp>}
    <span class=sf-dump-meta title=\"R:\\SoftwareFiles\\laragon\\www\\richminis\\vendor\\laravel\\framework\\src\\Illuminate\\Session\\Middleware\\StartSession.php:64
Stack level 16.\"><span class=\"sf-dump-ellipsis sf-dump-ellipsis-path\">R:\\SoftwareFiles\\laragon\\www\\richminis\\vendor</span><span class=\"sf-dump-ellipsis sf-dump-ellipsis-path\">\\laravel\\framework\\</span>src\\Illuminate\\Session\\Middleware\\StartSession.php:64</span> {<samp data-depth=3 class=sf-dump-compact>
      <span class=sf-dump-note title=\"Illuminate\\Session\\Middleware\\StartSession-&gt;handle($request, Closure $next)
\"><span class=\"sf-dump-ellipsis sf-dump-ellipsis-note\">Illuminate\\Session\\Middleware</span><span class=\"sf-dump-ellipsis sf-dump-ellipsis-note\">\\</span>StartSession-&gt;handle($request, Closure $next)</span> &#8230;
      &#8250; 
      &#8250; <code class=\"php\"><span class=sf-dump-const title=\"in Illuminate\\Session\\Middleware\\StartSession-&gt;handle($request, Closure $next)\">    return $this-&gt;handleStatefulRequest($request, $session, $next);</span></code>
      &#8250; <code class=\"php\"><span class=sf-dump-default>}</span></code>
      <span class=sf-dump-meta>arguments</span>: { &#8230;3}
    </samp>}
    <span class=sf-dump-meta title=\"R:\\SoftwareFiles\\laragon\\www\\richminis\\vendor\\laravel\\framework\\src\\Illuminate\\Pipeline\\Pipeline.php:183
Stack level 15.\"><span class=\"sf-dump-ellipsis sf-dump-ellipsis-path\">R:\\SoftwareFiles\\laragon\\www\\richminis\\vendor</span><span class=\"sf-dump-ellipsis sf-dump-ellipsis-path\">\\laravel\\framework\\</span>src\\Illuminate\\Pipeline\\Pipeline.php:183</span> {<samp data-depth=3 class=sf-dump-compact>
      <span class=sf-dump-note title=\"Illuminate\\Pipeline\\Pipeline-&gt;Illuminate\\Pipeline\\{closure}
\"><span class=\"sf-dump-ellipsis sf-dump-ellipsis-note\">Illuminate\\Pipeline\\Pipeline-&gt;Illuminate\\Pipeline</span><span class=\"sf-dump-ellipsis sf-dump-ellipsis-note\">\\</span>{closure}</span> &#8230;
      &#8250; <code class=\"php\"><span class=sf-dump-default>$carry = method_exists($pipe, $this-&gt;method)</span></code>
      &#8250; <code class=\"php\"><span class=sf-dump-const title=\"in Illuminate\\Pipeline\\Pipeline-&gt;Illuminate\\Pipeline\\{closure}\">                ? $pipe-&gt;{$this-&gt;method}(...$parameters)</span></code>
      &#8250; <code class=\"php\"><span class=sf-dump-default>                : $pipe(...$parameters);</span></code>
      <span class=sf-dump-meta>arguments</span>: { &#8230;2}
    </samp>}
    <span class=sf-dump-meta title=\"R:\\SoftwareFiles\\laragon\\www\\richminis\\vendor\\laravel\\framework\\src\\Illuminate\\Http\\Middleware\\TrustProxies.php:39
Stack level 14.\"><span class=\"sf-dump-ellipsis sf-dump-ellipsis-path\">R:\\SoftwareFiles\\laragon\\www\\richminis\\vendor</span><span class=\"sf-dump-ellipsis sf-dump-ellipsis-path\">\\laravel\\framework\\</span>src\\Illuminate\\Http\\Middleware\\TrustProxies.php:39</span> {<samp data-depth=3 class=sf-dump-compact>
      <span class=sf-dump-note title=\"Illuminate\\Http\\Middleware\\TrustProxies-&gt;handle(Request $request, Closure $next)
\"><span class=\"sf-dump-ellipsis sf-dump-ellipsis-note\">Illuminate\\Http\\Middleware</span><span class=\"sf-dump-ellipsis sf-dump-ellipsis-note\">\\</span>TrustProxies-&gt;handle(Request $request, Closure $next)</span> &#8230;
      &#8250; 
      &#8250; <code class=\"php\"><span class=sf-dump-const title=\"in Illuminate\\Http\\Middleware\\TrustProxies-&gt;handle(Request $request, Closure $next)\">    return $next($request);</span></code>
      &#8250; <code class=\"php\"><span class=sf-dump-default>}</span></code>
      <span class=sf-dump-meta>arguments</span>: { &#8230;1}
    </samp>}
    <span class=sf-dump-meta title=\"R:\\SoftwareFiles\\laragon\\www\\richminis\\vendor\\laravel\\framework\\src\\Illuminate\\Pipeline\\Pipeline.php:183
Stack level 13.\"><span class=\"sf-dump-ellipsis sf-dump-ellipsis-path\">R:\\SoftwareFiles\\laragon\\www\\richminis\\vendor</span><span class=\"sf-dump-ellipsis sf-dump-ellipsis-path\">\\laravel\\framework\\</span>src\\Illuminate\\Pipeline\\Pipeline.php:183</span> {<samp data-depth=3 class=sf-dump-compact>
      <span class=sf-dump-note title=\"Illuminate\\Pipeline\\Pipeline-&gt;Illuminate\\Pipeline\\{closure}
\"><span class=\"sf-dump-ellipsis sf-dump-ellipsis-note\">Illuminate\\Pipeline\\Pipeline-&gt;Illuminate\\Pipeline</span><span class=\"sf-dump-ellipsis sf-dump-ellipsis-note\">\\</span>{closure}</span> &#8230;
      &#8250; <code class=\"php\"><span class=sf-dump-default>$carry = method_exists($pipe, $this-&gt;method)</span></code>
      &#8250; <code class=\"php\"><span class=sf-dump-const title=\"in Illuminate\\Pipeline\\Pipeline-&gt;Illuminate\\Pipeline\\{closure}\">                ? $pipe-&gt;{$this-&gt;method}(...$parameters)</span></code>
      &#8250; <code class=\"php\"><span class=sf-dump-default>                : $pipe(...$parameters);</span></code>
      <span class=sf-dump-meta>arguments</span>: { &#8230;2}
    </samp>}
    <span class=sf-dump-meta title=\"R:\\SoftwareFiles\\laragon\\www\\richminis\\vendor\\laravel\\framework\\src\\Illuminate\\Foundation\\Http\\Middleware\\TransformsRequest.php:21
Stack level 12.\"><span class=\"sf-dump-ellipsis sf-dump-ellipsis-path\">R:\\SoftwareFiles\\laragon\\www\\richminis\\vendor</span><span class=\"sf-dump-ellipsis sf-dump-ellipsis-path\">\\laravel\\framework\\</span>src\\Illuminate\\Foundation\\Http\\Middleware\\TransformsRequest.php:21</span> {<samp data-depth=3 class=sf-dump-compact>
      <span class=sf-dump-note title=\"Illuminate\\Foundation\\Http\\Middleware\\TransformsRequest-&gt;handle($request, Closure $next)
\"><span class=\"sf-dump-ellipsis sf-dump-ellipsis-note\">Illuminate\\Foundation\\Http\\Middleware</span><span class=\"sf-dump-ellipsis sf-dump-ellipsis-note\">\\</span>TransformsRequest-&gt;handle($request, Closure $next)</span> &#8230;
      &#8250; 
      &#8250; <code class=\"php\"><span class=sf-dump-const title=\"in Illuminate\\Foundation\\Http\\Middleware\\TransformsRequest-&gt;handle($request, Closure $next)\">    return $next($request);</span></code>
      &#8250; <code class=\"php\"><span class=sf-dump-default>}</span></code>
      <span class=sf-dump-meta>arguments</span>: { &#8230;1}
    </samp>}
    <span class=sf-dump-meta title=\"R:\\SoftwareFiles\\laragon\\www\\richminis\\vendor\\laravel\\framework\\src\\Illuminate\\Foundation\\Http\\Middleware\\ConvertEmptyStringsToNull.php:31
Stack level 11.\"><span class=\"sf-dump-ellipsis sf-dump-ellipsis-path\">R:\\SoftwareFiles\\laragon\\www\\richminis\\vendor</span><span class=\"sf-dump-ellipsis sf-dump-ellipsis-path\">\\laravel\\framework\\</span>src\\Illuminate\\Foundation\\Http\\Middleware\\ConvertEmptyStringsToNull.php:31</span> {<samp data-depth=3 class=sf-dump-compact>
      <span class=sf-dump-note title=\"Illuminate\\Foundation\\Http\\Middleware\\ConvertEmptyStringsToNull-&gt;handle($request, Closure $next)
\"><span class=\"sf-dump-ellipsis sf-dump-ellipsis-note\">Illuminate\\Foundation\\Http\\Middleware</span><span class=\"sf-dump-ellipsis sf-dump-ellipsis-note\">\\</span>ConvertEmptyStringsToNull-&gt;handle($request, Closure $next)</span> &#8230;
      &#8250; 
      &#8250; <code class=\"php\"><span class=sf-dump-const title=\"in Illuminate\\Foundation\\Http\\Middleware\\ConvertEmptyStringsToNull-&gt;handle($request, Closure $next)\">    return parent::handle($request, $next);</span></code>
      &#8250; <code class=\"php\"><span class=sf-dump-default>}</span></code>
      <span class=sf-dump-meta>arguments</span>: { &#8230;2}
    </samp>}
    <span class=sf-dump-meta title=\"R:\\SoftwareFiles\\laragon\\www\\richminis\\vendor\\laravel\\framework\\src\\Illuminate\\Pipeline\\Pipeline.php:183
Stack level 10.\"><span class=\"sf-dump-ellipsis sf-dump-ellipsis-path\">R:\\SoftwareFiles\\laragon\\www\\richminis\\vendor</span><span class=\"sf-dump-ellipsis sf-dump-ellipsis-path\">\\laravel\\framework\\</span>src\\Illuminate\\Pipeline\\Pipeline.php:183</span> {<samp data-depth=3 class=sf-dump-compact>
      <span class=sf-dump-note title=\"Illuminate\\Pipeline\\Pipeline-&gt;Illuminate\\Pipeline\\{closure}
\"><span class=\"sf-dump-ellipsis sf-dump-ellipsis-note\">Illuminate\\Pipeline\\Pipeline-&gt;Illuminate\\Pipeline</span><span class=\"sf-dump-ellipsis sf-dump-ellipsis-note\">\\</span>{closure}</span> &#8230;
      &#8250; <code class=\"php\"><span class=sf-dump-default>$carry = method_exists($pipe, $this-&gt;method)</span></code>
      &#8250; <code class=\"php\"><span class=sf-dump-const title=\"in Illuminate\\Pipeline\\Pipeline-&gt;Illuminate\\Pipeline\\{closure}\">                ? $pipe-&gt;{$this-&gt;method}(...$parameters)</span></code>
      &#8250; <code class=\"php\"><span class=sf-dump-default>                : $pipe(...$parameters);</span></code>
      <span class=sf-dump-meta>arguments</span>: { &#8230;2}
    </samp>}
    <span class=sf-dump-meta title=\"R:\\SoftwareFiles\\laragon\\www\\richminis\\vendor\\laravel\\framework\\src\\Illuminate\\Foundation\\Http\\Middleware\\TransformsRequest.php:21
Stack level 9.\"><span class=\"sf-dump-ellipsis sf-dump-ellipsis-path\">R:\\SoftwareFiles\\laragon\\www\\richminis\\vendor</span><span class=\"sf-dump-ellipsis sf-dump-ellipsis-path\">\\laravel\\framework\\</span>src\\Illuminate\\Foundation\\Http\\Middleware\\TransformsRequest.php:21</span> {<samp data-depth=3 class=sf-dump-compact>
      <span class=sf-dump-note title=\"Illuminate\\Foundation\\Http\\Middleware\\TransformsRequest-&gt;handle($request, Closure $next)
\"><span class=\"sf-dump-ellipsis sf-dump-ellipsis-note\">Illuminate\\Foundation\\Http\\Middleware</span><span class=\"sf-dump-ellipsis sf-dump-ellipsis-note\">\\</span>TransformsRequest-&gt;handle($request, Closure $next)</span> &#8230;
      &#8250; 
      &#8250; <code class=\"php\"><span class=sf-dump-const title=\"in Illuminate\\Foundation\\Http\\Middleware\\TransformsRequest-&gt;handle($request, Closure $next)\">    return $next($request);</span></code>
      &#8250; <code class=\"php\"><span class=sf-dump-default>}</span></code>
      <span class=sf-dump-meta>arguments</span>: { &#8230;1}
    </samp>}
    <span class=sf-dump-meta title=\"R:\\SoftwareFiles\\laragon\\www\\richminis\\vendor\\laravel\\framework\\src\\Illuminate\\Foundation\\Http\\Middleware\\TrimStrings.php:40
Stack level 8.\"><span class=\"sf-dump-ellipsis sf-dump-ellipsis-path\">R:\\SoftwareFiles\\laragon\\www\\richminis\\vendor</span><span class=\"sf-dump-ellipsis sf-dump-ellipsis-path\">\\laravel\\framework\\</span>src\\Illuminate\\Foundation\\Http\\Middleware\\TrimStrings.php:40</span> {<samp data-depth=3 class=sf-dump-compact>
      <span class=sf-dump-note title=\"Illuminate\\Foundation\\Http\\Middleware\\TrimStrings-&gt;handle($request, Closure $next)
\"><span class=\"sf-dump-ellipsis sf-dump-ellipsis-note\">Illuminate\\Foundation\\Http\\Middleware</span><span class=\"sf-dump-ellipsis sf-dump-ellipsis-note\">\\</span>TrimStrings-&gt;handle($request, Closure $next)</span> &#8230;
      &#8250; 
      &#8250; <code class=\"php\"><span class=sf-dump-const title=\"in Illuminate\\Foundation\\Http\\Middleware\\TrimStrings-&gt;handle($request, Closure $next)\">    return parent::handle($request, $next);</span></code>
      &#8250; <code class=\"php\"><span class=sf-dump-default>}</span></code>
      <span class=sf-dump-meta>arguments</span>: { &#8230;2}
    </samp>}
    <span class=sf-dump-meta title=\"R:\\SoftwareFiles\\laragon\\www\\richminis\\vendor\\laravel\\framework\\src\\Illuminate\\Pipeline\\Pipeline.php:183
Stack level 7.\"><span class=\"sf-dump-ellipsis sf-dump-ellipsis-path\">R:\\SoftwareFiles\\laragon\\www\\richminis\\vendor</span><span class=\"sf-dump-ellipsis sf-dump-ellipsis-path\">\\laravel\\framework\\</span>src\\Illuminate\\Pipeline\\Pipeline.php:183</span> {<samp data-depth=3 class=sf-dump-compact>
      <span class=sf-dump-note title=\"Illuminate\\Pipeline\\Pipeline-&gt;Illuminate\\Pipeline\\{closure}
\"><span class=\"sf-dump-ellipsis sf-dump-ellipsis-note\">Illuminate\\Pipeline\\Pipeline-&gt;Illuminate\\Pipeline</span><span class=\"sf-dump-ellipsis sf-dump-ellipsis-note\">\\</span>{closure}</span> &#8230;
      &#8250; <code class=\"php\"><span class=sf-dump-default>$carry = method_exists($pipe, $this-&gt;method)</span></code>
      &#8250; <code class=\"php\"><span class=sf-dump-const title=\"in Illuminate\\Pipeline\\Pipeline-&gt;Illuminate\\Pipeline\\{closure}\">                ? $pipe-&gt;{$this-&gt;method}(...$parameters)</span></code>
      &#8250; <code class=\"php\"><span class=sf-dump-default>                : $pipe(...$parameters);</span></code>
      <span class=sf-dump-meta>arguments</span>: { &#8230;2}
    </samp>}
    <span class=sf-dump-meta title=\"R:\\SoftwareFiles\\laragon\\www\\richminis\\vendor\\laravel\\framework\\src\\Illuminate\\Foundation\\Http\\Middleware\\ValidatePostSize.php:27
Stack level 6.\"><span class=\"sf-dump-ellipsis sf-dump-ellipsis-path\">R:\\SoftwareFiles\\laragon\\www\\richminis\\vendor</span><span class=\"sf-dump-ellipsis sf-dump-ellipsis-path\">\\laravel\\framework\\</span>src\\Illuminate\\Foundation\\Http\\Middleware\\ValidatePostSize.php:27</span> {<samp data-depth=3 class=sf-dump-compact>
      <span class=sf-dump-note title=\"Illuminate\\Foundation\\Http\\Middleware\\ValidatePostSize-&gt;handle($request, Closure $next)
\"><span class=\"sf-dump-ellipsis sf-dump-ellipsis-note\">Illuminate\\Foundation\\Http\\Middleware</span><span class=\"sf-dump-ellipsis sf-dump-ellipsis-note\">\\</span>ValidatePostSize-&gt;handle($request, Closure $next)</span> &#8230;
      &#8250; 
      &#8250; <code class=\"php\"><span class=sf-dump-const title=\"in Illuminate\\Foundation\\Http\\Middleware\\ValidatePostSize-&gt;handle($request, Closure $next)\">    return $next($request);</span></code>
      &#8250; <code class=\"php\"><span class=sf-dump-default>}</span></code>
      <span class=sf-dump-meta>arguments</span>: { &#8230;1}
    </samp>}
    <span class=sf-dump-meta title=\"R:\\SoftwareFiles\\laragon\\www\\richminis\\vendor\\laravel\\framework\\src\\Illuminate\\Pipeline\\Pipeline.php:183
Stack level 5.\"><span class=\"sf-dump-ellipsis sf-dump-ellipsis-path\">R:\\SoftwareFiles\\laragon\\www\\richminis\\vendor</span><span class=\"sf-dump-ellipsis sf-dump-ellipsis-path\">\\laravel\\framework\\</span>src\\Illuminate\\Pipeline\\Pipeline.php:183</span> {<samp data-depth=3 class=sf-dump-compact>
      <span class=sf-dump-note title=\"Illuminate\\Pipeline\\Pipeline-&gt;Illuminate\\Pipeline\\{closure}
\"><span class=\"sf-dump-ellipsis sf-dump-ellipsis-note\">Illuminate\\Pipeline\\Pipeline-&gt;Illuminate\\Pipeline</span><span class=\"sf-dump-ellipsis sf-dump-ellipsis-note\">\\</span>{closure}</span> &#8230;
      &#8250; <code class=\"php\"><span class=sf-dump-default>$carry = method_exists($pipe, $this-&gt;method)</span></code>
      &#8250; <code class=\"php\"><span class=sf-dump-const title=\"in Illuminate\\Pipeline\\Pipeline-&gt;Illuminate\\Pipeline\\{closure}\">                ? $pipe-&gt;{$this-&gt;method}(...$parameters)</span></code>
      &#8250; <code class=\"php\"><span class=sf-dump-default>                : $pipe(...$parameters);</span></code>
      <span class=sf-dump-meta>arguments</span>: { &#8230;2}
    </samp>}
    <span class=sf-dump-meta title=\"R:\\SoftwareFiles\\laragon\\www\\richminis\\vendor\\laravel\\framework\\src\\Illuminate\\Pipeline\\Pipeline.php:119
Stack level 4.\"><span class=\"sf-dump-ellipsis sf-dump-ellipsis-path\">R:\\SoftwareFiles\\laragon\\www\\richminis\\vendor</span><span class=\"sf-dump-ellipsis sf-dump-ellipsis-path\">\\laravel\\framework\\</span>src\\Illuminate\\Pipeline\\Pipeline.php:119</span> {<samp data-depth=3 class=sf-dump-compact>
      <span class=sf-dump-note title=\"Illuminate\\Pipeline\\Pipeline-&gt;then(Closure $destination)
\"><span class=\"sf-dump-ellipsis sf-dump-ellipsis-note\">Illuminate\\Pipeline</span><span class=\"sf-dump-ellipsis sf-dump-ellipsis-note\">\\</span>Pipeline-&gt;then(Closure $destination)</span> &#8230;
      &#8250; 
      &#8250; <code class=\"php\"><span class=sf-dump-const title=\"in Illuminate\\Pipeline\\Pipeline-&gt;then(Closure $destination)\">    return $pipeline($this-&gt;passable);</span></code>
      &#8250; <code class=\"php\"><span class=sf-dump-default>}</span></code>
      <span class=sf-dump-meta>arguments</span>: { &#8230;1}
    </samp>}
    <span class=sf-dump-meta title=\"R:\\SoftwareFiles\\laragon\\www\\richminis\\vendor\\laravel\\framework\\src\\Illuminate\\Foundation\\Http\\Kernel.php:175
Stack level 3.\"><span class=\"sf-dump-ellipsis sf-dump-ellipsis-path\">R:\\SoftwareFiles\\laragon\\www\\richminis\\vendor</span><span class=\"sf-dump-ellipsis sf-dump-ellipsis-path\">\\laravel\\framework\\</span>src\\Illuminate\\Foundation\\Http\\Kernel.php:175</span> {<samp data-depth=3 class=sf-dump-compact>
      <span class=sf-dump-note title=\"Illuminate\\Foundation\\Http\\Kernel-&gt;sendRequestThroughRouter($request)
\"><span class=\"sf-dump-ellipsis sf-dump-ellipsis-note\">Illuminate\\Foundation\\Http</span><span class=\"sf-dump-ellipsis sf-dump-ellipsis-note\">\\</span>Kernel-&gt;sendRequestThroughRouter($request)</span> &#8230;
      &#8250; <code class=\"php\"><span class=sf-dump-default>                -&gt;through($this-&gt;app-&gt;shouldSkipMiddleware() ? [] : $this-&gt;middleware)</span></code>
      &#8250; <code class=\"php\"><span class=sf-dump-const title=\"in Illuminate\\Foundation\\Http\\Kernel-&gt;sendRequestThroughRouter($request)\">                -&gt;then($this-&gt;dispatchToRouter());</span></code>
      &#8250; <code class=\"php\"><span class=sf-dump-default>}</span></code>
      <span class=sf-dump-meta>arguments</span>: { &#8230;1}
    </samp>}
    <span class=sf-dump-meta title=\"R:\\SoftwareFiles\\laragon\\www\\richminis\\vendor\\laravel\\framework\\src\\Illuminate\\Foundation\\Http\\Kernel.php:144
Stack level 2.\"><span class=\"sf-dump-ellipsis sf-dump-ellipsis-path\">R:\\SoftwareFiles\\laragon\\www\\richminis\\vendor</span><span class=\"sf-dump-ellipsis sf-dump-ellipsis-path\">\\laravel\\framework\\</span>src\\Illuminate\\Foundation\\Http\\Kernel.php:144</span> {<samp data-depth=3 class=sf-dump-compact>
      <span class=sf-dump-note title=\"Illuminate\\Foundation\\Http\\Kernel-&gt;handle($request)
\"><span class=\"sf-dump-ellipsis sf-dump-ellipsis-note\">Illuminate\\Foundation\\Http</span><span class=\"sf-dump-ellipsis sf-dump-ellipsis-note\">\\</span>Kernel-&gt;handle($request)</span> &#8230;
      &#8250; 
      &#8250; <code class=\"php\"><span class=sf-dump-const title=\"in Illuminate\\Foundation\\Http\\Kernel-&gt;handle($request)\">    $response = $this-&gt;sendRequestThroughRouter($request);</span></code>
      &#8250; <code class=\"php\"><span class=sf-dump-default>} catch (Throwable $e) {</span></code>
      <span class=sf-dump-meta>arguments</span>: { &#8230;1}
    </samp>}
    <span class=sf-dump-meta title=\"R:\\SoftwareFiles\\laragon\\www\\richminis\\index.php:56
Stack level 1.\"><span class=\"sf-dump-ellipsis sf-dump-ellipsis-path\">R:\\SoftwareFiles\\laragon\\www\\richminis</span><span class=\"sf-dump-ellipsis sf-dump-ellipsis-path\">\\</span>index.php:56</span> {<samp data-depth=3 class=sf-dump-compact>
      &#8250; <code class=\"php\"><span class=sf-dump-default><span class=\"sf-dump-default sf-dump-ns\">\\r</span></span></code>
      &#8250; <code class=\"php\"><span class=sf-dump-const title=\"\">$response = $kernel-&gt;handle(<span class=\"sf-dump-default sf-dump-ns\">\\r</span></span></code>
      &#8250; <code class=\"php\"><span class=sf-dump-default>    $request = Illuminate\\Http\\Request::capture()<span class=\"sf-dump-default sf-dump-ns\">\\r</span></span></code>
      <span class=sf-dump-meta>arguments</span>: { &#8230;1}
    </samp>}
  </samp>}
</samp>}
</pre><script>Sfdump(\"sf-dump-2142095759\", {\"maxDepth\":3,\"maxStringLength\":160})</script>
","layout":"<pre class=sf-dump id=sf-dump-2141912712 data-indent-pad=\"  \">\"<span class=sf-dump-str title=\"20 characters\">frontend.layouts.app</span>\"
</pre><script>Sfdump(\"sf-dump-2141912712\", {\"maxDepth\":3,\"maxStringLength\":160})</script>
"}},"exception":"[object] (Spatie\\LaravelIgnition\\Exceptions\\ViewException(code: 0): SQLSTATE[HY000] [1049] Unknown database 'richhminis' (Connection: mysql, SQL: select * from `languages` where `code` = en limit 1) at R:\\SoftwareFiles\\laragon\\www\\richminis\\vendor\\laravel\\framework\\src\\Illuminate\\Database\\Connection.php:829)
[stacktrace]
#0 R:\\SoftwareFiles\\laragon\\www\\richminis\\vendor\\laravel\\framework\\src\\Illuminate\\Database\\Connection.php(783): Illuminate\\Database\\Connection->runQueryCallback('select * from `...', Array, Object(Closure))
#1 R:\\SoftwareFiles\\laragon\\www\\richminis\\vendor\\laravel\\framework\\src\\Illuminate\\Database\\Connection.php(414): Illuminate\\Database\\Connection->run('select * from `...', Array, Object(Closure))
#2 R:\\SoftwareFiles\\laragon\\www\\richminis\\vendor\\laravel\\framework\\src\\Illuminate\\Database\\Query\\Builder.php(2913): Illuminate\\Database\\Connection->select('select * from `...', Array, true)
#3 R:\\SoftwareFiles\\laragon\\www\\richminis\\vendor\\laravel\\framework\\src\\Illuminate\\Database\\Query\\Builder.php(2902): Illuminate\\Database\\Query\\Builder->runSelect()
#4 R:\\SoftwareFiles\\laragon\\www\\richminis\\vendor\\laravel\\framework\\src\\Illuminate\\Database\\Query\\Builder.php(3456): Illuminate\\Database\\Query\\Builder->Illuminate\\Database\\Query\\{closure}()
#5 R:\\SoftwareFiles\\laragon\\www\\richminis\\vendor\\laravel\\framework\\src\\Illuminate\\Database\\Query\\Builder.php(2901): Illuminate\\Database\\Query\\Builder->onceWithColumns(Array, Object(Closure))
#6 R:\\SoftwareFiles\\laragon\\www\\richminis\\vendor\\laravel\\framework\\src\\Illuminate\\Database\\Eloquent\\Builder.php(739): Illuminate\\Database\\Query\\Builder->get(Array)
#7 R:\\SoftwareFiles\\laragon\\www\\richminis\\vendor\\laravel\\framework\\src\\Illuminate\\Database\\Eloquent\\Builder.php(723): Illuminate\\Database\\Eloquent\\Builder->getModels(Array)
#8 R:\\SoftwareFiles\\laragon\\www\\richminis\\vendor\\laravel\\framework\\src\\Illuminate\\Database\\Concerns\\BuildsQueries.php(333): Illuminate\\Database\\Eloquent\\Builder->get(Array)
#9 R:\\SoftwareFiles\\laragon\\www\\richminis\\app\\Http\\Helpers.php(1910): Illuminate\\Database\\Eloquent\\Builder->first()
#10 R:\\SoftwareFiles\\laragon\\www\\richminis\\resources\\views\\frontend\\layouts\\app.blade.php(3): get_session_language()
#11 R:\\SoftwareFiles\\laragon\\www\\richminis\\vendor\\laravel\\framework\\src\\Illuminate\\Filesystem\\Filesystem.php(123): require('R:\\\\SoftwareFile...')
#12 R:\\SoftwareFiles\\laragon\\www\\richminis\\vendor\\laravel\\framework\\src\\Illuminate\\Filesystem\\Filesystem.php(124): Illuminate\\Filesystem\\Filesystem::Illuminate\\Filesystem\\{closure}()
#13 R:\\SoftwareFiles\\laragon\\www\\richminis\\vendor\\laravel\\framework\\src\\Illuminate\\View\\Engines\\PhpEngine.php(58): Illuminate\\Filesystem\\Filesystem->getRequire('R:\\\\SoftwareFile...', Array)
#14 R:\\SoftwareFiles\\laragon\\www\\richminis\\vendor\\laravel\\framework\\src\\Illuminate\\View\\Engines\\CompilerEngine.php(72): Illuminate\\View\\Engines\\PhpEngine->evaluatePath('R:\\\\SoftwareFile...', Array)
#15 R:\\SoftwareFiles\\laragon\\www\\richminis\\vendor\\laravel\\framework\\src\\Illuminate\\View\\View.php(207): Illuminate\\View\\Engines\\CompilerEngine->get('R:\\\\SoftwareFile...', Array)
#16 R:\\SoftwareFiles\\laragon\\www\\richminis\\vendor\\laravel\\framework\\src\\Illuminate\\View\\View.php(190): Illuminate\\View\\View->getContents()
#17 R:\\SoftwareFiles\\laragon\\www\\richminis\\vendor\\laravel\\framework\\src\\Illuminate\\View\\View.php(159): Illuminate\\View\\View->renderContents()
#18 R:\\SoftwareFiles\\laragon\\www\\richminis\\resources\\views\\errors\\500.blade.php(32): Illuminate\\View\\View->render()
#19 R:\\SoftwareFiles\\laragon\\www\\richminis\\vendor\\laravel\\framework\\src\\Illuminate\\Filesystem\\Filesystem.php(123): require('R:\\\\SoftwareFile...')
#20 R:\\SoftwareFiles\\laragon\\www\\richminis\\vendor\\laravel\\framework\\src\\Illuminate\\Filesystem\\Filesystem.php(124): Illuminate\\Filesystem\\Filesystem::Illuminate\\Filesystem\\{closure}()
#21 R:\\SoftwareFiles\\laragon\\www\\richminis\\vendor\\laravel\\framework\\src\\Illuminate\\View\\Engines\\PhpEngine.php(58): Illuminate\\Filesystem\\Filesystem->getRequire('R:\\\\SoftwareFile...', Array)
#22 R:\\SoftwareFiles\\laragon\\www\\richminis\\vendor\\laravel\\framework\\src\\Illuminate\\View\\Engines\\CompilerEngine.php(72): Illuminate\\View\\Engines\\PhpEngine->evaluatePath('R:\\\\SoftwareFile...', Array)
#23 R:\\SoftwareFiles\\laragon\\www\\richminis\\vendor\\laravel\\framework\\src\\Illuminate\\View\\View.php(207): Illuminate\\View\\Engines\\CompilerEngine->get('R:\\\\SoftwareFile...', Array)
#24 R:\\SoftwareFiles\\laragon\\www\\richminis\\vendor\\laravel\\framework\\src\\Illuminate\\View\\View.php(190): Illuminate\\View\\View->getContents()
#25 R:\\SoftwareFiles\\laragon\\www\\richminis\\vendor\\laravel\\framework\\src\\Illuminate\\View\\View.php(159): Illuminate\\View\\View->renderContents()
#26 R:\\SoftwareFiles\\laragon\\www\\richminis\\vendor\\laravel\\framework\\src\\Illuminate\\Http\\Response.php(69): Illuminate\\View\\View->render()
#27 R:\\SoftwareFiles\\laragon\\www\\richminis\\vendor\\laravel\\framework\\src\\Illuminate\\Http\\Response.php(35): Illuminate\\Http\\Response->setContent(Object(Illuminate\\View\\View))
#28 R:\\SoftwareFiles\\laragon\\www\\richminis\\vendor\\laravel\\framework\\src\\Illuminate\\Routing\\ResponseFactory.php(58): Illuminate\\Http\\Response->__construct(Object(Illuminate\\View\\View), 500, Array)
#29 R:\\SoftwareFiles\\laragon\\www\\richminis\\vendor\\laravel\\framework\\src\\Illuminate\\Routing\\ResponseFactory.php(88): Illuminate\\Routing\\ResponseFactory->make(Object(Illuminate\\View\\View), 500, Array)
#30 R:\\SoftwareFiles\\laragon\\www\\richminis\\vendor\\laravel\\framework\\src\\Illuminate\\Foundation\\Exceptions\\Handler.php(723): Illuminate\\Routing\\ResponseFactory->view('errors::500', Array, 500, Array)
#31 R:\\SoftwareFiles\\laragon\\www\\richminis\\vendor\\laravel\\framework\\src\\Illuminate\\Foundation\\Exceptions\\Handler.php(650): Illuminate\\Foundation\\Exceptions\\Handler->renderHttpException(Object(Symfony\\Component\\HttpKernel\\Exception\\HttpException))
#32 R:\\SoftwareFiles\\laragon\\www\\richminis\\vendor\\laravel\\framework\\src\\Illuminate\\Foundation\\Exceptions\\Handler.php(556): Illuminate\\Foundation\\Exceptions\\Handler->prepareResponse(Object(Illuminate\\Http\\Request), Object(Symfony\\Component\\HttpKernel\\Exception\\HttpException))
#33 R:\\SoftwareFiles\\laragon\\www\\richminis\\vendor\\laravel\\framework\\src\\Illuminate\\Foundation\\Exceptions\\Handler.php(473): Illuminate\\Foundation\\Exceptions\\Handler->renderExceptionResponse(Object(Illuminate\\Http\\Request), Object(Illuminate\\Database\\QueryException))
#34 R:\\SoftwareFiles\\laragon\\www\\richminis\\app\\Exceptions\\Handler.php(59): Illuminate\\Foundation\\Exceptions\\Handler->render(Object(Illuminate\\Http\\Request), Object(Illuminate\\Database\\QueryException))
#35 R:\\SoftwareFiles\\laragon\\www\\richminis\\vendor\\laravel\\framework\\src\\Illuminate\\Routing\\Pipeline.php(51): App\\Exceptions\\Handler->render(Object(Illuminate\\Http\\Request), Object(Illuminate\\Database\\QueryException))
#36 R:\\SoftwareFiles\\laragon\\www\\richminis\\vendor\\laravel\\framework\\src\\Illuminate\\Pipeline\\Pipeline.php(146): Illuminate\\Routing\\Pipeline->handleException(Object(Illuminate\\Http\\Request), Object(Illuminate\\Database\\QueryException))
#37 R:\\SoftwareFiles\\laragon\\www\\richminis\\app\\Http\\Middleware\\CheckForMaintenanceMode.php(64): Illuminate\\Pipeline\\Pipeline->Illuminate\\Pipeline\\{closure}(Object(Illuminate\\Http\\Request))
#38 R:\\SoftwareFiles\\laragon\\www\\richminis\\vendor\\laravel\\framework\\src\\Illuminate\\Pipeline\\Pipeline.php(183): App\\Http\\Middleware\\CheckForMaintenanceMode->handle(Object(Illuminate\\Http\\Request), Object(Closure))
#39 R:\\SoftwareFiles\\laragon\\www\\richminis\\app\\Http\\Middleware\\HttpsProtocol.php(20): Illuminate\\Pipeline\\Pipeline->Illuminate\\Pipeline\\{closure}(Object(Illuminate\\Http\\Request))
#40 R:\\SoftwareFiles\\laragon\\www\\richminis\\vendor\\laravel\\framework\\src\\Illuminate\\Pipeline\\Pipeline.php(183): App\\Http\\Middleware\\HttpsProtocol->handle(Object(Illuminate\\Http\\Request), Object(Closure))
#41 R:\\SoftwareFiles\\laragon\\www\\richminis\\app\\Http\\Middleware\\Language.php(35): Illuminate\\Pipeline\\Pipeline->Illuminate\\Pipeline\\{closure}(Object(Illuminate\\Http\\Request))
#42 R:\\SoftwareFiles\\laragon\\www\\richminis\\vendor\\laravel\\framework\\src\\Illuminate\\Pipeline\\Pipeline.php(183): App\\Http\\Middleware\\Language->handle(Object(Illuminate\\Http\\Request), Object(Closure))
#43 R:\\SoftwareFiles\\laragon\\www\\richminis\\vendor\\laravel\\framework\\src\\Illuminate\\Routing\\Middleware\\SubstituteBindings.php(50): Illuminate\\Pipeline\\Pipeline->Illuminate\\Pipeline\\{closure}(Object(Illuminate\\Http\\Request))
#44 R:\\SoftwareFiles\\laragon\\www\\richminis\\vendor\\laravel\\framework\\src\\Illuminate\\Pipeline\\Pipeline.php(183): Illuminate\\Routing\\Middleware\\SubstituteBindings->handle(Object(Illuminate\\Http\\Request), Object(Closure))
#45 R:\\SoftwareFiles\\laragon\\www\\richminis\\vendor\\laravel\\framework\\src\\Illuminate\\Foundation\\Http\\Middleware\\VerifyCsrfToken.php(78): Illuminate\\Pipeline\\Pipeline->Illuminate\\Pipeline\\{closure}(Object(Illuminate\\Http\\Request))
#46 R:\\SoftwareFiles\\laragon\\www\\richminis\\vendor\\laravel\\framework\\src\\Illuminate\\Pipeline\\Pipeline.php(183): Illuminate\\Foundation\\Http\\Middleware\\VerifyCsrfToken->handle(Object(Illuminate\\Http\\Request), Object(Closure))
#47 R:\\SoftwareFiles\\laragon\\www\\richminis\\vendor\\laravel\\framework\\src\\Illuminate\\Cookie\\Middleware\\AddQueuedCookiesToResponse.php(37): Illuminate\\Pipeline\\Pipeline->Illuminate\\Pipeline\\{closure}(Object(Illuminate\\Http\\Request))
#48 R:\\SoftwareFiles\\laragon\\www\\richminis\\vendor\\laravel\\framework\\src\\Illuminate\\Pipeline\\Pipeline.php(183): Illuminate\\Cookie\\Middleware\\AddQueuedCookiesToResponse->handle(Object(Illuminate\\Http\\Request), Object(Closure))
#49 R:\\SoftwareFiles\\laragon\\www\\richminis\\vendor\\laravel\\framework\\src\\Illuminate\\Pipeline\\Pipeline.php(119): Illuminate\\Pipeline\\Pipeline->Illuminate\\Pipeline\\{closure}(Object(Illuminate\\Http\\Request))
#50 R:\\SoftwareFiles\\laragon\\www\\richminis\\vendor\\laravel\\framework\\src\\Illuminate\\Routing\\Router.php(805): Illuminate\\Pipeline\\Pipeline->then(Object(Closure))
#51 R:\\SoftwareFiles\\laragon\\www\\richminis\\vendor\\laravel\\framework\\src\\Illuminate\\Routing\\Router.php(784): Illuminate\\Routing\\Router->runRouteWithinStack(Object(Illuminate\\Routing\\Route), Object(Illuminate\\Http\\Request))
#52 R:\\SoftwareFiles\\laragon\\www\\richminis\\vendor\\laravel\\framework\\src\\Illuminate\\Routing\\Router.php(748): Illuminate\\Routing\\Router->runRoute(Object(Illuminate\\Http\\Request), Object(Illuminate\\Routing\\Route))
#53 R:\\SoftwareFiles\\laragon\\www\\richminis\\vendor\\laravel\\framework\\src\\Illuminate\\Routing\\Router.php(737): Illuminate\\Routing\\Router->dispatchToRoute(Object(Illuminate\\Http\\Request))
#54 R:\\SoftwareFiles\\laragon\\www\\richminis\\vendor\\laravel\\framework\\src\\Illuminate\\Foundation\\Http\\Kernel.php(200): Illuminate\\Routing\\Router->dispatch(Object(Illuminate\\Http\\Request))
#55 R:\\SoftwareFiles\\laragon\\www\\richminis\\vendor\\laravel\\framework\\src\\Illuminate\\Pipeline\\Pipeline.php(144): Illuminate\\Foundation\\Http\\Kernel->Illuminate\\Foundation\\Http\\{closure}(Object(Illuminate\\Http\\Request))
#56 R:\\SoftwareFiles\\laragon\\www\\richminis\\vendor\\barryvdh\\laravel-debugbar\\src\\Middleware\\InjectDebugbar.php(59): Illuminate\\Pipeline\\Pipeline->Illuminate\\Pipeline\\{closure}(Object(Illuminate\\Http\\Request))
#57 R:\\SoftwareFiles\\laragon\\www\\richminis\\vendor\\laravel\\framework\\src\\Illuminate\\Pipeline\\Pipeline.php(183): Barryvdh\\Debugbar\\Middleware\\InjectDebugbar->handle(Object(Illuminate\\Http\\Request), Object(Closure))
#58 R:\\SoftwareFiles\\laragon\\www\\richminis\\vendor\\laravel\\framework\\src\\Illuminate\\View\\Middleware\\ShareErrorsFromSession.php(49): Illuminate\\Pipeline\\Pipeline->Illuminate\\Pipeline\\{closure}(Object(Illuminate\\Http\\Request))
#59 R:\\SoftwareFiles\\laragon\\www\\richminis\\vendor\\laravel\\framework\\src\\Illuminate\\Pipeline\\Pipeline.php(183): Illuminate\\View\\Middleware\\ShareErrorsFromSession->handle(Object(Illuminate\\Http\\Request), Object(Closure))
#60 R:\\SoftwareFiles\\laragon\\www\\richminis\\vendor\\laravel\\framework\\src\\Illuminate\\Session\\Middleware\\StartSession.php(121): Illuminate\\Pipeline\\Pipeline->Illuminate\\Pipeline\\{closure}(Object(Illuminate\\Http\\Request))
#61 R:\\SoftwareFiles\\laragon\\www\\richminis\\vendor\\laravel\\framework\\src\\Illuminate\\Session\\Middleware\\StartSession.php(64): Illuminate\\Session\\Middleware\\StartSession->handleStatefulRequest(Object(Illuminate\\Http\\Request), Object(Illuminate\\Session\\Store), Object(Closure))
#62 R:\\SoftwareFiles\\laragon\\www\\richminis\\vendor\\laravel\\framework\\src\\Illuminate\\Pipeline\\Pipeline.php(183): Illuminate\\Session\\Middleware\\StartSession->handle(Object(Illuminate\\Http\\Request), Object(Closure))
#63 R:\\SoftwareFiles\\laragon\\www\\richminis\\vendor\\laravel\\framework\\src\\Illuminate\\Http\\Middleware\\TrustProxies.php(39): Illuminate\\Pipeline\\Pipeline->Illuminate\\Pipeline\\{closure}(Object(Illuminate\\Http\\Request))
#64 R:\\SoftwareFiles\\laragon\\www\\richminis\\vendor\\laravel\\framework\\src\\Illuminate\\Pipeline\\Pipeline.php(183): Illuminate\\Http\\Middleware\\TrustProxies->handle(Object(Illuminate\\Http\\Request), Object(Closure))
#65 R:\\SoftwareFiles\\laragon\\www\\richminis\\vendor\\laravel\\framework\\src\\Illuminate\\Foundation\\Http\\Middleware\\TransformsRequest.php(21): Illuminate\\Pipeline\\Pipeline->Illuminate\\Pipeline\\{closure}(Object(Illuminate\\Http\\Request))
#66 R:\\SoftwareFiles\\laragon\\www\\richminis\\vendor\\laravel\\framework\\src\\Illuminate\\Foundation\\Http\\Middleware\\ConvertEmptyStringsToNull.php(31): Illuminate\\Foundation\\Http\\Middleware\\TransformsRequest->handle(Object(Illuminate\\Http\\Request), Object(Closure))
#67 R:\\SoftwareFiles\\laragon\\www\\richminis\\vendor\\laravel\\framework\\src\\Illuminate\\Pipeline\\Pipeline.php(183): Illuminate\\Foundation\\Http\\Middleware\\ConvertEmptyStringsToNull->handle(Object(Illuminate\\Http\\Request), Object(Closure))
#68 R:\\SoftwareFiles\\laragon\\www\\richminis\\vendor\\laravel\\framework\\src\\Illuminate\\Foundation\\Http\\Middleware\\TransformsRequest.php(21): Illuminate\\Pipeline\\Pipeline->Illuminate\\Pipeline\\{closure}(Object(Illuminate\\Http\\Request))
#69 R:\\SoftwareFiles\\laragon\\www\\richminis\\vendor\\laravel\\framework\\src\\Illuminate\\Foundation\\Http\\Middleware\\TrimStrings.php(40): Illuminate\\Foundation\\Http\\Middleware\\TransformsRequest->handle(Object(Illuminate\\Http\\Request), Object(Closure))
#70 R:\\SoftwareFiles\\laragon\\www\\richminis\\vendor\\laravel\\framework\\src\\Illuminate\\Pipeline\\Pipeline.php(183): Illuminate\\Foundation\\Http\\Middleware\\TrimStrings->handle(Object(Illuminate\\Http\\Request), Object(Closure))
#71 R:\\SoftwareFiles\\laragon\\www\\richminis\\vendor\\laravel\\framework\\src\\Illuminate\\Foundation\\Http\\Middleware\\ValidatePostSize.php(27): Illuminate\\Pipeline\\Pipeline->Illuminate\\Pipeline\\{closure}(Object(Illuminate\\Http\\Request))
#72 R:\\SoftwareFiles\\laragon\\www\\richminis\\vendor\\laravel\\framework\\src\\Illuminate\\Pipeline\\Pipeline.php(183): Illuminate\\Foundation\\Http\\Middleware\\ValidatePostSize->handle(Object(Illuminate\\Http\\Request), Object(Closure))
#73 R:\\SoftwareFiles\\laragon\\www\\richminis\\vendor\\laravel\\framework\\src\\Illuminate\\Pipeline\\Pipeline.php(119): Illuminate\\Pipeline\\Pipeline->Illuminate\\Pipeline\\{closure}(Object(Illuminate\\Http\\Request))
#74 R:\\SoftwareFiles\\laragon\\www\\richminis\\vendor\\laravel\\framework\\src\\Illuminate\\Foundation\\Http\\Kernel.php(175): Illuminate\\Pipeline\\Pipeline->then(Object(Closure))
#75 R:\\SoftwareFiles\\laragon\\www\\richminis\\vendor\\laravel\\framework\\src\\Illuminate\\Foundation\\Http\\Kernel.php(144): Illuminate\\Foundation\\Http\\Kernel->sendRequestThroughRouter(Object(Illuminate\\Http\\Request))
#76 R:\\SoftwareFiles\\laragon\\www\\richminis\\index.php(56): Illuminate\\Foundation\\Http\\Kernel->handle(Object(Illuminate\\Http\\Request))
#77 {main}

[previous exception] [object] (Illuminate\\Database\\QueryException(code: 1049): SQLSTATE[HY000] [1049] Unknown database 'richhminis' (Connection: mysql, SQL: select * from `languages` where `code` = en limit 1) at R:\\SoftwareFiles\\laragon\\www\\richminis\\vendor\\laravel\\framework\\src\\Illuminate\\Database\\Connection.php:829)
[stacktrace]
#0 R:\\SoftwareFiles\\laragon\\www\\richminis\\vendor\\laravel\\framework\\src\\Illuminate\\Database\\Connection.php(783): Illuminate\\Database\\Connection->runQueryCallback('select * from `...', Array, Object(Closure))
#1 R:\\SoftwareFiles\\laragon\\www\\richminis\\vendor\\laravel\\framework\\src\\Illuminate\\Database\\Connection.php(414): Illuminate\\Database\\Connection->run('select * from `...', Array, Object(Closure))
#2 R:\\SoftwareFiles\\laragon\\www\\richminis\\vendor\\laravel\\framework\\src\\Illuminate\\Database\\Query\\Builder.php(2913): Illuminate\\Database\\Connection->select('select * from `...', Array, true)
#3 R:\\SoftwareFiles\\laragon\\www\\richminis\\vendor\\laravel\\framework\\src\\Illuminate\\Database\\Query\\Builder.php(2902): Illuminate\\Database\\Query\\Builder->runSelect()
#4 R:\\SoftwareFiles\\laragon\\www\\richminis\\vendor\\laravel\\framework\\src\\Illuminate\\Database\\Query\\Builder.php(3456): Illuminate\\Database\\Query\\Builder->Illuminate\\Database\\Query\\{closure}()
#5 R:\\SoftwareFiles\\laragon\\www\\richminis\\vendor\\laravel\\framework\\src\\Illuminate\\Database\\Query\\Builder.php(2901): Illuminate\\Database\\Query\\Builder->onceWithColumns(Array, Object(Closure))
#6 R:\\SoftwareFiles\\laragon\\www\\richminis\\vendor\\laravel\\framework\\src\\Illuminate\\Database\\Eloquent\\Builder.php(739): Illuminate\\Database\\Query\\Builder->get(Array)
#7 R:\\SoftwareFiles\\laragon\\www\\richminis\\vendor\\laravel\\framework\\src\\Illuminate\\Database\\Eloquent\\Builder.php(723): Illuminate\\Database\\Eloquent\\Builder->getModels(Array)
#8 R:\\SoftwareFiles\\laragon\\www\\richminis\\vendor\\laravel\\framework\\src\\Illuminate\\Database\\Concerns\\BuildsQueries.php(333): Illuminate\\Database\\Eloquent\\Builder->get(Array)
#9 R:\\SoftwareFiles\\laragon\\www\\richminis\\app\\Http\\Helpers.php(1910): Illuminate\\Database\\Eloquent\\Builder->first()
#10 R:\\SoftwareFiles\\laragon\\www\\richminis\\storage\\framework\\views\\01bb5cc1e16cb980c446b7fd8dc941ab.php(4): get_session_language()
#11 R:\\SoftwareFiles\\laragon\\www\\richminis\\vendor\\laravel\\framework\\src\\Illuminate\\Filesystem\\Filesystem.php(123): require('R:\\\\SoftwareFile...')
#12 R:\\SoftwareFiles\\laragon\\www\\richminis\\vendor\\laravel\\framework\\src\\Illuminate\\Filesystem\\Filesystem.php(124): Illuminate\\Filesystem\\Filesystem::Illuminate\\Filesystem\\{closure}()
#13 R:\\SoftwareFiles\\laragon\\www\\richminis\\vendor\\laravel\\framework\\src\\Illuminate\\View\\Engines\\PhpEngine.php(58): Illuminate\\Filesystem\\Filesystem->getRequire('R:\\\\SoftwareFile...', Array)
#14 R:\\SoftwareFiles\\laragon\\www\\richminis\\vendor\\laravel\\framework\\src\\Illuminate\\View\\Engines\\CompilerEngine.php(72): Illuminate\\View\\Engines\\PhpEngine->evaluatePath('R:\\\\SoftwareFile...', Array)
#15 R:\\SoftwareFiles\\laragon\\www\\richminis\\vendor\\laravel\\framework\\src\\Illuminate\\View\\View.php(207): Illuminate\\View\\Engines\\CompilerEngine->get('R:\\\\SoftwareFile...', Array)
#16 R:\\SoftwareFiles\\laragon\\www\\richminis\\vendor\\laravel\\framework\\src\\Illuminate\\View\\View.php(190): Illuminate\\View\\View->getContents()
#17 R:\\SoftwareFiles\\laragon\\www\\richminis\\vendor\\laravel\\framework\\src\\Illuminate\\View\\View.php(159): Illuminate\\View\\View->renderContents()
#18 R:\\SoftwareFiles\\laragon\\www\\richminis\\storage\\framework\\views\\fdd99c090a03634a98480b55657bbf97.php(34): Illuminate\\View\\View->render()
#19 R:\\SoftwareFiles\\laragon\\www\\richminis\\vendor\\laravel\\framework\\src\\Illuminate\\Filesystem\\Filesystem.php(123): require('R:\\\\SoftwareFile...')
#20 R:\\SoftwareFiles\\laragon\\www\\richminis\\vendor\\laravel\\framework\\src\\Illuminate\\Filesystem\\Filesystem.php(124): Illuminate\\Filesystem\\Filesystem::Illuminate\\Filesystem\\{closure}()
#21 R:\\SoftwareFiles\\laragon\\www\\richminis\\vendor\\laravel\\framework\\src\\Illuminate\\View\\Engines\\PhpEngine.php(58): Illuminate\\Filesystem\\Filesystem->getRequire('R:\\\\SoftwareFile...', Array)
#22 R:\\SoftwareFiles\\laragon\\www\\richminis\\vendor\\laravel\\framework\\src\\Illuminate\\View\\Engines\\CompilerEngine.php(72): Illuminate\\View\\Engines\\PhpEngine->evaluatePath('R:\\\\SoftwareFile...', Array)
#23 R:\\SoftwareFiles\\laragon\\www\\richminis\\vendor\\laravel\\framework\\src\\Illuminate\\View\\View.php(207): Illuminate\\View\\Engines\\CompilerEngine->get('R:\\\\SoftwareFile...', Array)
#24 R:\\SoftwareFiles\\laragon\\www\\richminis\\vendor\\laravel\\framework\\src\\Illuminate\\View\\View.php(190): Illuminate\\View\\View->getContents()
#25 R:\\SoftwareFiles\\laragon\\www\\richminis\\vendor\\laravel\\framework\\src\\Illuminate\\View\\View.php(159): Illuminate\\View\\View->renderContents()
#26 R:\\SoftwareFiles\\laragon\\www\\richminis\\vendor\\laravel\\framework\\src\\Illuminate\\Http\\Response.php(69): Illuminate\\View\\View->render()
#27 R:\\SoftwareFiles\\laragon\\www\\richminis\\vendor\\laravel\\framework\\src\\Illuminate\\Http\\Response.php(35): Illuminate\\Http\\Response->setContent(Object(Illuminate\\View\\View))
#28 R:\\SoftwareFiles\\laragon\\www\\richminis\\vendor\\laravel\\framework\\src\\Illuminate\\Routing\\ResponseFactory.php(58): Illuminate\\Http\\Response->__construct(Object(Illuminate\\View\\View), 500, Array)
#29 R:\\SoftwareFiles\\laragon\\www\\richminis\\vendor\\laravel\\framework\\src\\Illuminate\\Routing\\ResponseFactory.php(88): Illuminate\\Routing\\ResponseFactory->make(Object(Illuminate\\View\\View), 500, Array)
#30 R:\\SoftwareFiles\\laragon\\www\\richminis\\vendor\\laravel\\framework\\src\\Illuminate\\Foundation\\Exceptions\\Handler.php(723): Illuminate\\Routing\\ResponseFactory->view('errors::500', Array, 500, Array)
#31 R:\\SoftwareFiles\\laragon\\www\\richminis\\vendor\\laravel\\framework\\src\\Illuminate\\Foundation\\Exceptions\\Handler.php(650): Illuminate\\Foundation\\Exceptions\\Handler->renderHttpException(Object(Symfony\\Component\\HttpKernel\\Exception\\HttpException))
#32 R:\\SoftwareFiles\\laragon\\www\\richminis\\vendor\\laravel\\framework\\src\\Illuminate\\Foundation\\Exceptions\\Handler.php(556): Illuminate\\Foundation\\Exceptions\\Handler->prepareResponse(Object(Illuminate\\Http\\Request), Object(Symfony\\Component\\HttpKernel\\Exception\\HttpException))
#33 R:\\SoftwareFiles\\laragon\\www\\richminis\\vendor\\laravel\\framework\\src\\Illuminate\\Foundation\\Exceptions\\Handler.php(473): Illuminate\\Foundation\\Exceptions\\Handler->renderExceptionResponse(Object(Illuminate\\Http\\Request), Object(Illuminate\\Database\\QueryException))
#34 R:\\SoftwareFiles\\laragon\\www\\richminis\\app\\Exceptions\\Handler.php(59): Illuminate\\Foundation\\Exceptions\\Handler->render(Object(Illuminate\\Http\\Request), Object(Illuminate\\Database\\QueryException))
#35 R:\\SoftwareFiles\\laragon\\www\\richminis\\vendor\\laravel\\framework\\src\\Illuminate\\Routing\\Pipeline.php(51): App\\Exceptions\\Handler->render(Object(Illuminate\\Http\\Request), Object(Illuminate\\Database\\QueryException))
#36 R:\\SoftwareFiles\\laragon\\www\\richminis\\vendor\\laravel\\framework\\src\\Illuminate\\Pipeline\\Pipeline.php(146): Illuminate\\Routing\\Pipeline->handleException(Object(Illuminate\\Http\\Request), Object(Illuminate\\Database\\QueryException))
#37 R:\\SoftwareFiles\\laragon\\www\\richminis\\app\\Http\\Middleware\\CheckForMaintenanceMode.php(64): Illuminate\\Pipeline\\Pipeline->Illuminate\\Pipeline\\{closure}(Object(Illuminate\\Http\\Request))
#38 R:\\SoftwareFiles\\laragon\\www\\richminis\\vendor\\laravel\\framework\\src\\Illuminate\\Pipeline\\Pipeline.php(183): App\\Http\\Middleware\\CheckForMaintenanceMode->handle(Object(Illuminate\\Http\\Request), Object(Closure))
#39 R:\\SoftwareFiles\\laragon\\www\\richminis\\app\\Http\\Middleware\\HttpsProtocol.php(20): Illuminate\\Pipeline\\Pipeline->Illuminate\\Pipeline\\{closure}(Object(Illuminate\\Http\\Request))
#40 R:\\SoftwareFiles\\laragon\\www\\richminis\\vendor\\laravel\\framework\\src\\Illuminate\\Pipeline\\Pipeline.php(183): App\\Http\\Middleware\\HttpsProtocol->handle(Object(Illuminate\\Http\\Request), Object(Closure))
#41 R:\\SoftwareFiles\\laragon\\www\\richminis\\app\\Http\\Middleware\\Language.php(35): Illuminate\\Pipeline\\Pipeline->Illuminate\\Pipeline\\{closure}(Object(Illuminate\\Http\\Request))
#42 R:\\SoftwareFiles\\laragon\\www\\richminis\\vendor\\laravel\\framework\\src\\Illuminate\\Pipeline\\Pipeline.php(183): App\\Http\\Middleware\\Language->handle(Object(Illuminate\\Http\\Request), Object(Closure))
#43 R:\\SoftwareFiles\\laragon\\www\\richminis\\vendor\\laravel\\framework\\src\\Illuminate\\Routing\\Middleware\\SubstituteBindings.php(50): Illuminate\\Pipeline\\Pipeline->Illuminate\\Pipeline\\{closure}(Object(Illuminate\\Http\\Request))
#44 R:\\SoftwareFiles\\laragon\\www\\richminis\\vendor\\laravel\\framework\\src\\Illuminate\\Pipeline\\Pipeline.php(183): Illuminate\\Routing\\Middleware\\SubstituteBindings->handle(Object(Illuminate\\Http\\Request), Object(Closure))
#45 R:\\SoftwareFiles\\laragon\\www\\richminis\\vendor\\laravel\\framework\\src\\Illuminate\\Foundation\\Http\\Middleware\\VerifyCsrfToken.php(78): Illuminate\\Pipeline\\Pipeline->Illuminate\\Pipeline\\{closure}(Object(Illuminate\\Http\\Request))
#46 R:\\SoftwareFiles\\laragon\\www\\richminis\\vendor\\laravel\\framework\\src\\Illuminate\\Pipeline\\Pipeline.php(183): Illuminate\\Foundation\\Http\\Middleware\\VerifyCsrfToken->handle(Object(Illuminate\\Http\\Request), Object(Closure))
#47 R:\\SoftwareFiles\\laragon\\www\\richminis\\vendor\\laravel\\framework\\src\\Illuminate\\Cookie\\Middleware\\AddQueuedCookiesToResponse.php(37): Illuminate\\Pipeline\\Pipeline->Illuminate\\Pipeline\\{closure}(Object(Illuminate\\Http\\Request))
#48 R:\\SoftwareFiles\\laragon\\www\\richminis\\vendor\\laravel\\framework\\src\\Illuminate\\Pipeline\\Pipeline.php(183): Illuminate\\Cookie\\Middleware\\AddQueuedCookiesToResponse->handle(Object(Illuminate\\Http\\Request), Object(Closure))
#49 R:\\SoftwareFiles\\laragon\\www\\richminis\\vendor\\laravel\\framework\\src\\Illuminate\\Pipeline\\Pipeline.php(119): Illuminate\\Pipeline\\Pipeline->Illuminate\\Pipeline\\{closure}(Object(Illuminate\\Http\\Request))
#50 R:\\SoftwareFiles\\laragon\\www\\richminis\\vendor\\laravel\\framework\\src\\Illuminate\\Routing\\Router.php(805): Illuminate\\Pipeline\\Pipeline->then(Object(Closure))
#51 R:\\SoftwareFiles\\laragon\\www\\richminis\\vendor\\laravel\\framework\\src\\Illuminate\\Routing\\Router.php(784): Illuminate\\Routing\\Router->runRouteWithinStack(Object(Illuminate\\Routing\\Route), Object(Illuminate\\Http\\Request))
#52 R:\\SoftwareFiles\\laragon\\www\\richminis\\vendor\\laravel\\framework\\src\\Illuminate\\Routing\\Router.php(748): Illuminate\\Routing\\Router->runRoute(Object(Illuminate\\Http\\Request), Object(Illuminate\\Routing\\Route))
#53 R:\\SoftwareFiles\\laragon\\www\\richminis\\vendor\\laravel\\framework\\src\\Illuminate\\Routing\\Router.php(737): Illuminate\\Routing\\Router->dispatchToRoute(Object(Illuminate\\Http\\Request))
#54 R:\\SoftwareFiles\\laragon\\www\\richminis\\vendor\\laravel\\framework\\src\\Illuminate\\Foundation\\Http\\Kernel.php(200): Illuminate\\Routing\\Router->dispatch(Object(Illuminate\\Http\\Request))
#55 R:\\SoftwareFiles\\laragon\\www\\richminis\\vendor\\laravel\\framework\\src\\Illuminate\\Pipeline\\Pipeline.php(144): Illuminate\\Foundation\\Http\\Kernel->Illuminate\\Foundation\\Http\\{closure}(Object(Illuminate\\Http\\Request))
#56 R:\\SoftwareFiles\\laragon\\www\\richminis\\vendor\\barryvdh\\laravel-debugbar\\src\\Middleware\\InjectDebugbar.php(59): Illuminate\\Pipeline\\Pipeline->Illuminate\\Pipeline\\{closure}(Object(Illuminate\\Http\\Request))
#57 R:\\SoftwareFiles\\laragon\\www\\richminis\\vendor\\laravel\\framework\\src\\Illuminate\\Pipeline\\Pipeline.php(183): Barryvdh\\Debugbar\\Middleware\\InjectDebugbar->handle(Object(Illuminate\\Http\\Request), Object(Closure))
#58 R:\\SoftwareFiles\\laragon\\www\\richminis\\vendor\\laravel\\framework\\src\\Illuminate\\View\\Middleware\\ShareErrorsFromSession.php(49): Illuminate\\Pipeline\\Pipeline->Illuminate\\Pipeline\\{closure}(Object(Illuminate\\Http\\Request))
#59 R:\\SoftwareFiles\\laragon\\www\\richminis\\vendor\\laravel\\framework\\src\\Illuminate\\Pipeline\\Pipeline.php(183): Illuminate\\View\\Middleware\\ShareErrorsFromSession->handle(Object(Illuminate\\Http\\Request), Object(Closure))
#60 R:\\SoftwareFiles\\laragon\\www\\richminis\\vendor\\laravel\\framework\\src\\Illuminate\\Session\\Middleware\\StartSession.php(121): Illuminate\\Pipeline\\Pipeline->Illuminate\\Pipeline\\{closure}(Object(Illuminate\\Http\\Request))
#61 R:\\SoftwareFiles\\laragon\\www\\richminis\\vendor\\laravel\\framework\\src\\Illuminate\\Session\\Middleware\\StartSession.php(64): Illuminate\\Session\\Middleware\\StartSession->handleStatefulRequest(Object(Illuminate\\Http\\Request), Object(Illuminate\\Session\\Store), Object(Closure))
#62 R:\\SoftwareFiles\\laragon\\www\\richminis\\vendor\\laravel\\framework\\src\\Illuminate\\Pipeline\\Pipeline.php(183): Illuminate\\Session\\Middleware\\StartSession->handle(Object(Illuminate\\Http\\Request), Object(Closure))
#63 R:\\SoftwareFiles\\laragon\\www\\richminis\\vendor\\laravel\\framework\\src\\Illuminate\\Http\\Middleware\\TrustProxies.php(39): Illuminate\\Pipeline\\Pipeline->Illuminate\\Pipeline\\{closure}(Object(Illuminate\\Http\\Request))
#64 R:\\SoftwareFiles\\laragon\\www\\richminis\\vendor\\laravel\\framework\\src\\Illuminate\\Pipeline\\Pipeline.php(183): Illuminate\\Http\\Middleware\\TrustProxies->handle(Object(Illuminate\\Http\\Request), Object(Closure))
#65 R:\\SoftwareFiles\\laragon\\www\\richminis\\vendor\\laravel\\framework\\src\\Illuminate\\Foundation\\Http\\Middleware\\TransformsRequest.php(21): Illuminate\\Pipeline\\Pipeline->Illuminate\\Pipeline\\{closure}(Object(Illuminate\\Http\\Request))
#66 R:\\SoftwareFiles\\laragon\\www\\richminis\\vendor\\laravel\\framework\\src\\Illuminate\\Foundation\\Http\\Middleware\\ConvertEmptyStringsToNull.php(31): Illuminate\\Foundation\\Http\\Middleware\\TransformsRequest->handle(Object(Illuminate\\Http\\Request), Object(Closure))
#67 R:\\SoftwareFiles\\laragon\\www\\richminis\\vendor\\laravel\\framework\\src\\Illuminate\\Pipeline\\Pipeline.php(183): Illuminate\\Foundation\\Http\\Middleware\\ConvertEmptyStringsToNull->handle(Object(Illuminate\\Http\\Request), Object(Closure))
#68 R:\\SoftwareFiles\\laragon\\www\\richminis\\vendor\\laravel\\framework\\src\\Illuminate\\Foundation\\Http\\Middleware\\TransformsRequest.php(21): Illuminate\\Pipeline\\Pipeline->Illuminate\\Pipeline\\{closure}(Object(Illuminate\\Http\\Request))
#69 R:\\SoftwareFiles\\laragon\\www\\richminis\\vendor\\laravel\\framework\\src\\Illuminate\\Foundation\\Http\\Middleware\\TrimStrings.php(40): Illuminate\\Foundation\\Http\\Middleware\\TransformsRequest->handle(Object(Illuminate\\Http\\Request), Object(Closure))
#70 R:\\SoftwareFiles\\laragon\\www\\richminis\\vendor\\laravel\\framework\\src\\Illuminate\\Pipeline\\Pipeline.php(183): Illuminate\\Foundation\\Http\\Middleware\\TrimStrings->handle(Object(Illuminate\\Http\\Request), Object(Closure))
#71 R:\\SoftwareFiles\\laragon\\www\\richminis\\vendor\\laravel\\framework\\src\\Illuminate\\Foundation\\Http\\Middleware\\ValidatePostSize.php(27): Illuminate\\Pipeline\\Pipeline->Illuminate\\Pipeline\\{closure}(Object(Illuminate\\Http\\Request))
#72 R:\\SoftwareFiles\\laragon\\www\\richminis\\vendor\\laravel\\framework\\src\\Illuminate\\Pipeline\\Pipeline.php(183): Illuminate\\Foundation\\Http\\Middleware\\ValidatePostSize->handle(Object(Illuminate\\Http\\Request), Object(Closure))
#73 R:\\SoftwareFiles\\laragon\\www\\richminis\\vendor\\laravel\\framework\\src\\Illuminate\\Pipeline\\Pipeline.php(119): Illuminate\\Pipeline\\Pipeline->Illuminate\\Pipeline\\{closure}(Object(Illuminate\\Http\\Request))
#74 R:\\SoftwareFiles\\laragon\\www\\richminis\\vendor\\laravel\\framework\\src\\Illuminate\\Foundation\\Http\\Kernel.php(175): Illuminate\\Pipeline\\Pipeline->then(Object(Closure))
#75 R:\\SoftwareFiles\\laragon\\www\\richminis\\vendor\\laravel\\framework\\src\\Illuminate\\Foundation\\Http\\Kernel.php(144): Illuminate\\Foundation\\Http\\Kernel->sendRequestThroughRouter(Object(Illuminate\\Http\\Request))
#76 R:\\SoftwareFiles\\laragon\\www\\richminis\\index.php(56): Illuminate\\Foundation\\Http\\Kernel->handle(Object(Illuminate\\Http\\Request))
#77 {main}

[previous exception] [object] (PDOException(code: 1049): SQLSTATE[HY000] [1049] Unknown database 'richhminis' at R:\\SoftwareFiles\\laragon\\www\\richminis\\vendor\\laravel\\framework\\src\\Illuminate\\Database\\Connectors\\Connector.php:65)
[stacktrace]
#0 R:\\SoftwareFiles\\laragon\\www\\richminis\\vendor\\laravel\\framework\\src\\Illuminate\\Database\\Connectors\\Connector.php(65): PDO->__construct('mysql:host=loca...', 'test', Object(SensitiveParameterValue), Array)
#1 R:\\SoftwareFiles\\laragon\\www\\richminis\\vendor\\laravel\\framework\\src\\Illuminate\\Database\\Connectors\\Connector.php(44): Illuminate\\Database\\Connectors\\Connector->createPdoConnection('mysql:host=loca...', 'test', 'CEle8OWO', Array)
#2 R:\\SoftwareFiles\\laragon\\www\\richminis\\vendor\\laravel\\framework\\src\\Illuminate\\Database\\Connectors\\MySqlConnector.php(24): Illuminate\\Database\\Connectors\\Connector->createConnection('mysql:host=loca...', Array, Array)
#3 R:\\SoftwareFiles\\laragon\\www\\richminis\\vendor\\laravel\\framework\\src\\Illuminate\\Database\\Connectors\\ConnectionFactory.php(184): Illuminate\\Database\\Connectors\\MySqlConnector->connect(Array)
#4 [internal function]: Illuminate\\Database\\Connectors\\ConnectionFactory->Illuminate\\Database\\Connectors\\{closure}()
#5 R:\\SoftwareFiles\\laragon\\www\\richminis\\vendor\\laravel\\framework\\src\\Illuminate\\Database\\Connection.php(1339): call_user_func(Object(Closure))
#6 R:\\SoftwareFiles\\laragon\\www\\richminis\\vendor\\laravel\\framework\\src\\Illuminate\\Database\\Connection.php(1375): Illuminate\\Database\\Connection->getPdo()
#7 R:\\SoftwareFiles\\laragon\\www\\richminis\\vendor\\laravel\\framework\\src\\Illuminate\\Database\\Connection.php(528): Illuminate\\Database\\Connection->getReadPdo()
#8 R:\\SoftwareFiles\\laragon\\www\\richminis\\vendor\\laravel\\framework\\src\\Illuminate\\Database\\Connection.php(423): Illuminate\\Database\\Connection->getPdoForSelect(true)
#9 R:\\SoftwareFiles\\laragon\\www\\richminis\\vendor\\laravel\\framework\\src\\Illuminate\\Database\\Connection.php(816): Illuminate\\Database\\Connection->Illuminate\\Database\\{closure}('select * from `...', Array)
#10 R:\\SoftwareFiles\\laragon\\www\\richminis\\vendor\\laravel\\framework\\src\\Illuminate\\Database\\Connection.php(783): Illuminate\\Database\\Connection->runQueryCallback('select * from `...', Array, Object(Closure))
#11 R:\\SoftwareFiles\\laragon\\www\\richminis\\vendor\\laravel\\framework\\src\\Illuminate\\Database\\Connection.php(414): Illuminate\\Database\\Connection->run('select * from `...', Array, Object(Closure))
#12 R:\\SoftwareFiles\\laragon\\www\\richminis\\vendor\\laravel\\framework\\src\\Illuminate\\Database\\Query\\Builder.php(2913): Illuminate\\Database\\Connection->select('select * from `...', Array, true)
#13 R:\\SoftwareFiles\\laragon\\www\\richminis\\vendor\\laravel\\framework\\src\\Illuminate\\Database\\Query\\Builder.php(2902): Illuminate\\Database\\Query\\Builder->runSelect()
#14 R:\\SoftwareFiles\\laragon\\www\\richminis\\vendor\\laravel\\framework\\src\\Illuminate\\Database\\Query\\Builder.php(3456): Illuminate\\Database\\Query\\Builder->Illuminate\\Database\\Query\\{closure}()
#15 R:\\SoftwareFiles\\laragon\\www\\richminis\\vendor\\laravel\\framework\\src\\Illuminate\\Database\\Query\\Builder.php(2901): Illuminate\\Database\\Query\\Builder->onceWithColumns(Array, Object(Closure))
#16 R:\\SoftwareFiles\\laragon\\www\\richminis\\vendor\\laravel\\framework\\src\\Illuminate\\Database\\Eloquent\\Builder.php(739): Illuminate\\Database\\Query\\Builder->get(Array)
#17 R:\\SoftwareFiles\\laragon\\www\\richminis\\vendor\\laravel\\framework\\src\\Illuminate\\Database\\Eloquent\\Builder.php(723): Illuminate\\Database\\Eloquent\\Builder->getModels(Array)
#18 R:\\SoftwareFiles\\laragon\\www\\richminis\\vendor\\laravel\\framework\\src\\Illuminate\\Database\\Concerns\\BuildsQueries.php(333): Illuminate\\Database\\Eloquent\\Builder->get(Array)
#19 R:\\SoftwareFiles\\laragon\\www\\richminis\\app\\Http\\Helpers.php(1910): Illuminate\\Database\\Eloquent\\Builder->first()
#20 R:\\SoftwareFiles\\laragon\\www\\richminis\\storage\\framework\\views\\01bb5cc1e16cb980c446b7fd8dc941ab.php(4): get_session_language()
#21 R:\\SoftwareFiles\\laragon\\www\\richminis\\vendor\\laravel\\framework\\src\\Illuminate\\Filesystem\\Filesystem.php(123): require('R:\\\\SoftwareFile...')
#22 R:\\SoftwareFiles\\laragon\\www\\richminis\\vendor\\laravel\\framework\\src\\Illuminate\\Filesystem\\Filesystem.php(124): Illuminate\\Filesystem\\Filesystem::Illuminate\\Filesystem\\{closure}()
#23 R:\\SoftwareFiles\\laragon\\www\\richminis\\vendor\\laravel\\framework\\src\\Illuminate\\View\\Engines\\PhpEngine.php(58): Illuminate\\Filesystem\\Filesystem->getRequire('R:\\\\SoftwareFile...', Array)
#24 R:\\SoftwareFiles\\laragon\\www\\richminis\\vendor\\laravel\\framework\\src\\Illuminate\\View\\Engines\\CompilerEngine.php(72): Illuminate\\View\\Engines\\PhpEngine->evaluatePath('R:\\\\SoftwareFile...', Array)
#25 R:\\SoftwareFiles\\laragon\\www\\richminis\\vendor\\laravel\\framework\\src\\Illuminate\\View\\View.php(207): Illuminate\\View\\Engines\\CompilerEngine->get('R:\\\\SoftwareFile...', Array)
#26 R:\\SoftwareFiles\\laragon\\www\\richminis\\vendor\\laravel\\framework\\src\\Illuminate\\View\\View.php(190): Illuminate\\View\\View->getContents()
#27 R:\\SoftwareFiles\\laragon\\www\\richminis\\vendor\\laravel\\framework\\src\\Illuminate\\View\\View.php(159): Illuminate\\View\\View->renderContents()
#28 R:\\SoftwareFiles\\laragon\\www\\richminis\\storage\\framework\\views\\fdd99c090a03634a98480b55657bbf97.php(34): Illuminate\\View\\View->render()
#29 R:\\SoftwareFiles\\laragon\\www\\richminis\\vendor\\laravel\\framework\\src\\Illuminate\\Filesystem\\Filesystem.php(123): require('R:\\\\SoftwareFile...')
#30 R:\\SoftwareFiles\\laragon\\www\\richminis\\vendor\\laravel\\framework\\src\\Illuminate\\Filesystem\\Filesystem.php(124): Illuminate\\Filesystem\\Filesystem::Illuminate\\Filesystem\\{closure}()
#31 R:\\SoftwareFiles\\laragon\\www\\richminis\\vendor\\laravel\\framework\\src\\Illuminate\\View\\Engines\\PhpEngine.php(58): Illuminate\\Filesystem\\Filesystem->getRequire('R:\\\\SoftwareFile...', Array)
#32 R:\\SoftwareFiles\\laragon\\www\\richminis\\vendor\\laravel\\framework\\src\\Illuminate\\View\\Engines\\CompilerEngine.php(72): Illuminate\\View\\Engines\\PhpEngine->evaluatePath('R:\\\\SoftwareFile...', Array)
#33 R:\\SoftwareFiles\\laragon\\www\\richminis\\vendor\\laravel\\framework\\src\\Illuminate\\View\\View.php(207): Illuminate\\View\\Engines\\CompilerEngine->get('R:\\\\SoftwareFile...', Array)
#34 R:\\SoftwareFiles\\laragon\\www\\richminis\\vendor\\laravel\\framework\\src\\Illuminate\\View\\View.php(190): Illuminate\\View\\View->getContents()
#35 R:\\SoftwareFiles\\laragon\\www\\richminis\\vendor\\laravel\\framework\\src\\Illuminate\\View\\View.php(159): Illuminate\\View\\View->renderContents()
#36 R:\\SoftwareFiles\\laragon\\www\\richminis\\vendor\\laravel\\framework\\src\\Illuminate\\Http\\Response.php(69): Illuminate\\View\\View->render()
#37 R:\\SoftwareFiles\\laragon\\www\\richminis\\vendor\\laravel\\framework\\src\\Illuminate\\Http\\Response.php(35): Illuminate\\Http\\Response->setContent(Object(Illuminate\\View\\View))
#38 R:\\SoftwareFiles\\laragon\\www\\richminis\\vendor\\laravel\\framework\\src\\Illuminate\\Routing\\ResponseFactory.php(58): Illuminate\\Http\\Response->__construct(Object(Illuminate\\View\\View), 500, Array)
#39 R:\\SoftwareFiles\\laragon\\www\\richminis\\vendor\\laravel\\framework\\src\\Illuminate\\Routing\\ResponseFactory.php(88): Illuminate\\Routing\\ResponseFactory->make(Object(Illuminate\\View\\View), 500, Array)
#40 R:\\SoftwareFiles\\laragon\\www\\richminis\\vendor\\laravel\\framework\\src\\Illuminate\\Foundation\\Exceptions\\Handler.php(723): Illuminate\\Routing\\ResponseFactory->view('errors::500', Array, 500, Array)
#41 R:\\SoftwareFiles\\laragon\\www\\richminis\\vendor\\laravel\\framework\\src\\Illuminate\\Foundation\\Exceptions\\Handler.php(650): Illuminate\\Foundation\\Exceptions\\Handler->renderHttpException(Object(Symfony\\Component\\HttpKernel\\Exception\\HttpException))
#42 R:\\SoftwareFiles\\laragon\\www\\richminis\\vendor\\laravel\\framework\\src\\Illuminate\\Foundation\\Exceptions\\Handler.php(556): Illuminate\\Foundation\\Exceptions\\Handler->prepareResponse(Object(Illuminate\\Http\\Request), Object(Symfony\\Component\\HttpKernel\\Exception\\HttpException))
#43 R:\\SoftwareFiles\\laragon\\www\\richminis\\vendor\\laravel\\framework\\src\\Illuminate\\Foundation\\Exceptions\\Handler.php(473): Illuminate\\Foundation\\Exceptions\\Handler->renderExceptionResponse(Object(Illuminate\\Http\\Request), Object(Illuminate\\Database\\QueryException))
#44 R:\\SoftwareFiles\\laragon\\www\\richminis\\app\\Exceptions\\Handler.php(59): Illuminate\\Foundation\\Exceptions\\Handler->render(Object(Illuminate\\Http\\Request), Object(Illuminate\\Database\\QueryException))
#45 R:\\SoftwareFiles\\laragon\\www\\richminis\\vendor\\laravel\\framework\\src\\Illuminate\\Routing\\Pipeline.php(51): App\\Exceptions\\Handler->render(Object(Illuminate\\Http\\Request), Object(Illuminate\\Database\\QueryException))
#46 R:\\SoftwareFiles\\laragon\\www\\richminis\\vendor\\laravel\\framework\\src\\Illuminate\\Pipeline\\Pipeline.php(146): Illuminate\\Routing\\Pipeline->handleException(Object(Illuminate\\Http\\Request), Object(Illuminate\\Database\\QueryException))
#47 R:\\SoftwareFiles\\laragon\\www\\richminis\\app\\Http\\Middleware\\CheckForMaintenanceMode.php(64): Illuminate\\Pipeline\\Pipeline->Illuminate\\Pipeline\\{closure}(Object(Illuminate\\Http\\Request))
#48 R:\\SoftwareFiles\\laragon\\www\\richminis\\vendor\\laravel\\framework\\src\\Illuminate\\Pipeline\\Pipeline.php(183): App\\Http\\Middleware\\CheckForMaintenanceMode->handle(Object(Illuminate\\Http\\Request), Object(Closure))
#49 R:\\SoftwareFiles\\laragon\\www\\richminis\\app\\Http\\Middleware\\HttpsProtocol.php(20): Illuminate\\Pipeline\\Pipeline->Illuminate\\Pipeline\\{closure}(Object(Illuminate\\Http\\Request))
#50 R:\\SoftwareFiles\\laragon\\www\\richminis\\vendor\\laravel\\framework\\src\\Illuminate\\Pipeline\\Pipeline.php(183): App\\Http\\Middleware\\HttpsProtocol->handle(Object(Illuminate\\Http\\Request), Object(Closure))
#51 R:\\SoftwareFiles\\laragon\\www\\richminis\\app\\Http\\Middleware\\Language.php(35): Illuminate\\Pipeline\\Pipeline->Illuminate\\Pipeline\\{closure}(Object(Illuminate\\Http\\Request))
#52 R:\\SoftwareFiles\\laragon\\www\\richminis\\vendor\\laravel\\framework\\src\\Illuminate\\Pipeline\\Pipeline.php(183): App\\Http\\Middleware\\Language->handle(Object(Illuminate\\Http\\Request), Object(Closure))
#53 R:\\SoftwareFiles\\laragon\\www\\richminis\\vendor\\laravel\\framework\\src\\Illuminate\\Routing\\Middleware\\SubstituteBindings.php(50): Illuminate\\Pipeline\\Pipeline->Illuminate\\Pipeline\\{closure}(Object(Illuminate\\Http\\Request))
#54 R:\\SoftwareFiles\\laragon\\www\\richminis\\vendor\\laravel\\framework\\src\\Illuminate\\Pipeline\\Pipeline.php(183): Illuminate\\Routing\\Middleware\\SubstituteBindings->handle(Object(Illuminate\\Http\\Request), Object(Closure))
#55 R:\\SoftwareFiles\\laragon\\www\\richminis\\vendor\\laravel\\framework\\src\\Illuminate\\Foundation\\Http\\Middleware\\VerifyCsrfToken.php(78): Illuminate\\Pipeline\\Pipeline->Illuminate\\Pipeline\\{closure}(Object(Illuminate\\Http\\Request))
#56 R:\\SoftwareFiles\\laragon\\www\\richminis\\vendor\\laravel\\framework\\src\\Illuminate\\Pipeline\\Pipeline.php(183): Illuminate\\Foundation\\Http\\Middleware\\VerifyCsrfToken->handle(Object(Illuminate\\Http\\Request), Object(Closure))
#57 R:\\SoftwareFiles\\laragon\\www\\richminis\\vendor\\laravel\\framework\\src\\Illuminate\\Cookie\\Middleware\\AddQueuedCookiesToResponse.php(37): Illuminate\\Pipeline\\Pipeline->Illuminate\\Pipeline\\{closure}(Object(Illuminate\\Http\\Request))
#58 R:\\SoftwareFiles\\laragon\\www\\richminis\\vendor\\laravel\\framework\\src\\Illuminate\\Pipeline\\Pipeline.php(183): Illuminate\\Cookie\\Middleware\\AddQueuedCookiesToResponse->handle(Object(Illuminate\\Http\\Request), Object(Closure))
#59 R:\\SoftwareFiles\\laragon\\www\\richminis\\vendor\\laravel\\framework\\src\\Illuminate\\Pipeline\\Pipeline.php(119): Illuminate\\Pipeline\\Pipeline->Illuminate\\Pipeline\\{closure}(Object(Illuminate\\Http\\Request))
#60 R:\\SoftwareFiles\\laragon\\www\\richminis\\vendor\\laravel\\framework\\src\\Illuminate\\Routing\\Router.php(805): Illuminate\\Pipeline\\Pipeline->then(Object(Closure))
#61 R:\\SoftwareFiles\\laragon\\www\\richminis\\vendor\\laravel\\framework\\src\\Illuminate\\Routing\\Router.php(784): Illuminate\\Routing\\Router->runRouteWithinStack(Object(Illuminate\\Routing\\Route), Object(Illuminate\\Http\\Request))
#62 R:\\SoftwareFiles\\laragon\\www\\richminis\\vendor\\laravel\\framework\\src\\Illuminate\\Routing\\Router.php(748): Illuminate\\Routing\\Router->runRoute(Object(Illuminate\\Http\\Request), Object(Illuminate\\Routing\\Route))
#63 R:\\SoftwareFiles\\laragon\\www\\richminis\\vendor\\laravel\\framework\\src\\Illuminate\\Routing\\Router.php(737): Illuminate\\Routing\\Router->dispatchToRoute(Object(Illuminate\\Http\\Request))
#64 R:\\SoftwareFiles\\laragon\\www\\richminis\\vendor\\laravel\\framework\\src\\Illuminate\\Foundation\\Http\\Kernel.php(200): Illuminate\\Routing\\Router->dispatch(Object(Illuminate\\Http\\Request))
#65 R:\\SoftwareFiles\\laragon\\www\\richminis\\vendor\\laravel\\framework\\src\\Illuminate\\Pipeline\\Pipeline.php(144): Illuminate\\Foundation\\Http\\Kernel->Illuminate\\Foundation\\Http\\{closure}(Object(Illuminate\\Http\\Request))
#66 R:\\SoftwareFiles\\laragon\\www\\richminis\\vendor\\barryvdh\\laravel-debugbar\\src\\Middleware\\InjectDebugbar.php(59): Illuminate\\Pipeline\\Pipeline->Illuminate\\Pipeline\\{closure}(Object(Illuminate\\Http\\Request))
#67 R:\\SoftwareFiles\\laragon\\www\\richminis\\vendor\\laravel\\framework\\src\\Illuminate\\Pipeline\\Pipeline.php(183): Barryvdh\\Debugbar\\Middleware\\InjectDebugbar->handle(Object(Illuminate\\Http\\Request), Object(Closure))
#68 R:\\SoftwareFiles\\laragon\\www\\richminis\\vendor\\laravel\\framework\\src\\Illuminate\\View\\Middleware\\ShareErrorsFromSession.php(49): Illuminate\\Pipeline\\Pipeline->Illuminate\\Pipeline\\{closure}(Object(Illuminate\\Http\\Request))
#69 R:\\SoftwareFiles\\laragon\\www\\richminis\\vendor\\laravel\\framework\\src\\Illuminate\\Pipeline\\Pipeline.php(183): Illuminate\\View\\Middleware\\ShareErrorsFromSession->handle(Object(Illuminate\\Http\\Request), Object(Closure))
#70 R:\\SoftwareFiles\\laragon\\www\\richminis\\vendor\\laravel\\framework\\src\\Illuminate\\Session\\Middleware\\StartSession.php(121): Illuminate\\Pipeline\\Pipeline->Illuminate\\Pipeline\\{closure}(Object(Illuminate\\Http\\Request))
#71 R:\\SoftwareFiles\\laragon\\www\\richminis\\vendor\\laravel\\framework\\src\\Illuminate\\Session\\Middleware\\StartSession.php(64): Illuminate\\Session\\Middleware\\StartSession->handleStatefulRequest(Object(Illuminate\\Http\\Request), Object(Illuminate\\Session\\Store), Object(Closure))
#72 R:\\SoftwareFiles\\laragon\\www\\richminis\\vendor\\laravel\\framework\\src\\Illuminate\\Pipeline\\Pipeline.php(183): Illuminate\\Session\\Middleware\\StartSession->handle(Object(Illuminate\\Http\\Request), Object(Closure))
#73 R:\\SoftwareFiles\\laragon\\www\\richminis\\vendor\\laravel\\framework\\src\\Illuminate\\Http\\Middleware\\TrustProxies.php(39): Illuminate\\Pipeline\\Pipeline->Illuminate\\Pipeline\\{closure}(Object(Illuminate\\Http\\Request))
#74 R:\\SoftwareFiles\\laragon\\www\\richminis\\vendor\\laravel\\framework\\src\\Illuminate\\Pipeline\\Pipeline.php(183): Illuminate\\Http\\Middleware\\TrustProxies->handle(Object(Illuminate\\Http\\Request), Object(Closure))
#75 R:\\SoftwareFiles\\laragon\\www\\richminis\\vendor\\laravel\\framework\\src\\Illuminate\\Foundation\\Http\\Middleware\\TransformsRequest.php(21): Illuminate\\Pipeline\\Pipeline->Illuminate\\Pipeline\\{closure}(Object(Illuminate\\Http\\Request))
#76 R:\\SoftwareFiles\\laragon\\www\\richminis\\vendor\\laravel\\framework\\src\\Illuminate\\Foundation\\Http\\Middleware\\ConvertEmptyStringsToNull.php(31): Illuminate\\Foundation\\Http\\Middleware\\TransformsRequest->handle(Object(Illuminate\\Http\\Request), Object(Closure))
#77 R:\\SoftwareFiles\\laragon\\www\\richminis\\vendor\\laravel\\framework\\src\\Illuminate\\Pipeline\\Pipeline.php(183): Illuminate\\Foundation\\Http\\Middleware\\ConvertEmptyStringsToNull->handle(Object(Illuminate\\Http\\Request), Object(Closure))
#78 R:\\SoftwareFiles\\laragon\\www\\richminis\\vendor\\laravel\\framework\\src\\Illuminate\\Foundation\\Http\\Middleware\\TransformsRequest.php(21): Illuminate\\Pipeline\\Pipeline->Illuminate\\Pipeline\\{closure}(Object(Illuminate\\Http\\Request))
#79 R:\\SoftwareFiles\\laragon\\www\\richminis\\vendor\\laravel\\framework\\src\\Illuminate\\Foundation\\Http\\Middleware\\TrimStrings.php(40): Illuminate\\Foundation\\Http\\Middleware\\TransformsRequest->handle(Object(Illuminate\\Http\\Request), Object(Closure))
#80 R:\\SoftwareFiles\\laragon\\www\\richminis\\vendor\\laravel\\framework\\src\\Illuminate\\Pipeline\\Pipeline.php(183): Illuminate\\Foundation\\Http\\Middleware\\TrimStrings->handle(Object(Illuminate\\Http\\Request), Object(Closure))
#81 R:\\SoftwareFiles\\laragon\\www\\richminis\\vendor\\laravel\\framework\\src\\Illuminate\\Foundation\\Http\\Middleware\\ValidatePostSize.php(27): Illuminate\\Pipeline\\Pipeline->Illuminate\\Pipeline\\{closure}(Object(Illuminate\\Http\\Request))
#82 R:\\SoftwareFiles\\laragon\\www\\richminis\\vendor\\laravel\\framework\\src\\Illuminate\\Pipeline\\Pipeline.php(183): Illuminate\\Foundation\\Http\\Middleware\\ValidatePostSize->handle(Object(Illuminate\\Http\\Request), Object(Closure))
#83 R:\\SoftwareFiles\\laragon\\www\\richminis\\vendor\\laravel\\framework\\src\\Illuminate\\Pipeline\\Pipeline.php(119): Illuminate\\Pipeline\\Pipeline->Illuminate\\Pipeline\\{closure}(Object(Illuminate\\Http\\Request))
#84 R:\\SoftwareFiles\\laragon\\www\\richminis\\vendor\\laravel\\framework\\src\\Illuminate\\Foundation\\Http\\Kernel.php(175): Illuminate\\Pipeline\\Pipeline->then(Object(Closure))
#85 R:\\SoftwareFiles\\laragon\\www\\richminis\\vendor\\laravel\\framework\\src\\Illuminate\\Foundation\\Http\\Kernel.php(144): Illuminate\\Foundation\\Http\\Kernel->sendRequestThroughRouter(Object(Illuminate\\Http\\Request))
#86 R:\\SoftwareFiles\\laragon\\www\\richminis\\index.php(56): Illuminate\\Foundation\\Http\\Kernel->handle(Object(Illuminate\\Http\\Request))
#87 {main}
"} 
[2026-05-11 12:27:16] local.ERROR: SQLSTATE[HY000] [1049] Unknown database 'richhminis' (Connection: mysql, SQL: select * from `languages` where `code` = en limit 1) {"exception":"[object] (Illuminate\\Database\\QueryException(code: 1049): SQLSTATE[HY000] [1049] Unknown database 'richhminis' (Connection: mysql, SQL: select * from `languages` where `code` = en limit 1) at R:\\SoftwareFiles\\laragon\\www\\richminis\\vendor\\laravel\\framework\\src\\Illuminate\\Database\\Connection.php:829)
[stacktrace]
#0 R:\\SoftwareFiles\\laragon\\www\\richminis\\vendor\\laravel\\framework\\src\\Illuminate\\Database\\Connection.php(783): Illuminate\\Database\\Connection->runQueryCallback('select * from `...', Array, Object(Closure))
#1 R:\\SoftwareFiles\\laragon\\www\\richminis\\vendor\\laravel\\framework\\src\\Illuminate\\Database\\Connection.php(414): Illuminate\\Database\\Connection->run('select * from `...', Array, Object(Closure))
#2 R:\\SoftwareFiles\\laragon\\www\\richminis\\vendor\\laravel\\framework\\src\\Illuminate\\Database\\Query\\Builder.php(2913): Illuminate\\Database\\Connection->select('select * from `...', Array, true)
#3 R:\\SoftwareFiles\\laragon\\www\\richminis\\vendor\\laravel\\framework\\src\\Illuminate\\Database\\Query\\Builder.php(2902): Illuminate\\Database\\Query\\Builder->runSelect()
#4 R:\\SoftwareFiles\\laragon\\www\\richminis\\vendor\\laravel\\framework\\src\\Illuminate\\Database\\Query\\Builder.php(3456): Illuminate\\Database\\Query\\Builder->Illuminate\\Database\\Query\\{closure}()
#5 R:\\SoftwareFiles\\laragon\\www\\richminis\\vendor\\laravel\\framework\\src\\Illuminate\\Database\\Query\\Builder.php(2901): Illuminate\\Database\\Query\\Builder->onceWithColumns(Array, Object(Closure))
#6 R:\\SoftwareFiles\\laragon\\www\\richminis\\vendor\\laravel\\framework\\src\\Illuminate\\Database\\Eloquent\\Builder.php(739): Illuminate\\Database\\Query\\Builder->get(Array)
#7 R:\\SoftwareFiles\\laragon\\www\\richminis\\vendor\\laravel\\framework\\src\\Illuminate\\Database\\Eloquent\\Builder.php(723): Illuminate\\Database\\Eloquent\\Builder->getModels(Array)
#8 R:\\SoftwareFiles\\laragon\\www\\richminis\\vendor\\laravel\\framework\\src\\Illuminate\\Database\\Concerns\\BuildsQueries.php(333): Illuminate\\Database\\Eloquent\\Builder->get(Array)
#9 R:\\SoftwareFiles\\laragon\\www\\richminis\\app\\Http\\Helpers.php(1891): Illuminate\\Database\\Eloquent\\Builder->first()
#10 R:\\SoftwareFiles\\laragon\\www\\richminis\\app\\Http\\Controllers\\HomeController.php(54): get_system_language()
#11 R:\\SoftwareFiles\\laragon\\www\\richminis\\vendor\\laravel\\framework\\src\\Illuminate\\Routing\\Controller.php(54): App\\Http\\Controllers\\HomeController->index()
#12 R:\\SoftwareFiles\\laragon\\www\\richminis\\vendor\\laravel\\framework\\src\\Illuminate\\Routing\\ControllerDispatcher.php(43): Illuminate\\Routing\\Controller->callAction('index', Array)
#13 R:\\SoftwareFiles\\laragon\\www\\richminis\\vendor\\laravel\\framework\\src\\Illuminate\\Routing\\Route.php(259): Illuminate\\Routing\\ControllerDispatcher->dispatch(Object(Illuminate\\Routing\\Route), Object(App\\Http\\Controllers\\HomeController), 'index')
#14 R:\\SoftwareFiles\\laragon\\www\\richminis\\vendor\\laravel\\framework\\src\\Illuminate\\Routing\\Route.php(205): Illuminate\\Routing\\Route->runController()
#15 R:\\SoftwareFiles\\laragon\\www\\richminis\\vendor\\laravel\\framework\\src\\Illuminate\\Routing\\Router.php(806): Illuminate\\Routing\\Route->run()
#16 R:\\SoftwareFiles\\laragon\\www\\richminis\\vendor\\laravel\\framework\\src\\Illuminate\\Pipeline\\Pipeline.php(144): Illuminate\\Routing\\Router->Illuminate\\Routing\\{closure}(Object(Illuminate\\Http\\Request))
#17 R:\\SoftwareFiles\\laragon\\www\\richminis\\app\\Http\\Middleware\\CheckForMaintenanceMode.php(64): Illuminate\\Pipeline\\Pipeline->Illuminate\\Pipeline\\{closure}(Object(Illuminate\\Http\\Request))
#18 R:\\SoftwareFiles\\laragon\\www\\richminis\\vendor\\laravel\\framework\\src\\Illuminate\\Pipeline\\Pipeline.php(183): App\\Http\\Middleware\\CheckForMaintenanceMode->handle(Object(Illuminate\\Http\\Request), Object(Closure))
#19 R:\\SoftwareFiles\\laragon\\www\\richminis\\app\\Http\\Middleware\\HttpsProtocol.php(20): Illuminate\\Pipeline\\Pipeline->Illuminate\\Pipeline\\{closure}(Object(Illuminate\\Http\\Request))
#20 R:\\SoftwareFiles\\laragon\\www\\richminis\\vendor\\laravel\\framework\\src\\Illuminate\\Pipeline\\Pipeline.php(183): App\\Http\\Middleware\\HttpsProtocol->handle(Object(Illuminate\\Http\\Request), Object(Closure))
#21 R:\\SoftwareFiles\\laragon\\www\\richminis\\app\\Http\\Middleware\\Language.php(35): Illuminate\\Pipeline\\Pipeline->Illuminate\\Pipeline\\{closure}(Object(Illuminate\\Http\\Request))
#22 R:\\SoftwareFiles\\laragon\\www\\richminis\\vendor\\laravel\\framework\\src\\Illuminate\\Pipeline\\Pipeline.php(183): App\\Http\\Middleware\\Language->handle(Object(Illuminate\\Http\\Request), Object(Closure))
#23 R:\\SoftwareFiles\\laragon\\www\\richminis\\vendor\\laravel\\framework\\src\\Illuminate\\Routing\\Middleware\\SubstituteBindings.php(50): Illuminate\\Pipeline\\Pipeline->Illuminate\\Pipeline\\{closure}(Object(Illuminate\\Http\\Request))
#24 R:\\SoftwareFiles\\laragon\\www\\richminis\\vendor\\laravel\\framework\\src\\Illuminate\\Pipeline\\Pipeline.php(183): Illuminate\\Routing\\Middleware\\SubstituteBindings->handle(Object(Illuminate\\Http\\Request), Object(Closure))
#25 R:\\SoftwareFiles\\laragon\\www\\richminis\\vendor\\laravel\\framework\\src\\Illuminate\\Foundation\\Http\\Middleware\\VerifyCsrfToken.php(78): Illuminate\\Pipeline\\Pipeline->Illuminate\\Pipeline\\{closure}(Object(Illuminate\\Http\\Request))
#26 R:\\SoftwareFiles\\laragon\\www\\richminis\\vendor\\laravel\\framework\\src\\Illuminate\\Pipeline\\Pipeline.php(183): Illuminate\\Foundation\\Http\\Middleware\\VerifyCsrfToken->handle(Object(Illuminate\\Http\\Request), Object(Closure))
#27 R:\\SoftwareFiles\\laragon\\www\\richminis\\vendor\\laravel\\framework\\src\\Illuminate\\Cookie\\Middleware\\AddQueuedCookiesToResponse.php(37): Illuminate\\Pipeline\\Pipeline->Illuminate\\Pipeline\\{closure}(Object(Illuminate\\Http\\Request))
#28 R:\\SoftwareFiles\\laragon\\www\\richminis\\vendor\\laravel\\framework\\src\\Illuminate\\Pipeline\\Pipeline.php(183): Illuminate\\Cookie\\Middleware\\AddQueuedCookiesToResponse->handle(Object(Illuminate\\Http\\Request), Object(Closure))
#29 R:\\SoftwareFiles\\laragon\\www\\richminis\\vendor\\laravel\\framework\\src\\Illuminate\\Pipeline\\Pipeline.php(119): Illuminate\\Pipeline\\Pipeline->Illuminate\\Pipeline\\{closure}(Object(Illuminate\\Http\\Request))
#30 R:\\SoftwareFiles\\laragon\\www\\richminis\\vendor\\laravel\\framework\\src\\Illuminate\\Routing\\Router.php(805): Illuminate\\Pipeline\\Pipeline->then(Object(Closure))
#31 R:\\SoftwareFiles\\laragon\\www\\richminis\\vendor\\laravel\\framework\\src\\Illuminate\\Routing\\Router.php(784): Illuminate\\Routing\\Router->runRouteWithinStack(Object(Illuminate\\Routing\\Route), Object(Illuminate\\Http\\Request))
#32 R:\\SoftwareFiles\\laragon\\www\\richminis\\vendor\\laravel\\framework\\src\\Illuminate\\Routing\\Router.php(748): Illuminate\\Routing\\Router->runRoute(Object(Illuminate\\Http\\Request), Object(Illuminate\\Routing\\Route))
#33 R:\\SoftwareFiles\\laragon\\www\\richminis\\vendor\\laravel\\framework\\src\\Illuminate\\Routing\\Router.php(737): Illuminate\\Routing\\Router->dispatchToRoute(Object(Illuminate\\Http\\Request))
#34 R:\\SoftwareFiles\\laragon\\www\\richminis\\vendor\\laravel\\framework\\src\\Illuminate\\Foundation\\Http\\Kernel.php(200): Illuminate\\Routing\\Router->dispatch(Object(Illuminate\\Http\\Request))
#35 R:\\SoftwareFiles\\laragon\\www\\richminis\\vendor\\laravel\\framework\\src\\Illuminate\\Pipeline\\Pipeline.php(144): Illuminate\\Foundation\\Http\\Kernel->Illuminate\\Foundation\\Http\\{closure}(Object(Illuminate\\Http\\Request))
#36 R:\\SoftwareFiles\\laragon\\www\\richminis\\vendor\\barryvdh\\laravel-debugbar\\src\\Middleware\\InjectDebugbar.php(59): Illuminate\\Pipeline\\Pipeline->Illuminate\\Pipeline\\{closure}(Object(Illuminate\\Http\\Request))
#37 R:\\SoftwareFiles\\laragon\\www\\richminis\\vendor\\laravel\\framework\\src\\Illuminate\\Pipeline\\Pipeline.php(183): Barryvdh\\Debugbar\\Middleware\\InjectDebugbar->handle(Object(Illuminate\\Http\\Request), Object(Closure))
#38 R:\\SoftwareFiles\\laragon\\www\\richminis\\vendor\\laravel\\framework\\src\\Illuminate\\View\\Middleware\\ShareErrorsFromSession.php(49): Illuminate\\Pipeline\\Pipeline->Illuminate\\Pipeline\\{closure}(Object(Illuminate\\Http\\Request))
#39 R:\\SoftwareFiles\\laragon\\www\\richminis\\vendor\\laravel\\framework\\src\\Illuminate\\Pipeline\\Pipeline.php(183): Illuminate\\View\\Middleware\\ShareErrorsFromSession->handle(Object(Illuminate\\Http\\Request), Object(Closure))
#40 R:\\SoftwareFiles\\laragon\\www\\richminis\\vendor\\laravel\\framework\\src\\Illuminate\\Session\\Middleware\\StartSession.php(121): Illuminate\\Pipeline\\Pipeline->Illuminate\\Pipeline\\{closure}(Object(Illuminate\\Http\\Request))
#41 R:\\SoftwareFiles\\laragon\\www\\richminis\\vendor\\laravel\\framework\\src\\Illuminate\\Session\\Middleware\\StartSession.php(64): Illuminate\\Session\\Middleware\\StartSession->handleStatefulRequest(Object(Illuminate\\Http\\Request), Object(Illuminate\\Session\\Store), Object(Closure))
#42 R:\\SoftwareFiles\\laragon\\www\\richminis\\vendor\\laravel\\framework\\src\\Illuminate\\Pipeline\\Pipeline.php(183): Illuminate\\Session\\Middleware\\StartSession->handle(Object(Illuminate\\Http\\Request), Object(Closure))
#43 R:\\SoftwareFiles\\laragon\\www\\richminis\\vendor\\laravel\\framework\\src\\Illuminate\\Http\\Middleware\\TrustProxies.php(39): Illuminate\\Pipeline\\Pipeline->Illuminate\\Pipeline\\{closure}(Object(Illuminate\\Http\\Request))
#44 R:\\SoftwareFiles\\laragon\\www\\richminis\\vendor\\laravel\\framework\\src\\Illuminate\\Pipeline\\Pipeline.php(183): Illuminate\\Http\\Middleware\\TrustProxies->handle(Object(Illuminate\\Http\\Request), Object(Closure))
#45 R:\\SoftwareFiles\\laragon\\www\\richminis\\vendor\\laravel\\framework\\src\\Illuminate\\Foundation\\Http\\Middleware\\TransformsRequest.php(21): Illuminate\\Pipeline\\Pipeline->Illuminate\\Pipeline\\{closure}(Object(Illuminate\\Http\\Request))
#46 R:\\SoftwareFiles\\laragon\\www\\richminis\\vendor\\laravel\\framework\\src\\Illuminate\\Foundation\\Http\\Middleware\\ConvertEmptyStringsToNull.php(31): Illuminate\\Foundation\\Http\\Middleware\\TransformsRequest->handle(Object(Illuminate\\Http\\Request), Object(Closure))
#47 R:\\SoftwareFiles\\laragon\\www\\richminis\\vendor\\laravel\\framework\\src\\Illuminate\\Pipeline\\Pipeline.php(183): Illuminate\\Foundation\\Http\\Middleware\\ConvertEmptyStringsToNull->handle(Object(Illuminate\\Http\\Request), Object(Closure))
#48 R:\\SoftwareFiles\\laragon\\www\\richminis\\vendor\\laravel\\framework\\src\\Illuminate\\Foundation\\Http\\Middleware\\TransformsRequest.php(21): Illuminate\\Pipeline\\Pipeline->Illuminate\\Pipeline\\{closure}(Object(Illuminate\\Http\\Request))
#49 R:\\SoftwareFiles\\laragon\\www\\richminis\\vendor\\laravel\\framework\\src\\Illuminate\\Foundation\\Http\\Middleware\\TrimStrings.php(40): Illuminate\\Foundation\\Http\\Middleware\\TransformsRequest->handle(Object(Illuminate\\Http\\Request), Object(Closure))
#50 R:\\SoftwareFiles\\laragon\\www\\richminis\\vendor\\laravel\\framework\\src\\Illuminate\\Pipeline\\Pipeline.php(183): Illuminate\\Foundation\\Http\\Middleware\\TrimStrings->handle(Object(Illuminate\\Http\\Request), Object(Closure))
#51 R:\\SoftwareFiles\\laragon\\www\\richminis\\vendor\\laravel\\framework\\src\\Illuminate\\Foundation\\Http\\Middleware\\ValidatePostSize.php(27): Illuminate\\Pipeline\\Pipeline->Illuminate\\Pipeline\\{closure}(Object(Illuminate\\Http\\Request))
#52 R:\\SoftwareFiles\\laragon\\www\\richminis\\vendor\\laravel\\framework\\src\\Illuminate\\Pipeline\\Pipeline.php(183): Illuminate\\Foundation\\Http\\Middleware\\ValidatePostSize->handle(Object(Illuminate\\Http\\Request), Object(Closure))
#53 R:\\SoftwareFiles\\laragon\\www\\richminis\\vendor\\laravel\\framework\\src\\Illuminate\\Pipeline\\Pipeline.php(119): Illuminate\\Pipeline\\Pipeline->Illuminate\\Pipeline\\{closure}(Object(Illuminate\\Http\\Request))
#54 R:\\SoftwareFiles\\laragon\\www\\richminis\\vendor\\laravel\\framework\\src\\Illuminate\\Foundation\\Http\\Kernel.php(175): Illuminate\\Pipeline\\Pipeline->then(Object(Closure))
#55 R:\\SoftwareFiles\\laragon\\www\\richminis\\vendor\\laravel\\framework\\src\\Illuminate\\Foundation\\Http\\Kernel.php(144): Illuminate\\Foundation\\Http\\Kernel->sendRequestThroughRouter(Object(Illuminate\\Http\\Request))
#56 R:\\SoftwareFiles\\laragon\\www\\richminis\\index.php(56): Illuminate\\Foundation\\Http\\Kernel->handle(Object(Illuminate\\Http\\Request))
#57 {main}

[previous exception] [object] (PDOException(code: 1049): SQLSTATE[HY000] [1049] Unknown database 'richhminis' at R:\\SoftwareFiles\\laragon\\www\\richminis\\vendor\\laravel\\framework\\src\\Illuminate\\Database\\Connectors\\Connector.php:65)
[stacktrace]
#0 R:\\SoftwareFiles\\laragon\\www\\richminis\\vendor\\laravel\\framework\\src\\Illuminate\\Database\\Connectors\\Connector.php(65): PDO->__construct('mysql:host=loca...', 'test', Object(SensitiveParameterValue), Array)
#1 R:\\SoftwareFiles\\laragon\\www\\richminis\\vendor\\laravel\\framework\\src\\Illuminate\\Database\\Connectors\\Connector.php(44): Illuminate\\Database\\Connectors\\Connector->createPdoConnection('mysql:host=loca...', 'test', 'CEle8OWO', Array)
#2 R:\\SoftwareFiles\\laragon\\www\\richminis\\vendor\\laravel\\framework\\src\\Illuminate\\Database\\Connectors\\MySqlConnector.php(24): Illuminate\\Database\\Connectors\\Connector->createConnection('mysql:host=loca...', Array, Array)
#3 R:\\SoftwareFiles\\laragon\\www\\richminis\\vendor\\laravel\\framework\\src\\Illuminate\\Database\\Connectors\\ConnectionFactory.php(184): Illuminate\\Database\\Connectors\\MySqlConnector->connect(Array)
#4 [internal function]: Illuminate\\Database\\Connectors\\ConnectionFactory->Illuminate\\Database\\Connectors\\{closure}()
#5 R:\\SoftwareFiles\\laragon\\www\\richminis\\vendor\\laravel\\framework\\src\\Illuminate\\Database\\Connection.php(1339): call_user_func(Object(Closure))
#6 R:\\SoftwareFiles\\laragon\\www\\richminis\\vendor\\laravel\\framework\\src\\Illuminate\\Database\\Connection.php(1375): Illuminate\\Database\\Connection->getPdo()
#7 R:\\SoftwareFiles\\laragon\\www\\richminis\\vendor\\laravel\\framework\\src\\Illuminate\\Database\\Connection.php(528): Illuminate\\Database\\Connection->getReadPdo()
#8 R:\\SoftwareFiles\\laragon\\www\\richminis\\vendor\\laravel\\framework\\src\\Illuminate\\Database\\Connection.php(423): Illuminate\\Database\\Connection->getPdoForSelect(true)
#9 R:\\SoftwareFiles\\laragon\\www\\richminis\\vendor\\laravel\\framework\\src\\Illuminate\\Database\\Connection.php(816): Illuminate\\Database\\Connection->Illuminate\\Database\\{closure}('select * from `...', Array)
#10 R:\\SoftwareFiles\\laragon\\www\\richminis\\vendor\\laravel\\framework\\src\\Illuminate\\Database\\Connection.php(783): Illuminate\\Database\\Connection->runQueryCallback('select * from `...', Array, Object(Closure))
#11 R:\\SoftwareFiles\\laragon\\www\\richminis\\vendor\\laravel\\framework\\src\\Illuminate\\Database\\Connection.php(414): Illuminate\\Database\\Connection->run('select * from `...', Array, Object(Closure))
#12 R:\\SoftwareFiles\\laragon\\www\\richminis\\vendor\\laravel\\framework\\src\\Illuminate\\Database\\Query\\Builder.php(2913): Illuminate\\Database\\Connection->select('select * from `...', Array, true)
#13 R:\\SoftwareFiles\\laragon\\www\\richminis\\vendor\\laravel\\framework\\src\\Illuminate\\Database\\Query\\Builder.php(2902): Illuminate\\Database\\Query\\Builder->runSelect()
#14 R:\\SoftwareFiles\\laragon\\www\\richminis\\vendor\\laravel\\framework\\src\\Illuminate\\Database\\Query\\Builder.php(3456): Illuminate\\Database\\Query\\Builder->Illuminate\\Database\\Query\\{closure}()
#15 R:\\SoftwareFiles\\laragon\\www\\richminis\\vendor\\laravel\\framework\\src\\Illuminate\\Database\\Query\\Builder.php(2901): Illuminate\\Database\\Query\\Builder->onceWithColumns(Array, Object(Closure))
#16 R:\\SoftwareFiles\\laragon\\www\\richminis\\vendor\\laravel\\framework\\src\\Illuminate\\Database\\Eloquent\\Builder.php(739): Illuminate\\Database\\Query\\Builder->get(Array)
#17 R:\\SoftwareFiles\\laragon\\www\\richminis\\vendor\\laravel\\framework\\src\\Illuminate\\Database\\Eloquent\\Builder.php(723): Illuminate\\Database\\Eloquent\\Builder->getModels(Array)
#18 R:\\SoftwareFiles\\laragon\\www\\richminis\\vendor\\laravel\\framework\\src\\Illuminate\\Database\\Concerns\\BuildsQueries.php(333): Illuminate\\Database\\Eloquent\\Builder->get(Array)
#19 R:\\SoftwareFiles\\laragon\\www\\richminis\\app\\Http\\Helpers.php(1891): Illuminate\\Database\\Eloquent\\Builder->first()
#20 R:\\SoftwareFiles\\laragon\\www\\richminis\\app\\Http\\Controllers\\HomeController.php(54): get_system_language()
#21 R:\\SoftwareFiles\\laragon\\www\\richminis\\vendor\\laravel\\framework\\src\\Illuminate\\Routing\\Controller.php(54): App\\Http\\Controllers\\HomeController->index()
#22 R:\\SoftwareFiles\\laragon\\www\\richminis\\vendor\\laravel\\framework\\src\\Illuminate\\Routing\\ControllerDispatcher.php(43): Illuminate\\Routing\\Controller->callAction('index', Array)
#23 R:\\SoftwareFiles\\laragon\\www\\richminis\\vendor\\laravel\\framework\\src\\Illuminate\\Routing\\Route.php(259): Illuminate\\Routing\\ControllerDispatcher->dispatch(Object(Illuminate\\Routing\\Route), Object(App\\Http\\Controllers\\HomeController), 'index')
#24 R:\\SoftwareFiles\\laragon\\www\\richminis\\vendor\\laravel\\framework\\src\\Illuminate\\Routing\\Route.php(205): Illuminate\\Routing\\Route->runController()
#25 R:\\SoftwareFiles\\laragon\\www\\richminis\\vendor\\laravel\\framework\\src\\Illuminate\\Routing\\Router.php(806): Illuminate\\Routing\\Route->run()
#26 R:\\SoftwareFiles\\laragon\\www\\richminis\\vendor\\laravel\\framework\\src\\Illuminate\\Pipeline\\Pipeline.php(144): Illuminate\\Routing\\Router->Illuminate\\Routing\\{closure}(Object(Illuminate\\Http\\Request))
#27 R:\\SoftwareFiles\\laragon\\www\\richminis\\app\\Http\\Middleware\\CheckForMaintenanceMode.php(64): Illuminate\\Pipeline\\Pipeline->Illuminate\\Pipeline\\{closure}(Object(Illuminate\\Http\\Request))
#28 R:\\SoftwareFiles\\laragon\\www\\richminis\\vendor\\laravel\\framework\\src\\Illuminate\\Pipeline\\Pipeline.php(183): App\\Http\\Middleware\\CheckForMaintenanceMode->handle(Object(Illuminate\\Http\\Request), Object(Closure))
#29 R:\\SoftwareFiles\\laragon\\www\\richminis\\app\\Http\\Middleware\\HttpsProtocol.php(20): Illuminate\\Pipeline\\Pipeline->Illuminate\\Pipeline\\{closure}(Object(Illuminate\\Http\\Request))
#30 R:\\SoftwareFiles\\laragon\\www\\richminis\\vendor\\laravel\\framework\\src\\Illuminate\\Pipeline\\Pipeline.php(183): App\\Http\\Middleware\\HttpsProtocol->handle(Object(Illuminate\\Http\\Request), Object(Closure))
#31 R:\\SoftwareFiles\\laragon\\www\\richminis\\app\\Http\\Middleware\\Language.php(35): Illuminate\\Pipeline\\Pipeline->Illuminate\\Pipeline\\{closure}(Object(Illuminate\\Http\\Request))
#32 R:\\SoftwareFiles\\laragon\\www\\richminis\\vendor\\laravel\\framework\\src\\Illuminate\\Pipeline\\Pipeline.php(183): App\\Http\\Middleware\\Language->handle(Object(Illuminate\\Http\\Request), Object(Closure))
#33 R:\\SoftwareFiles\\laragon\\www\\richminis\\vendor\\laravel\\framework\\src\\Illuminate\\Routing\\Middleware\\SubstituteBindings.php(50): Illuminate\\Pipeline\\Pipeline->Illuminate\\Pipeline\\{closure}(Object(Illuminate\\Http\\Request))
#34 R:\\SoftwareFiles\\laragon\\www\\richminis\\vendor\\laravel\\framework\\src\\Illuminate\\Pipeline\\Pipeline.php(183): Illuminate\\Routing\\Middleware\\SubstituteBindings->handle(Object(Illuminate\\Http\\Request), Object(Closure))
#35 R:\\SoftwareFiles\\laragon\\www\\richminis\\vendor\\laravel\\framework\\src\\Illuminate\\Foundation\\Http\\Middleware\\VerifyCsrfToken.php(78): Illuminate\\Pipeline\\Pipeline->Illuminate\\Pipeline\\{closure}(Object(Illuminate\\Http\\Request))
#36 R:\\SoftwareFiles\\laragon\\www\\richminis\\vendor\\laravel\\framework\\src\\Illuminate\\Pipeline\\Pipeline.php(183): Illuminate\\Foundation\\Http\\Middleware\\VerifyCsrfToken->handle(Object(Illuminate\\Http\\Request), Object(Closure))
#37 R:\\SoftwareFiles\\laragon\\www\\richminis\\vendor\\laravel\\framework\\src\\Illuminate\\Cookie\\Middleware\\AddQueuedCookiesToResponse.php(37): Illuminate\\Pipeline\\Pipeline->Illuminate\\Pipeline\\{closure}(Object(Illuminate\\Http\\Request))
#38 R:\\SoftwareFiles\\laragon\\www\\richminis\\vendor\\laravel\\framework\\src\\Illuminate\\Pipeline\\Pipeline.php(183): Illuminate\\Cookie\\Middleware\\AddQueuedCookiesToResponse->handle(Object(Illuminate\\Http\\Request), Object(Closure))
#39 R:\\SoftwareFiles\\laragon\\www\\richminis\\vendor\\laravel\\framework\\src\\Illuminate\\Pipeline\\Pipeline.php(119): Illuminate\\Pipeline\\Pipeline->Illuminate\\Pipeline\\{closure}(Object(Illuminate\\Http\\Request))
#40 R:\\SoftwareFiles\\laragon\\www\\richminis\\vendor\\laravel\\framework\\src\\Illuminate\\Routing\\Router.php(805): Illuminate\\Pipeline\\Pipeline->then(Object(Closure))
#41 R:\\SoftwareFiles\\laragon\\www\\richminis\\vendor\\laravel\\framework\\src\\Illuminate\\Routing\\Router.php(784): Illuminate\\Routing\\Router->runRouteWithinStack(Object(Illuminate\\Routing\\Route), Object(Illuminate\\Http\\Request))
#42 R:\\SoftwareFiles\\laragon\\www\\richminis\\vendor\\laravel\\framework\\src\\Illuminate\\Routing\\Router.php(748): Illuminate\\Routing\\Router->runRoute(Object(Illuminate\\Http\\Request), Object(Illuminate\\Routing\\Route))
#43 R:\\SoftwareFiles\\laragon\\www\\richminis\\vendor\\laravel\\framework\\src\\Illuminate\\Routing\\Router.php(737): Illuminate\\Routing\\Router->dispatchToRoute(Object(Illuminate\\Http\\Request))
#44 R:\\SoftwareFiles\\laragon\\www\\richminis\\vendor\\laravel\\framework\\src\\Illuminate\\Foundation\\Http\\Kernel.php(200): Illuminate\\Routing\\Router->dispatch(Object(Illuminate\\Http\\Request))
#45 R:\\SoftwareFiles\\laragon\\www\\richminis\\vendor\\laravel\\framework\\src\\Illuminate\\Pipeline\\Pipeline.php(144): Illuminate\\Foundation\\Http\\Kernel->Illuminate\\Foundation\\Http\\{closure}(Object(Illuminate\\Http\\Request))
#46 R:\\SoftwareFiles\\laragon\\www\\richminis\\vendor\\barryvdh\\laravel-debugbar\\src\\Middleware\\InjectDebugbar.php(59): Illuminate\\Pipeline\\Pipeline->Illuminate\\Pipeline\\{closure}(Object(Illuminate\\Http\\Request))
#47 R:\\SoftwareFiles\\laragon\\www\\richminis\\vendor\\laravel\\framework\\src\\Illuminate\\Pipeline\\Pipeline.php(183): Barryvdh\\Debugbar\\Middleware\\InjectDebugbar->handle(Object(Illuminate\\Http\\Request), Object(Closure))
#48 R:\\SoftwareFiles\\laragon\\www\\richminis\\vendor\\laravel\\framework\\src\\Illuminate\\View\\Middleware\\ShareErrorsFromSession.php(49): Illuminate\\Pipeline\\Pipeline->Illuminate\\Pipeline\\{closure}(Object(Illuminate\\Http\\Request))
#49 R:\\SoftwareFiles\\laragon\\www\\richminis\\vendor\\laravel\\framework\\src\\Illuminate\\Pipeline\\Pipeline.php(183): Illuminate\\View\\Middleware\\ShareErrorsFromSession->handle(Object(Illuminate\\Http\\Request), Object(Closure))
#50 R:\\SoftwareFiles\\laragon\\www\\richminis\\vendor\\laravel\\framework\\src\\Illuminate\\Session\\Middleware\\StartSession.php(121): Illuminate\\Pipeline\\Pipeline->Illuminate\\Pipeline\\{closure}(Object(Illuminate\\Http\\Request))
#51 R:\\SoftwareFiles\\laragon\\www\\richminis\\vendor\\laravel\\framework\\src\\Illuminate\\Session\\Middleware\\StartSession.php(64): Illuminate\\Session\\Middleware\\StartSession->handleStatefulRequest(Object(Illuminate\\Http\\Request), Object(Illuminate\\Session\\Store), Object(Closure))
#52 R:\\SoftwareFiles\\laragon\\www\\richminis\\vendor\\laravel\\framework\\src\\Illuminate\\Pipeline\\Pipeline.php(183): Illuminate\\Session\\Middleware\\StartSession->handle(Object(Illuminate\\Http\\Request), Object(Closure))
#53 R:\\SoftwareFiles\\laragon\\www\\richminis\\vendor\\laravel\\framework\\src\\Illuminate\\Http\\Middleware\\TrustProxies.php(39): Illuminate\\Pipeline\\Pipeline->Illuminate\\Pipeline\\{closure}(Object(Illuminate\\Http\\Request))
#54 R:\\SoftwareFiles\\laragon\\www\\richminis\\vendor\\laravel\\framework\\src\\Illuminate\\Pipeline\\Pipeline.php(183): Illuminate\\Http\\Middleware\\TrustProxies->handle(Object(Illuminate\\Http\\Request), Object(Closure))
#55 R:\\SoftwareFiles\\laragon\\www\\richminis\\vendor\\laravel\\framework\\src\\Illuminate\\Foundation\\Http\\Middleware\\TransformsRequest.php(21): Illuminate\\Pipeline\\Pipeline->Illuminate\\Pipeline\\{closure}(Object(Illuminate\\Http\\Request))
#56 R:\\SoftwareFiles\\laragon\\www\\richminis\\vendor\\laravel\\framework\\src\\Illuminate\\Foundation\\Http\\Middleware\\ConvertEmptyStringsToNull.php(31): Illuminate\\Foundation\\Http\\Middleware\\TransformsRequest->handle(Object(Illuminate\\Http\\Request), Object(Closure))
#57 R:\\SoftwareFiles\\laragon\\www\\richminis\\vendor\\laravel\\framework\\src\\Illuminate\\Pipeline\\Pipeline.php(183): Illuminate\\Foundation\\Http\\Middleware\\ConvertEmptyStringsToNull->handle(Object(Illuminate\\Http\\Request), Object(Closure))
#58 R:\\SoftwareFiles\\laragon\\www\\richminis\\vendor\\laravel\\framework\\src\\Illuminate\\Foundation\\Http\\Middleware\\TransformsRequest.php(21): Illuminate\\Pipeline\\Pipeline->Illuminate\\Pipeline\\{closure}(Object(Illuminate\\Http\\Request))
#59 R:\\SoftwareFiles\\laragon\\www\\richminis\\vendor\\laravel\\framework\\src\\Illuminate\\Foundation\\Http\\Middleware\\TrimStrings.php(40): Illuminate\\Foundation\\Http\\Middleware\\TransformsRequest->handle(Object(Illuminate\\Http\\Request), Object(Closure))
#60 R:\\SoftwareFiles\\laragon\\www\\richminis\\vendor\\laravel\\framework\\src\\Illuminate\\Pipeline\\Pipeline.php(183): Illuminate\\Foundation\\Http\\Middleware\\TrimStrings->handle(Object(Illuminate\\Http\\Request), Object(Closure))
#61 R:\\SoftwareFiles\\laragon\\www\\richminis\\vendor\\laravel\\framework\\src\\Illuminate\\Foundation\\Http\\Middleware\\ValidatePostSize.php(27): Illuminate\\Pipeline\\Pipeline->Illuminate\\Pipeline\\{closure}(Object(Illuminate\\Http\\Request))
#62 R:\\SoftwareFiles\\laragon\\www\\richminis\\vendor\\laravel\\framework\\src\\Illuminate\\Pipeline\\Pipeline.php(183): Illuminate\\Foundation\\Http\\Middleware\\ValidatePostSize->handle(Object(Illuminate\\Http\\Request), Object(Closure))
#63 R:\\SoftwareFiles\\laragon\\www\\richminis\\vendor\\laravel\\framework\\src\\Illuminate\\Pipeline\\Pipeline.php(119): Illuminate\\Pipeline\\Pipeline->Illuminate\\Pipeline\\{closure}(Object(Illuminate\\Http\\Request))
#64 R:\\SoftwareFiles\\laragon\\www\\richminis\\vendor\\laravel\\framework\\src\\Illuminate\\Foundation\\Http\\Kernel.php(175): Illuminate\\Pipeline\\Pipeline->then(Object(Closure))
#65 R:\\SoftwareFiles\\laragon\\www\\richminis\\vendor\\laravel\\framework\\src\\Illuminate\\Foundation\\Http\\Kernel.php(144): Illuminate\\Foundation\\Http\\Kernel->sendRequestThroughRouter(Object(Illuminate\\Http\\Request))
#66 R:\\SoftwareFiles\\laragon\\www\\richminis\\index.php(56): Illuminate\\Foundation\\Http\\Kernel->handle(Object(Illuminate\\Http\\Request))
#67 {main}
"} 
[2026-05-11 12:27:16] local.ERROR: SQLSTATE[HY000] [1049] Unknown database 'richhminis' (Connection: mysql, SQL: select * from `languages` where `code` = en limit 1) {"view":{"view":"R:\\SoftwareFiles\\laragon\\www\\richminis\\resources\\views\\frontend\\layouts\\app.blade.php","data":{"errors":"<pre class=sf-dump id=sf-dump-56138617 data-indent-pad=\"  \"><span class=sf-dump-note>Illuminate\\Support\\ViewErrorBag</span> {<a class=sf-dump-ref>#4300</a><samp data-depth=1 class=sf-dump-expanded>
  #<span class=sf-dump-protected title=\"Protected property\">bags</span>: []
</samp>}
</pre><script>Sfdump(\"sf-dump-56138617\", {\"maxDepth\":3,\"maxStringLength\":160})</script>
","exception":"<pre class=sf-dump id=sf-dump-2017574068 data-indent-pad=\"  \"><span class=sf-dump-note>Symfony\\Component\\HttpKernel\\Exception\\HttpException</span> {<a class=sf-dump-ref>#4305</a><samp data-depth=1 class=sf-dump-expanded>
  #<span class=sf-dump-protected title=\"Protected property\">message</span>: \"<span class=sf-dump-str title=\"130 characters\">SQLSTATE[HY000] [1049] Unknown database &#039;richhminis&#039; (Connection: mysql, SQL: select * from `languages` where `code` = en limit 1)</span>\"
  #<span class=sf-dump-protected title=\"Protected property\">code</span>: <span class=sf-dump-num>0</span>
  #<span class=sf-dump-protected title=\"Protected property\">file</span>: \"<span class=sf-dump-str title=\"R:\\SoftwareFiles\\laragon\\www\\richminis\\vendor\\laravel\\framework\\src\\Illuminate\\Foundation\\Exceptions\\Handler.php
112 characters\"><span class=\"sf-dump-ellipsis sf-dump-ellipsis-path\">R:\\SoftwareFiles\\laragon\\www\\richminis\\vendor</span><span class=\"sf-dump-ellipsis sf-dump-ellipsis-path\">\\laravel\\framework\\</span>src\\Illuminate\\Foundation\\Exceptions\\Handler.php</span>\"
  #<span class=sf-dump-protected title=\"Protected property\">line</span>: <span class=sf-dump-num>646</span>
  -<span class=sf-dump-private title=\"Private property defined in class:&#10;`Exception`\">previous</span>: <span class=sf-dump-note title=\"Illuminate\\Database\\QueryException
\"><span class=\"sf-dump-ellipsis sf-dump-ellipsis-note\">Illuminate\\Database</span><span class=\"sf-dump-ellipsis sf-dump-ellipsis-note\">\\</span>QueryException</span> {<a class=sf-dump-ref href=#sf-dump-2017574068-ref24272 title=\"6 occurrences\">#4272</a><samp data-depth=2 id=sf-dump-2017574068-ref24272 class=sf-dump-compact>
    #<span class=sf-dump-protected title=\"Protected property\">message</span>: \"<span class=sf-dump-str title=\"130 characters\">SQLSTATE[HY000] [1049] Unknown database &#039;richhminis&#039; (Connection: mysql, SQL: select * from `languages` where `code` = en limit 1)</span>\"
    #<span class=sf-dump-protected title=\"Protected property\">code</span>: <span class=sf-dump-num>1049</span>
    #<span class=sf-dump-protected title=\"Protected property\">file</span>: \"<span class=sf-dump-str title=\"R:\\SoftwareFiles\\laragon\\www\\richminis\\vendor\\laravel\\framework\\src\\Illuminate\\Database\\Connection.php
102 characters\"><span class=\"sf-dump-ellipsis sf-dump-ellipsis-path\">R:\\SoftwareFiles\\laragon\\www\\richminis\\vendor</span><span class=\"sf-dump-ellipsis sf-dump-ellipsis-path\">\\laravel\\framework\\</span>src\\Illuminate\\Database\\Connection.php</span>\"
    #<span class=sf-dump-protected title=\"Protected property\">line</span>: <span class=sf-dump-num>829</span>
    -<span class=sf-dump-private title=\"Private property defined in class:&#10;`Exception`\">previous</span>: <span class=sf-dump-note>PDOException</span> {<a class=sf-dump-ref>#4277</a><samp data-depth=3 class=sf-dump-compact>
      #<span class=sf-dump-protected title=\"Protected property\">message</span>: \"<span class=sf-dump-str title=\"52 characters\">SQLSTATE[HY000] [1049] Unknown database &#039;richhminis&#039;</span>\"
      #<span class=sf-dump-protected title=\"Protected property\">code</span>: <span class=sf-dump-num>1049</span>
      #<span class=sf-dump-protected title=\"Protected property\">file</span>: \"<span class=sf-dump-str title=\"R:\\SoftwareFiles\\laragon\\www\\richminis\\vendor\\laravel\\framework\\src\\Illuminate\\Database\\Connectors\\Connector.php
112 characters\"><span class=\"sf-dump-ellipsis sf-dump-ellipsis-path\">R:\\SoftwareFiles\\laragon\\www\\richminis\\vendor</span><span class=\"sf-dump-ellipsis sf-dump-ellipsis-path\">\\laravel\\framework\\</span>src\\Illuminate\\Database\\Connectors\\Connector.php</span>\"
      #<span class=sf-dump-protected title=\"Protected property\">line</span>: <span class=sf-dump-num>65</span>
      +<span class=sf-dump-public title=\"Public property\">errorInfo</span>: <span class=sf-dump-note>array:3</span> [ &#8230;3]
      <span class=sf-dump-meta>trace</span>: { &#8230;67}
    </samp>}
    +<span class=sf-dump-public title=\"Public property\">errorInfo</span>: <span class=sf-dump-note>array:3</span> [<samp data-depth=3 class=sf-dump-compact>
      <span class=sf-dump-index>0</span> => \"<span class=sf-dump-str title=\"5 characters\">HY000</span>\"
      <span class=sf-dump-index>1</span> => <span class=sf-dump-num>1049</span>
      <span class=sf-dump-index>2</span> => \"<span class=sf-dump-str title=\"29 characters\">Unknown database &#039;richhminis&#039;</span>\"
    </samp>]
    +<span class=sf-dump-public title=\"Public property\">connectionName</span>: \"<span class=sf-dump-str title=\"5 characters\">mysql</span>\"
    #<span class=sf-dump-protected title=\"Protected property\">sql</span>: \"<span class=sf-dump-str title=\"50 characters\">select * from `languages` where `code` = ? limit 1</span>\"
    #<span class=sf-dump-protected title=\"Protected property\">bindings</span>: <span class=sf-dump-note>array:1</span> [<samp data-depth=3 class=sf-dump-compact>
      <span class=sf-dump-index>0</span> => \"<span class=sf-dump-str title=\"2 characters\">en</span>\"
    </samp>]
    <span class=sf-dump-meta>trace</span>: {<samp data-depth=3 class=sf-dump-compact>
      <span class=sf-dump-meta title=\"R:\\SoftwareFiles\\laragon\\www\\richminis\\vendor\\laravel\\framework\\src\\Illuminate\\Database\\Connection.php:829
Stack level 58.\"><span class=\"sf-dump-ellipsis sf-dump-ellipsis-path\">R:\\SoftwareFiles\\laragon\\www\\richminis\\vendor</span><span class=\"sf-dump-ellipsis sf-dump-ellipsis-path\">\\laravel\\framework\\</span>src\\Illuminate\\Database\\Connection.php:829</span> { &#8230;4}
      <span class=sf-dump-meta title=\"R:\\SoftwareFiles\\laragon\\www\\richminis\\vendor\\laravel\\framework\\src\\Illuminate\\Database\\Connection.php:783
Stack level 57.\"><span class=\"sf-dump-ellipsis sf-dump-ellipsis-path\">R:\\SoftwareFiles\\laragon\\www\\richminis\\vendor</span><span class=\"sf-dump-ellipsis sf-dump-ellipsis-path\">\\laravel\\framework\\</span>src\\Illuminate\\Database\\Connection.php:783</span> { &#8230;5}
      <span class=sf-dump-meta title=\"R:\\SoftwareFiles\\laragon\\www\\richminis\\vendor\\laravel\\framework\\src\\Illuminate\\Database\\Connection.php:414
Stack level 56.\"><span class=\"sf-dump-ellipsis sf-dump-ellipsis-path\">R:\\SoftwareFiles\\laragon\\www\\richminis\\vendor</span><span class=\"sf-dump-ellipsis sf-dump-ellipsis-path\">\\laravel\\framework\\</span>src\\Illuminate\\Database\\Connection.php:414</span> { &#8230;5}
      <span class=sf-dump-meta title=\"R:\\SoftwareFiles\\laragon\\www\\richminis\\vendor\\laravel\\framework\\src\\Illuminate\\Database\\Query\\Builder.php:2913
Stack level 55.\"><span class=\"sf-dump-ellipsis sf-dump-ellipsis-path\">R:\\SoftwareFiles\\laragon\\www\\richminis\\vendor</span><span class=\"sf-dump-ellipsis sf-dump-ellipsis-path\">\\laravel\\framework\\</span>src\\Illuminate\\Database\\Query\\Builder.php:2913</span> { &#8230;5}
      <span class=sf-dump-meta title=\"R:\\SoftwareFiles\\laragon\\www\\richminis\\vendor\\laravel\\framework\\src\\Illuminate\\Database\\Query\\Builder.php:2902
Stack level 54.\"><span class=\"sf-dump-ellipsis sf-dump-ellipsis-path\">R:\\SoftwareFiles\\laragon\\www\\richminis\\vendor</span><span class=\"sf-dump-ellipsis sf-dump-ellipsis-path\">\\laravel\\framework\\</span>src\\Illuminate\\Database\\Query\\Builder.php:2902</span> { &#8230;4}
      <span class=sf-dump-meta title=\"R:\\SoftwareFiles\\laragon\\www\\richminis\\vendor\\laravel\\framework\\src\\Illuminate\\Database\\Query\\Builder.php:3456
Stack level 53.\"><span class=\"sf-dump-ellipsis sf-dump-ellipsis-path\">R:\\SoftwareFiles\\laragon\\www\\richminis\\vendor</span><span class=\"sf-dump-ellipsis sf-dump-ellipsis-path\">\\laravel\\framework\\</span>src\\Illuminate\\Database\\Query\\Builder.php:3456</span> { &#8230;4}
      <span class=sf-dump-meta title=\"R:\\SoftwareFiles\\laragon\\www\\richminis\\vendor\\laravel\\framework\\src\\Illuminate\\Database\\Query\\Builder.php:2901
Stack level 52.\"><span class=\"sf-dump-ellipsis sf-dump-ellipsis-path\">R:\\SoftwareFiles\\laragon\\www\\richminis\\vendor</span><span class=\"sf-dump-ellipsis sf-dump-ellipsis-path\">\\laravel\\framework\\</span>src\\Illuminate\\Database\\Query\\Builder.php:2901</span> { &#8230;5}
      <span class=sf-dump-meta title=\"R:\\SoftwareFiles\\laragon\\www\\richminis\\vendor\\laravel\\framework\\src\\Illuminate\\Database\\Eloquent\\Builder.php:739
Stack level 51.\"><span class=\"sf-dump-ellipsis sf-dump-ellipsis-path\">R:\\SoftwareFiles\\laragon\\www\\richminis\\vendor</span><span class=\"sf-dump-ellipsis sf-dump-ellipsis-path\">\\laravel\\framework\\</span>src\\Illuminate\\Database\\Eloquent\\Builder.php:739</span> { &#8230;5}
      <span class=sf-dump-meta title=\"R:\\SoftwareFiles\\laragon\\www\\richminis\\vendor\\laravel\\framework\\src\\Illuminate\\Database\\Eloquent\\Builder.php:723
Stack level 50.\"><span class=\"sf-dump-ellipsis sf-dump-ellipsis-path\">R:\\SoftwareFiles\\laragon\\www\\richminis\\vendor</span><span class=\"sf-dump-ellipsis sf-dump-ellipsis-path\">\\laravel\\framework\\</span>src\\Illuminate\\Database\\Eloquent\\Builder.php:723</span> { &#8230;5}
      <span class=sf-dump-meta title=\"R:\\SoftwareFiles\\laragon\\www\\richminis\\vendor\\laravel\\framework\\src\\Illuminate\\Database\\Concerns\\BuildsQueries.php:333
Stack level 49.\"><span class=\"sf-dump-ellipsis sf-dump-ellipsis-path\">R:\\SoftwareFiles\\laragon\\www\\richminis\\vendor</span><span class=\"sf-dump-ellipsis sf-dump-ellipsis-path\">\\laravel\\framework\\</span>src\\Illuminate\\Database\\Concerns\\BuildsQueries.php:333</span> { &#8230;5}
      <span class=sf-dump-meta title=\"R:\\SoftwareFiles\\laragon\\www\\richminis\\app\\Http\\Helpers.php:1891
Stack level 48.\"><span class=\"sf-dump-ellipsis sf-dump-ellipsis-path\">R:\\SoftwareFiles\\laragon\\www\\richminis</span><span class=\"sf-dump-ellipsis sf-dump-ellipsis-path\">\\</span>app\\Http\\Helpers.php:1891</span> { &#8230;4}
      <span class=sf-dump-meta title=\"R:\\SoftwareFiles\\laragon\\www\\richminis\\app\\Http\\Controllers\\HomeController.php:54
Stack level 47.\"><span class=\"sf-dump-ellipsis sf-dump-ellipsis-path\">R:\\SoftwareFiles\\laragon\\www\\richminis</span><span class=\"sf-dump-ellipsis sf-dump-ellipsis-path\">\\</span>app\\Http\\Controllers\\HomeController.php:54</span> { &#8230;4}
      <span class=sf-dump-meta title=\"R:\\SoftwareFiles\\laragon\\www\\richminis\\vendor\\laravel\\framework\\src\\Illuminate\\Routing\\Controller.php:54
Stack level 46.\"><span class=\"sf-dump-ellipsis sf-dump-ellipsis-path\">R:\\SoftwareFiles\\laragon\\www\\richminis\\vendor</span><span class=\"sf-dump-ellipsis sf-dump-ellipsis-path\">\\laravel\\framework\\</span>src\\Illuminate\\Routing\\Controller.php:54</span> { &#8230;4}
      <span class=sf-dump-meta title=\"R:\\SoftwareFiles\\laragon\\www\\richminis\\vendor\\laravel\\framework\\src\\Illuminate\\Routing\\ControllerDispatcher.php:43
Stack level 45.\"><span class=\"sf-dump-ellipsis sf-dump-ellipsis-path\">R:\\SoftwareFiles\\laragon\\www\\richminis\\vendor</span><span class=\"sf-dump-ellipsis sf-dump-ellipsis-path\">\\laravel\\framework\\</span>src\\Illuminate\\Routing\\ControllerDispatcher.php:43</span> { &#8230;5}
      <span class=sf-dump-meta title=\"R:\\SoftwareFiles\\laragon\\www\\richminis\\vendor\\laravel\\framework\\src\\Illuminate\\Routing\\Route.php:259
Stack level 44.\"><span class=\"sf-dump-ellipsis sf-dump-ellipsis-path\">R:\\SoftwareFiles\\laragon\\www\\richminis\\vendor</span><span class=\"sf-dump-ellipsis sf-dump-ellipsis-path\">\\laravel\\framework\\</span>src\\Illuminate\\Routing\\Route.php:259</span> { &#8230;5}
      <span class=sf-dump-meta title=\"R:\\SoftwareFiles\\laragon\\www\\richminis\\vendor\\laravel\\framework\\src\\Illuminate\\Routing\\Route.php:205
Stack level 43.\"><span class=\"sf-dump-ellipsis sf-dump-ellipsis-path\">R:\\SoftwareFiles\\laragon\\www\\richminis\\vendor</span><span class=\"sf-dump-ellipsis sf-dump-ellipsis-path\">\\laravel\\framework\\</span>src\\Illuminate\\Routing\\Route.php:205</span> { &#8230;4}
      <span class=sf-dump-meta title=\"R:\\SoftwareFiles\\laragon\\www\\richminis\\vendor\\laravel\\framework\\src\\Illuminate\\Routing\\Router.php:806
Stack level 42.\"><span class=\"sf-dump-ellipsis sf-dump-ellipsis-path\">R:\\SoftwareFiles\\laragon\\www\\richminis\\vendor</span><span class=\"sf-dump-ellipsis sf-dump-ellipsis-path\">\\laravel\\framework\\</span>src\\Illuminate\\Routing\\Router.php:806</span> { &#8230;4}
      <span class=sf-dump-meta title=\"R:\\SoftwareFiles\\laragon\\www\\richminis\\vendor\\laravel\\framework\\src\\Illuminate\\Pipeline\\Pipeline.php:144
Stack level 41.\"><span class=\"sf-dump-ellipsis sf-dump-ellipsis-path\">R:\\SoftwareFiles\\laragon\\www\\richminis\\vendor</span><span class=\"sf-dump-ellipsis sf-dump-ellipsis-path\">\\laravel\\framework\\</span>src\\Illuminate\\Pipeline\\Pipeline.php:144</span> { &#8230;5}
      <span class=sf-dump-meta title=\"R:\\SoftwareFiles\\laragon\\www\\richminis\\app\\Http\\Middleware\\CheckForMaintenanceMode.php:64
Stack level 40.\"><span class=\"sf-dump-ellipsis sf-dump-ellipsis-path\">R:\\SoftwareFiles\\laragon\\www\\richminis</span><span class=\"sf-dump-ellipsis sf-dump-ellipsis-path\">\\</span>app\\Http\\Middleware\\CheckForMaintenanceMode.php:64</span> { &#8230;5}
      <span class=sf-dump-meta title=\"R:\\SoftwareFiles\\laragon\\www\\richminis\\vendor\\laravel\\framework\\src\\Illuminate\\Pipeline\\Pipeline.php:183
Stack level 39.\"><span class=\"sf-dump-ellipsis sf-dump-ellipsis-path\">R:\\SoftwareFiles\\laragon\\www\\richminis\\vendor</span><span class=\"sf-dump-ellipsis sf-dump-ellipsis-path\">\\laravel\\framework\\</span>src\\Illuminate\\Pipeline\\Pipeline.php:183</span> { &#8230;5}
      <span class=sf-dump-meta title=\"R:\\SoftwareFiles\\laragon\\www\\richminis\\app\\Http\\Middleware\\HttpsProtocol.php:20
Stack level 38.\"><span class=\"sf-dump-ellipsis sf-dump-ellipsis-path\">R:\\SoftwareFiles\\laragon\\www\\richminis</span><span class=\"sf-dump-ellipsis sf-dump-ellipsis-path\">\\</span>app\\Http\\Middleware\\HttpsProtocol.php:20</span> { &#8230;5}
      <span class=sf-dump-meta title=\"R:\\SoftwareFiles\\laragon\\www\\richminis\\vendor\\laravel\\framework\\src\\Illuminate\\Pipeline\\Pipeline.php:183
Stack level 37.\"><span class=\"sf-dump-ellipsis sf-dump-ellipsis-path\">R:\\SoftwareFiles\\laragon\\www\\richminis\\vendor</span><span class=\"sf-dump-ellipsis sf-dump-ellipsis-path\">\\laravel\\framework\\</span>src\\Illuminate\\Pipeline\\Pipeline.php:183</span> { &#8230;5}
      <span class=sf-dump-meta title=\"R:\\SoftwareFiles\\laragon\\www\\richminis\\app\\Http\\Middleware\\Language.php:35
Stack level 36.\"><span class=\"sf-dump-ellipsis sf-dump-ellipsis-path\">R:\\SoftwareFiles\\laragon\\www\\richminis</span><span class=\"sf-dump-ellipsis sf-dump-ellipsis-path\">\\</span>app\\Http\\Middleware\\Language.php:35</span> { &#8230;5}
      <span class=sf-dump-meta title=\"R:\\SoftwareFiles\\laragon\\www\\richminis\\vendor\\laravel\\framework\\src\\Illuminate\\Pipeline\\Pipeline.php:183
Stack level 35.\"><span class=\"sf-dump-ellipsis sf-dump-ellipsis-path\">R:\\SoftwareFiles\\laragon\\www\\richminis\\vendor</span><span class=\"sf-dump-ellipsis sf-dump-ellipsis-path\">\\laravel\\framework\\</span>src\\Illuminate\\Pipeline\\Pipeline.php:183</span> { &#8230;5}
      <span class=sf-dump-meta title=\"R:\\SoftwareFiles\\laragon\\www\\richminis\\vendor\\laravel\\framework\\src\\Illuminate\\Routing\\Middleware\\SubstituteBindings.php:50
Stack level 34.\"><span class=\"sf-dump-ellipsis sf-dump-ellipsis-path\">R:\\SoftwareFiles\\laragon\\www\\richminis\\vendor</span><span class=\"sf-dump-ellipsis sf-dump-ellipsis-path\">\\laravel\\framework\\</span>src\\Illuminate\\Routing\\Middleware\\SubstituteBindings.php:50</span> { &#8230;5}
      <span class=sf-dump-meta title=\"R:\\SoftwareFiles\\laragon\\www\\richminis\\vendor\\laravel\\framework\\src\\Illuminate\\Pipeline\\Pipeline.php:183
Stack level 33.\"><span class=\"sf-dump-ellipsis sf-dump-ellipsis-path\">R:\\SoftwareFiles\\laragon\\www\\richminis\\vendor</span><span class=\"sf-dump-ellipsis sf-dump-ellipsis-path\">\\laravel\\framework\\</span>src\\Illuminate\\Pipeline\\Pipeline.php:183</span> { &#8230;5}
      <span class=sf-dump-meta title=\"R:\\SoftwareFiles\\laragon\\www\\richminis\\vendor\\laravel\\framework\\src\\Illuminate\\Foundation\\Http\\Middleware\\VerifyCsrfToken.php:78
Stack level 32.\"><span class=\"sf-dump-ellipsis sf-dump-ellipsis-path\">R:\\SoftwareFiles\\laragon\\www\\richminis\\vendor</span><span class=\"sf-dump-ellipsis sf-dump-ellipsis-path\">\\laravel\\framework\\</span>src\\Illuminate\\Foundation\\Http\\Middleware\\VerifyCsrfToken.php:78</span> { &#8230;5}
      <span class=sf-dump-meta title=\"R:\\SoftwareFiles\\laragon\\www\\richminis\\vendor\\laravel\\framework\\src\\Illuminate\\Pipeline\\Pipeline.php:183
Stack level 31.\"><span class=\"sf-dump-ellipsis sf-dump-ellipsis-path\">R:\\SoftwareFiles\\laragon\\www\\richminis\\vendor</span><span class=\"sf-dump-ellipsis sf-dump-ellipsis-path\">\\laravel\\framework\\</span>src\\Illuminate\\Pipeline\\Pipeline.php:183</span> { &#8230;5}
      <span class=sf-dump-meta title=\"R:\\SoftwareFiles\\laragon\\www\\richminis\\vendor\\laravel\\framework\\src\\Illuminate\\Cookie\\Middleware\\AddQueuedCookiesToResponse.php:37
Stack level 30.\"><span class=\"sf-dump-ellipsis sf-dump-ellipsis-path\">R:\\SoftwareFiles\\laragon\\www\\richminis\\vendor</span><span class=\"sf-dump-ellipsis sf-dump-ellipsis-path\">\\laravel\\framework\\</span>src\\Illuminate\\Cookie\\Middleware\\AddQueuedCookiesToResponse.php:37</span> { &#8230;5}
      <span class=sf-dump-meta title=\"R:\\SoftwareFiles\\laragon\\www\\richminis\\vendor\\laravel\\framework\\src\\Illuminate\\Pipeline\\Pipeline.php:183
Stack level 29.\"><span class=\"sf-dump-ellipsis sf-dump-ellipsis-path\">R:\\SoftwareFiles\\laragon\\www\\richminis\\vendor</span><span class=\"sf-dump-ellipsis sf-dump-ellipsis-path\">\\laravel\\framework\\</span>src\\Illuminate\\Pipeline\\Pipeline.php:183</span> { &#8230;5}
      <span class=sf-dump-meta title=\"R:\\SoftwareFiles\\laragon\\www\\richminis\\vendor\\laravel\\framework\\src\\Illuminate\\Pipeline\\Pipeline.php:119
Stack level 28.\"><span class=\"sf-dump-ellipsis sf-dump-ellipsis-path\">R:\\SoftwareFiles\\laragon\\www\\richminis\\vendor</span><span class=\"sf-dump-ellipsis sf-dump-ellipsis-path\">\\laravel\\framework\\</span>src\\Illuminate\\Pipeline\\Pipeline.php:119</span> { &#8230;5}
      <span class=sf-dump-meta title=\"R:\\SoftwareFiles\\laragon\\www\\richminis\\vendor\\laravel\\framework\\src\\Illuminate\\Routing\\Router.php:805
Stack level 27.\"><span class=\"sf-dump-ellipsis sf-dump-ellipsis-path\">R:\\SoftwareFiles\\laragon\\www\\richminis\\vendor</span><span class=\"sf-dump-ellipsis sf-dump-ellipsis-path\">\\laravel\\framework\\</span>src\\Illuminate\\Routing\\Router.php:805</span> { &#8230;5}
      <span class=sf-dump-meta title=\"R:\\SoftwareFiles\\laragon\\www\\richminis\\vendor\\laravel\\framework\\src\\Illuminate\\Routing\\Router.php:784
Stack level 26.\"><span class=\"sf-dump-ellipsis sf-dump-ellipsis-path\">R:\\SoftwareFiles\\laragon\\www\\richminis\\vendor</span><span class=\"sf-dump-ellipsis sf-dump-ellipsis-path\">\\laravel\\framework\\</span>src\\Illuminate\\Routing\\Router.php:784</span> { &#8230;5}
      <span class=sf-dump-meta title=\"R:\\SoftwareFiles\\laragon\\www\\richminis\\vendor\\laravel\\framework\\src\\Illuminate\\Routing\\Router.php:748
Stack level 25.\"><span class=\"sf-dump-ellipsis sf-dump-ellipsis-path\">R:\\SoftwareFiles\\laragon\\www\\richminis\\vendor</span><span class=\"sf-dump-ellipsis sf-dump-ellipsis-path\">\\laravel\\framework\\</span>src\\Illuminate\\Routing\\Router.php:748</span> { &#8230;5}
      <span class=sf-dump-meta title=\"R:\\SoftwareFiles\\laragon\\www\\richminis\\vendor\\laravel\\framework\\src\\Illuminate\\Routing\\Router.php:737
Stack level 24.\"><span class=\"sf-dump-ellipsis sf-dump-ellipsis-path\">R:\\SoftwareFiles\\laragon\\www\\richminis\\vendor</span><span class=\"sf-dump-ellipsis sf-dump-ellipsis-path\">\\laravel\\framework\\</span>src\\Illuminate\\Routing\\Router.php:737</span> { &#8230;5}
      <span class=sf-dump-meta title=\"R:\\SoftwareFiles\\laragon\\www\\richminis\\vendor\\laravel\\framework\\src\\Illuminate\\Foundation\\Http\\Kernel.php:200
Stack level 23.\"><span class=\"sf-dump-ellipsis sf-dump-ellipsis-path\">R:\\SoftwareFiles\\laragon\\www\\richminis\\vendor</span><span class=\"sf-dump-ellipsis sf-dump-ellipsis-path\">\\laravel\\framework\\</span>src\\Illuminate\\Foundation\\Http\\Kernel.php:200</span> { &#8230;5}
      <span class=sf-dump-meta title=\"R:\\SoftwareFiles\\laragon\\www\\richminis\\vendor\\laravel\\framework\\src\\Illuminate\\Pipeline\\Pipeline.php:144
Stack level 22.\"><span class=\"sf-dump-ellipsis sf-dump-ellipsis-path\">R:\\SoftwareFiles\\laragon\\www\\richminis\\vendor</span><span class=\"sf-dump-ellipsis sf-dump-ellipsis-path\">\\laravel\\framework\\</span>src\\Illuminate\\Pipeline\\Pipeline.php:144</span> { &#8230;5}
      <span class=sf-dump-meta title=\"R:\\SoftwareFiles\\laragon\\www\\richminis\\vendor\\barryvdh\\laravel-debugbar\\src\\Middleware\\InjectDebugbar.php:59
Stack level 21.\"><span class=\"sf-dump-ellipsis sf-dump-ellipsis-path\">R:\\SoftwareFiles\\laragon\\www\\richminis\\vendor</span><span class=\"sf-dump-ellipsis sf-dump-ellipsis-path\">\\barryvdh\\laravel-debugbar\\</span>src\\Middleware\\InjectDebugbar.php:59</span> { &#8230;5}
      <span class=sf-dump-meta title=\"R:\\SoftwareFiles\\laragon\\www\\richminis\\vendor\\laravel\\framework\\src\\Illuminate\\Pipeline\\Pipeline.php:183
Stack level 20.\"><span class=\"sf-dump-ellipsis sf-dump-ellipsis-path\">R:\\SoftwareFiles\\laragon\\www\\richminis\\vendor</span><span class=\"sf-dump-ellipsis sf-dump-ellipsis-path\">\\laravel\\framework\\</span>src\\Illuminate\\Pipeline\\Pipeline.php:183</span> { &#8230;5}
      <span class=sf-dump-meta title=\"R:\\SoftwareFiles\\laragon\\www\\richminis\\vendor\\laravel\\framework\\src\\Illuminate\\View\\Middleware\\ShareErrorsFromSession.php:49
Stack level 19.\"><span class=\"sf-dump-ellipsis sf-dump-ellipsis-path\">R:\\SoftwareFiles\\laragon\\www\\richminis\\vendor</span><span class=\"sf-dump-ellipsis sf-dump-ellipsis-path\">\\laravel\\framework\\</span>src\\Illuminate\\View\\Middleware\\ShareErrorsFromSession.php:49</span> { &#8230;5}
      <span class=sf-dump-meta title=\"R:\\SoftwareFiles\\laragon\\www\\richminis\\vendor\\laravel\\framework\\src\\Illuminate\\Pipeline\\Pipeline.php:183
Stack level 18.\"><span class=\"sf-dump-ellipsis sf-dump-ellipsis-path\">R:\\SoftwareFiles\\laragon\\www\\richminis\\vendor</span><span class=\"sf-dump-ellipsis sf-dump-ellipsis-path\">\\laravel\\framework\\</span>src\\Illuminate\\Pipeline\\Pipeline.php:183</span> { &#8230;5}
      <span class=sf-dump-meta title=\"R:\\SoftwareFiles\\laragon\\www\\richminis\\vendor\\laravel\\framework\\src\\Illuminate\\Session\\Middleware\\StartSession.php:121
Stack level 17.\"><span class=\"sf-dump-ellipsis sf-dump-ellipsis-path\">R:\\SoftwareFiles\\laragon\\www\\richminis\\vendor</span><span class=\"sf-dump-ellipsis sf-dump-ellipsis-path\">\\laravel\\framework\\</span>src\\Illuminate\\Session\\Middleware\\StartSession.php:121</span> { &#8230;5}
      <span class=sf-dump-meta title=\"R:\\SoftwareFiles\\laragon\\www\\richminis\\vendor\\laravel\\framework\\src\\Illuminate\\Session\\Middleware\\StartSession.php:64
Stack level 16.\"><span class=\"sf-dump-ellipsis sf-dump-ellipsis-path\">R:\\SoftwareFiles\\laragon\\www\\richminis\\vendor</span><span class=\"sf-dump-ellipsis sf-dump-ellipsis-path\">\\laravel\\framework\\</span>src\\Illuminate\\Session\\Middleware\\StartSession.php:64</span> { &#8230;5}
      <span class=sf-dump-meta title=\"R:\\SoftwareFiles\\laragon\\www\\richminis\\vendor\\laravel\\framework\\src\\Illuminate\\Pipeline\\Pipeline.php:183
Stack level 15.\"><span class=\"sf-dump-ellipsis sf-dump-ellipsis-path\">R:\\SoftwareFiles\\laragon\\www\\richminis\\vendor</span><span class=\"sf-dump-ellipsis sf-dump-ellipsis-path\">\\laravel\\framework\\</span>src\\Illuminate\\Pipeline\\Pipeline.php:183</span> { &#8230;5}
      <span class=sf-dump-meta title=\"R:\\SoftwareFiles\\laragon\\www\\richminis\\vendor\\laravel\\framework\\src\\Illuminate\\Http\\Middleware\\TrustProxies.php:39
Stack level 14.\"><span class=\"sf-dump-ellipsis sf-dump-ellipsis-path\">R:\\SoftwareFiles\\laragon\\www\\richminis\\vendor</span><span class=\"sf-dump-ellipsis sf-dump-ellipsis-path\">\\laravel\\framework\\</span>src\\Illuminate\\Http\\Middleware\\TrustProxies.php:39</span> { &#8230;5}
      <span class=sf-dump-meta title=\"R:\\SoftwareFiles\\laragon\\www\\richminis\\vendor\\laravel\\framework\\src\\Illuminate\\Pipeline\\Pipeline.php:183
Stack level 13.\"><span class=\"sf-dump-ellipsis sf-dump-ellipsis-path\">R:\\SoftwareFiles\\laragon\\www\\richminis\\vendor</span><span class=\"sf-dump-ellipsis sf-dump-ellipsis-path\">\\laravel\\framework\\</span>src\\Illuminate\\Pipeline\\Pipeline.php:183</span> { &#8230;5}
      <span class=sf-dump-meta title=\"R:\\SoftwareFiles\\laragon\\www\\richminis\\vendor\\laravel\\framework\\src\\Illuminate\\Foundation\\Http\\Middleware\\TransformsRequest.php:21
Stack level 12.\"><span class=\"sf-dump-ellipsis sf-dump-ellipsis-path\">R:\\SoftwareFiles\\laragon\\www\\richminis\\vendor</span><span class=\"sf-dump-ellipsis sf-dump-ellipsis-path\">\\laravel\\framework\\</span>src\\Illuminate\\Foundation\\Http\\Middleware\\TransformsRequest.php:21</span> { &#8230;5}
      <span class=sf-dump-meta title=\"R:\\SoftwareFiles\\laragon\\www\\richminis\\vendor\\laravel\\framework\\src\\Illuminate\\Foundation\\Http\\Middleware\\ConvertEmptyStringsToNull.php:31
Stack level 11.\"><span class=\"sf-dump-ellipsis sf-dump-ellipsis-path\">R:\\SoftwareFiles\\laragon\\www\\richminis\\vendor</span><span class=\"sf-dump-ellipsis sf-dump-ellipsis-path\">\\laravel\\framework\\</span>src\\Illuminate\\Foundation\\Http\\Middleware\\ConvertEmptyStringsToNull.php:31</span> { &#8230;5}
      <span class=sf-dump-meta title=\"R:\\SoftwareFiles\\laragon\\www\\richminis\\vendor\\laravel\\framework\\src\\Illuminate\\Pipeline\\Pipeline.php:183
Stack level 10.\"><span class=\"sf-dump-ellipsis sf-dump-ellipsis-path\">R:\\SoftwareFiles\\laragon\\www\\richminis\\vendor</span><span class=\"sf-dump-ellipsis sf-dump-ellipsis-path\">\\laravel\\framework\\</span>src\\Illuminate\\Pipeline\\Pipeline.php:183</span> { &#8230;5}
      <span class=sf-dump-meta title=\"R:\\SoftwareFiles\\laragon\\www\\richminis\\vendor\\laravel\\framework\\src\\Illuminate\\Foundation\\Http\\Middleware\\TransformsRequest.php:21
Stack level 9.\"><span class=\"sf-dump-ellipsis sf-dump-ellipsis-path\">R:\\SoftwareFiles\\laragon\\www\\richminis\\vendor</span><span class=\"sf-dump-ellipsis sf-dump-ellipsis-path\">\\laravel\\framework\\</span>src\\Illuminate\\Foundation\\Http\\Middleware\\TransformsRequest.php:21</span> { &#8230;5}
      <span class=sf-dump-meta title=\"R:\\SoftwareFiles\\laragon\\www\\richminis\\vendor\\laravel\\framework\\src\\Illuminate\\Foundation\\Http\\Middleware\\TrimStrings.php:40
Stack level 8.\"><span class=\"sf-dump-ellipsis sf-dump-ellipsis-path\">R:\\SoftwareFiles\\laragon\\www\\richminis\\vendor</span><span class=\"sf-dump-ellipsis sf-dump-ellipsis-path\">\\laravel\\framework\\</span>src\\Illuminate\\Foundation\\Http\\Middleware\\TrimStrings.php:40</span> { &#8230;5}
      <span class=sf-dump-meta title=\"R:\\SoftwareFiles\\laragon\\www\\richminis\\vendor\\laravel\\framework\\src\\Illuminate\\Pipeline\\Pipeline.php:183
Stack level 7.\"><span class=\"sf-dump-ellipsis sf-dump-ellipsis-path\">R:\\SoftwareFiles\\laragon\\www\\richminis\\vendor</span><span class=\"sf-dump-ellipsis sf-dump-ellipsis-path\">\\laravel\\framework\\</span>src\\Illuminate\\Pipeline\\Pipeline.php:183</span> { &#8230;5}
      <span class=sf-dump-meta title=\"R:\\SoftwareFiles\\laragon\\www\\richminis\\vendor\\laravel\\framework\\src\\Illuminate\\Foundation\\Http\\Middleware\\ValidatePostSize.php:27
Stack level 6.\"><span class=\"sf-dump-ellipsis sf-dump-ellipsis-path\">R:\\SoftwareFiles\\laragon\\www\\richminis\\vendor</span><span class=\"sf-dump-ellipsis sf-dump-ellipsis-path\">\\laravel\\framework\\</span>src\\Illuminate\\Foundation\\Http\\Middleware\\ValidatePostSize.php:27</span> { &#8230;5}
      <span class=sf-dump-meta title=\"R:\\SoftwareFiles\\laragon\\www\\richminis\\vendor\\laravel\\framework\\src\\Illuminate\\Pipeline\\Pipeline.php:183
Stack level 5.\"><span class=\"sf-dump-ellipsis sf-dump-ellipsis-path\">R:\\SoftwareFiles\\laragon\\www\\richminis\\vendor</span><span class=\"sf-dump-ellipsis sf-dump-ellipsis-path\">\\laravel\\framework\\</span>src\\Illuminate\\Pipeline\\Pipeline.php:183</span> { &#8230;5}
      <span class=sf-dump-meta title=\"R:\\SoftwareFiles\\laragon\\www\\richminis\\vendor\\laravel\\framework\\src\\Illuminate\\Pipeline\\Pipeline.php:119
Stack level 4.\"><span class=\"sf-dump-ellipsis sf-dump-ellipsis-path\">R:\\SoftwareFiles\\laragon\\www\\richminis\\vendor</span><span class=\"sf-dump-ellipsis sf-dump-ellipsis-path\">\\laravel\\framework\\</span>src\\Illuminate\\Pipeline\\Pipeline.php:119</span> { &#8230;5}
      <span class=sf-dump-meta title=\"R:\\SoftwareFiles\\laragon\\www\\richminis\\vendor\\laravel\\framework\\src\\Illuminate\\Foundation\\Http\\Kernel.php:175
Stack level 3.\"><span class=\"sf-dump-ellipsis sf-dump-ellipsis-path\">R:\\SoftwareFiles\\laragon\\www\\richminis\\vendor</span><span class=\"sf-dump-ellipsis sf-dump-ellipsis-path\">\\laravel\\framework\\</span>src\\Illuminate\\Foundation\\Http\\Kernel.php:175</span> { &#8230;5}
      <span class=sf-dump-meta title=\"R:\\SoftwareFiles\\laragon\\www\\richminis\\vendor\\laravel\\framework\\src\\Illuminate\\Foundation\\Http\\Kernel.php:144
Stack level 2.\"><span class=\"sf-dump-ellipsis sf-dump-ellipsis-path\">R:\\SoftwareFiles\\laragon\\www\\richminis\\vendor</span><span class=\"sf-dump-ellipsis sf-dump-ellipsis-path\">\\laravel\\framework\\</span>src\\Illuminate\\Foundation\\Http\\Kernel.php:144</span> { &#8230;5}
      <span class=sf-dump-meta title=\"R:\\SoftwareFiles\\laragon\\www\\richminis\\index.php:56
Stack level 1.\"><span class=\"sf-dump-ellipsis sf-dump-ellipsis-path\">R:\\SoftwareFiles\\laragon\\www\\richminis</span><span class=\"sf-dump-ellipsis sf-dump-ellipsis-path\">\\</span>index.php:56</span> { &#8230;4}
    </samp>}
  </samp>}
  -<span class=sf-dump-private title=\"Private property defined in class:&#10;`Symfony\\Component\\HttpKernel\\Exception\\HttpException`\">statusCode</span>: <span class=sf-dump-num>500</span>
  -<span class=sf-dump-private title=\"Private property defined in class:&#10;`Symfony\\Component\\HttpKernel\\Exception\\HttpException`\">headers</span>: []
  <span class=sf-dump-meta>trace</span>: {<samp data-depth=2 class=sf-dump-compact>
    <span class=sf-dump-meta title=\"R:\\SoftwareFiles\\laragon\\www\\richminis\\vendor\\laravel\\framework\\src\\Illuminate\\Foundation\\Exceptions\\Handler.php:646
Stack level 46.\"><span class=\"sf-dump-ellipsis sf-dump-ellipsis-path\">R:\\SoftwareFiles\\laragon\\www\\richminis\\vendor</span><span class=\"sf-dump-ellipsis sf-dump-ellipsis-path\">\\laravel\\framework\\</span>src\\Illuminate\\Foundation\\Exceptions\\Handler.php:646</span> {<samp data-depth=3 class=sf-dump-compact>
      <span class=sf-dump-note title=\"Illuminate\\Foundation\\Exceptions\\Handler-&gt;prepareResponse($request, Throwable $e)
\"><span class=\"sf-dump-ellipsis sf-dump-ellipsis-note\">Illuminate\\Foundation\\Exceptions</span><span class=\"sf-dump-ellipsis sf-dump-ellipsis-note\">\\</span>Handler-&gt;prepareResponse($request, Throwable $e)</span> &#8230;
      &#8250; <code class=\"php\"><span class=sf-dump-default>if (! $this-&gt;isHttpException($e)) {</span></code>
      &#8250; <code class=\"php\"><span class=sf-dump-const title=\"in Illuminate\\Foundation\\Exceptions\\Handler-&gt;prepareResponse($request, Throwable $e)\">    $e = new HttpException(500, $e-&gt;getMessage(), $e);</span></code>
      &#8250; <code class=\"php\"><span class=sf-dump-default>}</span></code>
    </samp>}
    <span class=sf-dump-meta title=\"R:\\SoftwareFiles\\laragon\\www\\richminis\\vendor\\laravel\\framework\\src\\Illuminate\\Foundation\\Exceptions\\Handler.php:556
Stack level 45.\"><span class=\"sf-dump-ellipsis sf-dump-ellipsis-path\">R:\\SoftwareFiles\\laragon\\www\\richminis\\vendor</span><span class=\"sf-dump-ellipsis sf-dump-ellipsis-path\">\\laravel\\framework\\</span>src\\Illuminate\\Foundation\\Exceptions\\Handler.php:556</span> {<samp data-depth=3 class=sf-dump-compact>
      <span class=sf-dump-note title=\"Illuminate\\Foundation\\Exceptions\\Handler-&gt;renderExceptionResponse($request, Throwable $e)
\"><span class=\"sf-dump-ellipsis sf-dump-ellipsis-note\">Illuminate\\Foundation\\Exceptions</span><span class=\"sf-dump-ellipsis sf-dump-ellipsis-note\">\\</span>Handler-&gt;renderExceptionResponse($request, Throwable $e)</span> &#8230;
      &#8250; <code class=\"php\"><span class=sf-dump-default>                ? $this-&gt;prepareJsonResponse($request, $e)</span></code>
      &#8250; <code class=\"php\"><span class=sf-dump-const title=\"in Illuminate\\Foundation\\Exceptions\\Handler-&gt;renderExceptionResponse($request, Throwable $e)\">                : $this-&gt;prepareResponse($request, $e);</span></code>
      &#8250; <code class=\"php\"><span class=sf-dump-default>}</span></code>
      <span class=sf-dump-meta>arguments</span>: { &#8230;2}
    </samp>}
    <span class=sf-dump-meta title=\"R:\\SoftwareFiles\\laragon\\www\\richminis\\vendor\\laravel\\framework\\src\\Illuminate\\Foundation\\Exceptions\\Handler.php:473
Stack level 44.\"><span class=\"sf-dump-ellipsis sf-dump-ellipsis-path\">R:\\SoftwareFiles\\laragon\\www\\richminis\\vendor</span><span class=\"sf-dump-ellipsis sf-dump-ellipsis-path\">\\laravel\\framework\\</span>src\\Illuminate\\Foundation\\Exceptions\\Handler.php:473</span> {<samp data-depth=3 class=sf-dump-compact>
      <span class=sf-dump-note title=\"Illuminate\\Foundation\\Exceptions\\Handler-&gt;render($request, Throwable $e)
\"><span class=\"sf-dump-ellipsis sf-dump-ellipsis-note\">Illuminate\\Foundation\\Exceptions</span><span class=\"sf-dump-ellipsis sf-dump-ellipsis-note\">\\</span>Handler-&gt;render($request, Throwable $e)</span> &#8230;
      &#8250; <code class=\"php\"><span class=sf-dump-default>    $e instanceof ValidationException =&gt; $this-&gt;convertValidationExceptionToResponse($e, $request),</span></code>
      &#8250; <code class=\"php\"><span class=sf-dump-const title=\"in Illuminate\\Foundation\\Exceptions\\Handler-&gt;render($request, Throwable $e)\">    default =&gt; $this-&gt;renderExceptionResponse($request, $e),</span></code>
      &#8250; <code class=\"php\"><span class=sf-dump-default>};</span></code>
      <span class=sf-dump-meta>arguments</span>: { &#8230;2}
    </samp>}
    <span class=sf-dump-meta title=\"R:\\SoftwareFiles\\laragon\\www\\richminis\\app\\Exceptions\\Handler.php:59
Stack level 43.\"><span class=\"sf-dump-ellipsis sf-dump-ellipsis-path\">R:\\SoftwareFiles\\laragon\\www\\richminis</span><span class=\"sf-dump-ellipsis sf-dump-ellipsis-path\">\\</span>app\\Exceptions\\Handler.php:59</span> {<samp data-depth=3 class=sf-dump-compact>
      <span class=sf-dump-note title=\"App\\Exceptions\\Handler-&gt;render($request, Throwable $e)
\"><span class=\"sf-dump-ellipsis sf-dump-ellipsis-note\">App\\Exceptions</span><span class=\"sf-dump-ellipsis sf-dump-ellipsis-note\">\\</span>Handler-&gt;render($request, Throwable $e)</span> &#8230;
      &#8250; <code class=\"php\"><span class=sf-dump-default>{<span class=\"sf-dump-default sf-dump-ns\">\\r</span></span></code>
      &#8250; <code class=\"php\"><span class=sf-dump-const title=\"in App\\Exceptions\\Handler-&gt;render($request, Throwable $e)\">    return parent::render($request, $e);<span class=\"sf-dump-default sf-dump-ns\">\\r</span></span></code>
      &#8250; <code class=\"php\"><span class=sf-dump-default>}<span class=\"sf-dump-default sf-dump-ns\">\\r</span></span></code>
      <span class=sf-dump-meta>arguments</span>: { &#8230;2}
    </samp>}
    <span class=sf-dump-meta title=\"R:\\SoftwareFiles\\laragon\\www\\richminis\\vendor\\laravel\\framework\\src\\Illuminate\\Routing\\Pipeline.php:51
Stack level 42.\"><span class=\"sf-dump-ellipsis sf-dump-ellipsis-path\">R:\\SoftwareFiles\\laragon\\www\\richminis\\vendor</span><span class=\"sf-dump-ellipsis sf-dump-ellipsis-path\">\\laravel\\framework\\</span>src\\Illuminate\\Routing\\Pipeline.php:51</span> {<samp data-depth=3 class=sf-dump-compact>
      <span class=sf-dump-note title=\"Illuminate\\Routing\\Pipeline-&gt;handleException($passable, Throwable $e)
\"><span class=\"sf-dump-ellipsis sf-dump-ellipsis-note\">Illuminate\\Routing</span><span class=\"sf-dump-ellipsis sf-dump-ellipsis-note\">\\</span>Pipeline-&gt;handleException($passable, Throwable $e)</span> &#8230;
      &#8250; 
      &#8250; <code class=\"php\"><span class=sf-dump-const title=\"in Illuminate\\Routing\\Pipeline-&gt;handleException($passable, Throwable $e)\">$response = $handler-&gt;render($passable, $e);</span></code>
      &#8250; 
      <span class=sf-dump-meta>arguments</span>: { &#8230;2}
    </samp>}
    <span class=sf-dump-meta title=\"R:\\SoftwareFiles\\laragon\\www\\richminis\\vendor\\laravel\\framework\\src\\Illuminate\\Pipeline\\Pipeline.php:146
Stack level 41.\"><span class=\"sf-dump-ellipsis sf-dump-ellipsis-path\">R:\\SoftwareFiles\\laragon\\www\\richminis\\vendor</span><span class=\"sf-dump-ellipsis sf-dump-ellipsis-path\">\\laravel\\framework\\</span>src\\Illuminate\\Pipeline\\Pipeline.php:146</span> {<samp data-depth=3 class=sf-dump-compact>
      <span class=sf-dump-note title=\"Illuminate\\Pipeline\\Pipeline-&gt;Illuminate\\Pipeline\\{closure}
\"><span class=\"sf-dump-ellipsis sf-dump-ellipsis-note\">Illuminate\\Pipeline\\Pipeline-&gt;Illuminate\\Pipeline</span><span class=\"sf-dump-ellipsis sf-dump-ellipsis-note\">\\</span>{closure}</span> &#8230;
      &#8250; <code class=\"php\"><span class=sf-dump-default>} catch (Throwable $e) {</span></code>
      &#8250; <code class=\"php\"><span class=sf-dump-const title=\"in Illuminate\\Pipeline\\Pipeline-&gt;Illuminate\\Pipeline\\{closure}\">    return $this-&gt;handleException($passable, $e);</span></code>
      &#8250; <code class=\"php\"><span class=sf-dump-default>}</span></code>
      <span class=sf-dump-meta>arguments</span>: { &#8230;2}
    </samp>}
    <span class=sf-dump-meta title=\"R:\\SoftwareFiles\\laragon\\www\\richminis\\app\\Http\\Middleware\\CheckForMaintenanceMode.php:64
Stack level 40.\"><span class=\"sf-dump-ellipsis sf-dump-ellipsis-path\">R:\\SoftwareFiles\\laragon\\www\\richminis</span><span class=\"sf-dump-ellipsis sf-dump-ellipsis-path\">\\</span>app\\Http\\Middleware\\CheckForMaintenanceMode.php:64</span> {<samp data-depth=3 class=sf-dump-compact>
      <span class=sf-dump-note title=\"App\\Http\\Middleware\\CheckForMaintenanceMode-&gt;handle($request, Closure $next)
\"><span class=\"sf-dump-ellipsis sf-dump-ellipsis-note\">App\\Http\\Middleware</span><span class=\"sf-dump-ellipsis sf-dump-ellipsis-note\">\\</span>CheckForMaintenanceMode-&gt;handle($request, Closure $next)</span> &#8230;
      &#8250; <code class=\"php\"><span class=sf-dump-default><span class=\"sf-dump-default sf-dump-ns\">\\r</span></span></code>
      &#8250; <code class=\"php\"><span class=sf-dump-const title=\"in App\\Http\\Middleware\\CheckForMaintenanceMode-&gt;handle($request, Closure $next)\">    return $next($request);<span class=\"sf-dump-default sf-dump-ns\">\\r</span></span></code>
      &#8250; <code class=\"php\"><span class=sf-dump-default>}<span class=\"sf-dump-default sf-dump-ns\">\\r</span></span></code>
      <span class=sf-dump-meta>arguments</span>: { &#8230;1}
    </samp>}
    <span class=sf-dump-meta title=\"R:\\SoftwareFiles\\laragon\\www\\richminis\\vendor\\laravel\\framework\\src\\Illuminate\\Pipeline\\Pipeline.php:183
Stack level 39.\"><span class=\"sf-dump-ellipsis sf-dump-ellipsis-path\">R:\\SoftwareFiles\\laragon\\www\\richminis\\vendor</span><span class=\"sf-dump-ellipsis sf-dump-ellipsis-path\">\\laravel\\framework\\</span>src\\Illuminate\\Pipeline\\Pipeline.php:183</span> {<samp data-depth=3 class=sf-dump-compact>
      <span class=sf-dump-note title=\"Illuminate\\Pipeline\\Pipeline-&gt;Illuminate\\Pipeline\\{closure}
\"><span class=\"sf-dump-ellipsis sf-dump-ellipsis-note\">Illuminate\\Pipeline\\Pipeline-&gt;Illuminate\\Pipeline</span><span class=\"sf-dump-ellipsis sf-dump-ellipsis-note\">\\</span>{closure}</span> &#8230;
      &#8250; <code class=\"php\"><span class=sf-dump-default>$carry = method_exists($pipe, $this-&gt;method)</span></code>
      &#8250; <code class=\"php\"><span class=sf-dump-const title=\"in Illuminate\\Pipeline\\Pipeline-&gt;Illuminate\\Pipeline\\{closure}\">                ? $pipe-&gt;{$this-&gt;method}(...$parameters)</span></code>
      &#8250; <code class=\"php\"><span class=sf-dump-default>                : $pipe(...$parameters);</span></code>
      <span class=sf-dump-meta>arguments</span>: { &#8230;2}
    </samp>}
    <span class=sf-dump-meta title=\"R:\\SoftwareFiles\\laragon\\www\\richminis\\app\\Http\\Middleware\\HttpsProtocol.php:20
Stack level 38.\"><span class=\"sf-dump-ellipsis sf-dump-ellipsis-path\">R:\\SoftwareFiles\\laragon\\www\\richminis</span><span class=\"sf-dump-ellipsis sf-dump-ellipsis-path\">\\</span>app\\Http\\Middleware\\HttpsProtocol.php:20</span> {<samp data-depth=3 class=sf-dump-compact>
      <span class=sf-dump-note title=\"App\\Http\\Middleware\\HttpsProtocol-&gt;handle($request, Closure $next)
\"><span class=\"sf-dump-ellipsis sf-dump-ellipsis-note\">App\\Http\\Middleware</span><span class=\"sf-dump-ellipsis sf-dump-ellipsis-note\">\\</span>HttpsProtocol-&gt;handle($request, Closure $next)</span> &#8230;
      &#8250; <code class=\"php\"><span class=sf-dump-default>    }<span class=\"sf-dump-default sf-dump-ns\">\\r</span></span></code>
      &#8250; <code class=\"php\"><span class=sf-dump-const title=\"in App\\Http\\Middleware\\HttpsProtocol-&gt;handle($request, Closure $next)\">    return $next($request);<span class=\"sf-dump-default sf-dump-ns\">\\r</span></span></code>
      &#8250; <code class=\"php\"><span class=sf-dump-default>}<span class=\"sf-dump-default sf-dump-ns\">\\r</span></span></code>
      <span class=sf-dump-meta>arguments</span>: { &#8230;1}
    </samp>}
    <span class=sf-dump-meta title=\"R:\\SoftwareFiles\\laragon\\www\\richminis\\vendor\\laravel\\framework\\src\\Illuminate\\Pipeline\\Pipeline.php:183
Stack level 37.\"><span class=\"sf-dump-ellipsis sf-dump-ellipsis-path\">R:\\SoftwareFiles\\laragon\\www\\richminis\\vendor</span><span class=\"sf-dump-ellipsis sf-dump-ellipsis-path\">\\laravel\\framework\\</span>src\\Illuminate\\Pipeline\\Pipeline.php:183</span> {<samp data-depth=3 class=sf-dump-compact>
      <span class=sf-dump-note title=\"Illuminate\\Pipeline\\Pipeline-&gt;Illuminate\\Pipeline\\{closure}
\"><span class=\"sf-dump-ellipsis sf-dump-ellipsis-note\">Illuminate\\Pipeline\\Pipeline-&gt;Illuminate\\Pipeline</span><span class=\"sf-dump-ellipsis sf-dump-ellipsis-note\">\\</span>{closure}</span> &#8230;
      &#8250; <code class=\"php\"><span class=sf-dump-default>$carry = method_exists($pipe, $this-&gt;method)</span></code>
      &#8250; <code class=\"php\"><span class=sf-dump-const title=\"in Illuminate\\Pipeline\\Pipeline-&gt;Illuminate\\Pipeline\\{closure}\">                ? $pipe-&gt;{$this-&gt;method}(...$parameters)</span></code>
      &#8250; <code class=\"php\"><span class=sf-dump-default>                : $pipe(...$parameters);</span></code>
      <span class=sf-dump-meta>arguments</span>: { &#8230;2}
    </samp>}
    <span class=sf-dump-meta title=\"R:\\SoftwareFiles\\laragon\\www\\richminis\\app\\Http\\Middleware\\Language.php:35
Stack level 36.\"><span class=\"sf-dump-ellipsis sf-dump-ellipsis-path\">R:\\SoftwareFiles\\laragon\\www\\richminis</span><span class=\"sf-dump-ellipsis sf-dump-ellipsis-path\">\\</span>app\\Http\\Middleware\\Language.php:35</span> {<samp data-depth=3 class=sf-dump-compact>
      <span class=sf-dump-note title=\"App\\Http\\Middleware\\Language-&gt;handle($request, Closure $next)
\"><span class=\"sf-dump-ellipsis sf-dump-ellipsis-note\">App\\Http\\Middleware</span><span class=\"sf-dump-ellipsis sf-dump-ellipsis-note\">\\</span>Language-&gt;handle($request, Closure $next)</span> &#8230;
      &#8250; <code class=\"php\"><span class=sf-dump-default><span class=\"sf-dump-default sf-dump-ns\">\\r</span></span></code>
      &#8250; <code class=\"php\"><span class=sf-dump-const title=\"in App\\Http\\Middleware\\Language-&gt;handle($request, Closure $next)\">    return $next($request);<span class=\"sf-dump-default sf-dump-ns\">\\r</span></span></code>
      &#8250; <code class=\"php\"><span class=sf-dump-default>}<span class=\"sf-dump-default sf-dump-ns\">\\r</span></span></code>
      <span class=sf-dump-meta>arguments</span>: { &#8230;1}
    </samp>}
    <span class=sf-dump-meta title=\"R:\\SoftwareFiles\\laragon\\www\\richminis\\vendor\\laravel\\framework\\src\\Illuminate\\Pipeline\\Pipeline.php:183
Stack level 35.\"><span class=\"sf-dump-ellipsis sf-dump-ellipsis-path\">R:\\SoftwareFiles\\laragon\\www\\richminis\\vendor</span><span class=\"sf-dump-ellipsis sf-dump-ellipsis-path\">\\laravel\\framework\\</span>src\\Illuminate\\Pipeline\\Pipeline.php:183</span> {<samp data-depth=3 class=sf-dump-compact>
      <span class=sf-dump-note title=\"Illuminate\\Pipeline\\Pipeline-&gt;Illuminate\\Pipeline\\{closure}
\"><span class=\"sf-dump-ellipsis sf-dump-ellipsis-note\">Illuminate\\Pipeline\\Pipeline-&gt;Illuminate\\Pipeline</span><span class=\"sf-dump-ellipsis sf-dump-ellipsis-note\">\\</span>{closure}</span> &#8230;
      &#8250; <code class=\"php\"><span class=sf-dump-default>$carry = method_exists($pipe, $this-&gt;method)</span></code>
      &#8250; <code class=\"php\"><span class=sf-dump-const title=\"in Illuminate\\Pipeline\\Pipeline-&gt;Illuminate\\Pipeline\\{closure}\">                ? $pipe-&gt;{$this-&gt;method}(...$parameters)</span></code>
      &#8250; <code class=\"php\"><span class=sf-dump-default>                : $pipe(...$parameters);</span></code>
      <span class=sf-dump-meta>arguments</span>: { &#8230;2}
    </samp>}
    <span class=sf-dump-meta title=\"R:\\SoftwareFiles\\laragon\\www\\richminis\\vendor\\laravel\\framework\\src\\Illuminate\\Routing\\Middleware\\SubstituteBindings.php:50
Stack level 34.\"><span class=\"sf-dump-ellipsis sf-dump-ellipsis-path\">R:\\SoftwareFiles\\laragon\\www\\richminis\\vendor</span><span class=\"sf-dump-ellipsis sf-dump-ellipsis-path\">\\laravel\\framework\\</span>src\\Illuminate\\Routing\\Middleware\\SubstituteBindings.php:50</span> {<samp data-depth=3 class=sf-dump-compact>
      <span class=sf-dump-note title=\"Illuminate\\Routing\\Middleware\\SubstituteBindings-&gt;handle($request, Closure $next)
\"><span class=\"sf-dump-ellipsis sf-dump-ellipsis-note\">Illuminate\\Routing\\Middleware</span><span class=\"sf-dump-ellipsis sf-dump-ellipsis-note\">\\</span>SubstituteBindings-&gt;handle($request, Closure $next)</span> &#8230;
      &#8250; 
      &#8250; <code class=\"php\"><span class=sf-dump-const title=\"in Illuminate\\Routing\\Middleware\\SubstituteBindings-&gt;handle($request, Closure $next)\">    return $next($request);</span></code>
      &#8250; <code class=\"php\"><span class=sf-dump-default>}</span></code>
      <span class=sf-dump-meta>arguments</span>: { &#8230;1}
    </samp>}
    <span class=sf-dump-meta title=\"R:\\SoftwareFiles\\laragon\\www\\richminis\\vendor\\laravel\\framework\\src\\Illuminate\\Pipeline\\Pipeline.php:183
Stack level 33.\"><span class=\"sf-dump-ellipsis sf-dump-ellipsis-path\">R:\\SoftwareFiles\\laragon\\www\\richminis\\vendor</span><span class=\"sf-dump-ellipsis sf-dump-ellipsis-path\">\\laravel\\framework\\</span>src\\Illuminate\\Pipeline\\Pipeline.php:183</span> {<samp data-depth=3 class=sf-dump-compact>
      <span class=sf-dump-note title=\"Illuminate\\Pipeline\\Pipeline-&gt;Illuminate\\Pipeline\\{closure}
\"><span class=\"sf-dump-ellipsis sf-dump-ellipsis-note\">Illuminate\\Pipeline\\Pipeline-&gt;Illuminate\\Pipeline</span><span class=\"sf-dump-ellipsis sf-dump-ellipsis-note\">\\</span>{closure}</span> &#8230;
      &#8250; <code class=\"php\"><span class=sf-dump-default>$carry = method_exists($pipe, $this-&gt;method)</span></code>
      &#8250; <code class=\"php\"><span class=sf-dump-const title=\"in Illuminate\\Pipeline\\Pipeline-&gt;Illuminate\\Pipeline\\{closure}\">                ? $pipe-&gt;{$this-&gt;method}(...$parameters)</span></code>
      &#8250; <code class=\"php\"><span class=sf-dump-default>                : $pipe(...$parameters);</span></code>
      <span class=sf-dump-meta>arguments</span>: { &#8230;2}
    </samp>}
    <span class=sf-dump-meta title=\"R:\\SoftwareFiles\\laragon\\www\\richminis\\vendor\\laravel\\framework\\src\\Illuminate\\Foundation\\Http\\Middleware\\VerifyCsrfToken.php:78
Stack level 32.\"><span class=\"sf-dump-ellipsis sf-dump-ellipsis-path\">R:\\SoftwareFiles\\laragon\\www\\richminis\\vendor</span><span class=\"sf-dump-ellipsis sf-dump-ellipsis-path\">\\laravel\\framework\\</span>src\\Illuminate\\Foundation\\Http\\Middleware\\VerifyCsrfToken.php:78</span> {<samp data-depth=3 class=sf-dump-compact>
      <span class=sf-dump-note title=\"Illuminate\\Foundation\\Http\\Middleware\\VerifyCsrfToken-&gt;handle($request, Closure $next)
\"><span class=\"sf-dump-ellipsis sf-dump-ellipsis-note\">Illuminate\\Foundation\\Http\\Middleware</span><span class=\"sf-dump-ellipsis sf-dump-ellipsis-note\">\\</span>VerifyCsrfToken-&gt;handle($request, Closure $next)</span> &#8230;
      &#8250; <code class=\"php\"><span class=sf-dump-default>) {</span></code>
      &#8250; <code class=\"php\"><span class=sf-dump-const title=\"in Illuminate\\Foundation\\Http\\Middleware\\VerifyCsrfToken-&gt;handle($request, Closure $next)\">    return tap($next($request), function ($response) use ($request) {</span></code>
      &#8250; <code class=\"php\"><span class=sf-dump-default>        if ($this-&gt;shouldAddXsrfTokenCookie()) {</span></code>
      <span class=sf-dump-meta>arguments</span>: { &#8230;1}
    </samp>}
    <span class=sf-dump-meta title=\"R:\\SoftwareFiles\\laragon\\www\\richminis\\vendor\\laravel\\framework\\src\\Illuminate\\Pipeline\\Pipeline.php:183
Stack level 31.\"><span class=\"sf-dump-ellipsis sf-dump-ellipsis-path\">R:\\SoftwareFiles\\laragon\\www\\richminis\\vendor</span><span class=\"sf-dump-ellipsis sf-dump-ellipsis-path\">\\laravel\\framework\\</span>src\\Illuminate\\Pipeline\\Pipeline.php:183</span> {<samp data-depth=3 class=sf-dump-compact>
      <span class=sf-dump-note title=\"Illuminate\\Pipeline\\Pipeline-&gt;Illuminate\\Pipeline\\{closure}
\"><span class=\"sf-dump-ellipsis sf-dump-ellipsis-note\">Illuminate\\Pipeline\\Pipeline-&gt;Illuminate\\Pipeline</span><span class=\"sf-dump-ellipsis sf-dump-ellipsis-note\">\\</span>{closure}</span> &#8230;
      &#8250; <code class=\"php\"><span class=sf-dump-default>$carry = method_exists($pipe, $this-&gt;method)</span></code>
      &#8250; <code class=\"php\"><span class=sf-dump-const title=\"in Illuminate\\Pipeline\\Pipeline-&gt;Illuminate\\Pipeline\\{closure}\">                ? $pipe-&gt;{$this-&gt;method}(...$parameters)</span></code>
      &#8250; <code class=\"php\"><span class=sf-dump-default>                : $pipe(...$parameters);</span></code>
      <span class=sf-dump-meta>arguments</span>: { &#8230;2}
    </samp>}
    <span class=sf-dump-meta title=\"R:\\SoftwareFiles\\laragon\\www\\richminis\\vendor\\laravel\\framework\\src\\Illuminate\\Cookie\\Middleware\\AddQueuedCookiesToResponse.php:37
Stack level 30.\"><span class=\"sf-dump-ellipsis sf-dump-ellipsis-path\">R:\\SoftwareFiles\\laragon\\www\\richminis\\vendor</span><span class=\"sf-dump-ellipsis sf-dump-ellipsis-path\">\\laravel\\framework\\</span>src\\Illuminate\\Cookie\\Middleware\\AddQueuedCookiesToResponse.php:37</span> {<samp data-depth=3 class=sf-dump-compact>
      <span class=sf-dump-note title=\"Illuminate\\Cookie\\Middleware\\AddQueuedCookiesToResponse-&gt;handle($request, Closure $next)
\"><span class=\"sf-dump-ellipsis sf-dump-ellipsis-note\">Illuminate\\Cookie\\Middleware</span><span class=\"sf-dump-ellipsis sf-dump-ellipsis-note\">\\</span>AddQueuedCookiesToResponse-&gt;handle($request, Closure $next)</span> &#8230;
      &#8250; <code class=\"php\"><span class=sf-dump-default>{</span></code>
      &#8250; <code class=\"php\"><span class=sf-dump-const title=\"in Illuminate\\Cookie\\Middleware\\AddQueuedCookiesToResponse-&gt;handle($request, Closure $next)\">    $response = $next($request);</span></code>
      &#8250; 
      <span class=sf-dump-meta>arguments</span>: { &#8230;1}
    </samp>}
    <span class=sf-dump-meta title=\"R:\\SoftwareFiles\\laragon\\www\\richminis\\vendor\\laravel\\framework\\src\\Illuminate\\Pipeline\\Pipeline.php:183
Stack level 29.\"><span class=\"sf-dump-ellipsis sf-dump-ellipsis-path\">R:\\SoftwareFiles\\laragon\\www\\richminis\\vendor</span><span class=\"sf-dump-ellipsis sf-dump-ellipsis-path\">\\laravel\\framework\\</span>src\\Illuminate\\Pipeline\\Pipeline.php:183</span> {<samp data-depth=3 class=sf-dump-compact>
      <span class=sf-dump-note title=\"Illuminate\\Pipeline\\Pipeline-&gt;Illuminate\\Pipeline\\{closure}
\"><span class=\"sf-dump-ellipsis sf-dump-ellipsis-note\">Illuminate\\Pipeline\\Pipeline-&gt;Illuminate\\Pipeline</span><span class=\"sf-dump-ellipsis sf-dump-ellipsis-note\">\\</span>{closure}</span> &#8230;
      &#8250; <code class=\"php\"><span class=sf-dump-default>$carry = method_exists($pipe, $this-&gt;method)</span></code>
      &#8250; <code class=\"php\"><span class=sf-dump-const title=\"in Illuminate\\Pipeline\\Pipeline-&gt;Illuminate\\Pipeline\\{closure}\">                ? $pipe-&gt;{$this-&gt;method}(...$parameters)</span></code>
      &#8250; <code class=\"php\"><span class=sf-dump-default>                : $pipe(...$parameters);</span></code>
      <span class=sf-dump-meta>arguments</span>: { &#8230;2}
    </samp>}
    <span class=sf-dump-meta title=\"R:\\SoftwareFiles\\laragon\\www\\richminis\\vendor\\laravel\\framework\\src\\Illuminate\\Pipeline\\Pipeline.php:119
Stack level 28.\"><span class=\"sf-dump-ellipsis sf-dump-ellipsis-path\">R:\\SoftwareFiles\\laragon\\www\\richminis\\vendor</span><span class=\"sf-dump-ellipsis sf-dump-ellipsis-path\">\\laravel\\framework\\</span>src\\Illuminate\\Pipeline\\Pipeline.php:119</span> {<samp data-depth=3 class=sf-dump-compact>
      <span class=sf-dump-note title=\"Illuminate\\Pipeline\\Pipeline-&gt;then(Closure $destination)
\"><span class=\"sf-dump-ellipsis sf-dump-ellipsis-note\">Illuminate\\Pipeline</span><span class=\"sf-dump-ellipsis sf-dump-ellipsis-note\">\\</span>Pipeline-&gt;then(Closure $destination)</span> &#8230;
      &#8250; 
      &#8250; <code class=\"php\"><span class=sf-dump-const title=\"in Illuminate\\Pipeline\\Pipeline-&gt;then(Closure $destination)\">    return $pipeline($this-&gt;passable);</span></code>
      &#8250; <code class=\"php\"><span class=sf-dump-default>}</span></code>
      <span class=sf-dump-meta>arguments</span>: { &#8230;1}
    </samp>}
    <span class=sf-dump-meta title=\"R:\\SoftwareFiles\\laragon\\www\\richminis\\vendor\\laravel\\framework\\src\\Illuminate\\Routing\\Router.php:805
Stack level 27.\"><span class=\"sf-dump-ellipsis sf-dump-ellipsis-path\">R:\\SoftwareFiles\\laragon\\www\\richminis\\vendor</span><span class=\"sf-dump-ellipsis sf-dump-ellipsis-path\">\\laravel\\framework\\</span>src\\Illuminate\\Routing\\Router.php:805</span> {<samp data-depth=3 class=sf-dump-compact>
      <span class=sf-dump-note title=\"Illuminate\\Routing\\Router-&gt;runRouteWithinStack(Route $route, Request $request)
\"><span class=\"sf-dump-ellipsis sf-dump-ellipsis-note\">Illuminate\\Routing</span><span class=\"sf-dump-ellipsis sf-dump-ellipsis-note\">\\</span>Router-&gt;runRouteWithinStack(Route $route, Request $request)</span> &#8230;
      &#8250; <code class=\"php\"><span class=sf-dump-default>-&gt;through($middleware)</span></code>
      &#8250; <code class=\"php\"><span class=sf-dump-const title=\"in Illuminate\\Routing\\Router-&gt;runRouteWithinStack(Route $route, Request $request)\">-&gt;then(fn ($request) =&gt; $this-&gt;prepareResponse(</span></code>
      &#8250; <code class=\"php\"><span class=sf-dump-default>    $request, $route-&gt;run()</span></code>
      <span class=sf-dump-meta>arguments</span>: { &#8230;1}
    </samp>}
    <span class=sf-dump-meta title=\"R:\\SoftwareFiles\\laragon\\www\\richminis\\vendor\\laravel\\framework\\src\\Illuminate\\Routing\\Router.php:784
Stack level 26.\"><span class=\"sf-dump-ellipsis sf-dump-ellipsis-path\">R:\\SoftwareFiles\\laragon\\www\\richminis\\vendor</span><span class=\"sf-dump-ellipsis sf-dump-ellipsis-path\">\\laravel\\framework\\</span>src\\Illuminate\\Routing\\Router.php:784</span> {<samp data-depth=3 class=sf-dump-compact>
      <span class=sf-dump-note title=\"Illuminate\\Routing\\Router-&gt;runRoute(Request $request, Route $route)
\"><span class=\"sf-dump-ellipsis sf-dump-ellipsis-note\">Illuminate\\Routing</span><span class=\"sf-dump-ellipsis sf-dump-ellipsis-note\">\\</span>Router-&gt;runRoute(Request $request, Route $route)</span> &#8230;
      &#8250; <code class=\"php\"><span class=sf-dump-default>return $this-&gt;prepareResponse($request,</span></code>
      &#8250; <code class=\"php\"><span class=sf-dump-const title=\"in Illuminate\\Routing\\Router-&gt;runRoute(Request $request, Route $route)\">    $this-&gt;runRouteWithinStack($route, $request)</span></code>
      &#8250; <code class=\"php\"><span class=sf-dump-default>);</span></code>
      <span class=sf-dump-meta>arguments</span>: { &#8230;2}
    </samp>}
    <span class=sf-dump-meta title=\"R:\\SoftwareFiles\\laragon\\www\\richminis\\vendor\\laravel\\framework\\src\\Illuminate\\Routing\\Router.php:748
Stack level 25.\"><span class=\"sf-dump-ellipsis sf-dump-ellipsis-path\">R:\\SoftwareFiles\\laragon\\www\\richminis\\vendor</span><span class=\"sf-dump-ellipsis sf-dump-ellipsis-path\">\\laravel\\framework\\</span>src\\Illuminate\\Routing\\Router.php:748</span> {<samp data-depth=3 class=sf-dump-compact>
      <span class=sf-dump-note title=\"Illuminate\\Routing\\Router-&gt;dispatchToRoute(Request $request)
\"><span class=\"sf-dump-ellipsis sf-dump-ellipsis-note\">Illuminate\\Routing</span><span class=\"sf-dump-ellipsis sf-dump-ellipsis-note\">\\</span>Router-&gt;dispatchToRoute(Request $request)</span> &#8230;
      &#8250; <code class=\"php\"><span class=sf-dump-default>{</span></code>
      &#8250; <code class=\"php\"><span class=sf-dump-const title=\"in Illuminate\\Routing\\Router-&gt;dispatchToRoute(Request $request)\">    return $this-&gt;runRoute($request, $this-&gt;findRoute($request));</span></code>
      &#8250; <code class=\"php\"><span class=sf-dump-default>}</span></code>
      <span class=sf-dump-meta>arguments</span>: { &#8230;2}
    </samp>}
    <span class=sf-dump-meta title=\"R:\\SoftwareFiles\\laragon\\www\\richminis\\vendor\\laravel\\framework\\src\\Illuminate\\Routing\\Router.php:737
Stack level 24.\"><span class=\"sf-dump-ellipsis sf-dump-ellipsis-path\">R:\\SoftwareFiles\\laragon\\www\\richminis\\vendor</span><span class=\"sf-dump-ellipsis sf-dump-ellipsis-path\">\\laravel\\framework\\</span>src\\Illuminate\\Routing\\Router.php:737</span> {<samp data-depth=3 class=sf-dump-compact>
      <span class=sf-dump-note title=\"Illuminate\\Routing\\Router-&gt;dispatch(Request $request)
\"><span class=\"sf-dump-ellipsis sf-dump-ellipsis-note\">Illuminate\\Routing</span><span class=\"sf-dump-ellipsis sf-dump-ellipsis-note\">\\</span>Router-&gt;dispatch(Request $request)</span> &#8230;
      &#8250; 
      &#8250; <code class=\"php\"><span class=sf-dump-const title=\"in Illuminate\\Routing\\Router-&gt;dispatch(Request $request)\">    return $this-&gt;dispatchToRoute($request);</span></code>
      &#8250; <code class=\"php\"><span class=sf-dump-default>}</span></code>
      <span class=sf-dump-meta>arguments</span>: { &#8230;1}
    </samp>}
    <span class=sf-dump-meta title=\"R:\\SoftwareFiles\\laragon\\www\\richminis\\vendor\\laravel\\framework\\src\\Illuminate\\Foundation\\Http\\Kernel.php:200
Stack level 23.\"><span class=\"sf-dump-ellipsis sf-dump-ellipsis-path\">R:\\SoftwareFiles\\laragon\\www\\richminis\\vendor</span><span class=\"sf-dump-ellipsis sf-dump-ellipsis-path\">\\laravel\\framework\\</span>src\\Illuminate\\Foundation\\Http\\Kernel.php:200</span> {<samp data-depth=3 class=sf-dump-compact>
      <span class=sf-dump-note title=\"Illuminate\\Foundation\\Http\\Kernel-&gt;Illuminate\\Foundation\\Http\\{closure}
\"><span class=\"sf-dump-ellipsis sf-dump-ellipsis-note\">Illuminate\\Foundation\\Http\\Kernel-&gt;Illuminate\\Foundation\\Http</span><span class=\"sf-dump-ellipsis sf-dump-ellipsis-note\">\\</span>{closure}</span> &#8230;
      &#8250; 
      &#8250; <code class=\"php\"><span class=sf-dump-const title=\"in Illuminate\\Foundation\\Http\\Kernel-&gt;Illuminate\\Foundation\\Http\\{closure}\">    return $this-&gt;router-&gt;dispatch($request);</span></code>
      &#8250; <code class=\"php\"><span class=sf-dump-default>};</span></code>
      <span class=sf-dump-meta>arguments</span>: { &#8230;1}
    </samp>}
    <span class=sf-dump-meta title=\"R:\\SoftwareFiles\\laragon\\www\\richminis\\vendor\\laravel\\framework\\src\\Illuminate\\Pipeline\\Pipeline.php:144
Stack level 22.\"><span class=\"sf-dump-ellipsis sf-dump-ellipsis-path\">R:\\SoftwareFiles\\laragon\\www\\richminis\\vendor</span><span class=\"sf-dump-ellipsis sf-dump-ellipsis-path\">\\laravel\\framework\\</span>src\\Illuminate\\Pipeline\\Pipeline.php:144</span> {<samp data-depth=3 class=sf-dump-compact>
      <span class=sf-dump-note title=\"Illuminate\\Pipeline\\Pipeline-&gt;Illuminate\\Pipeline\\{closure}
\"><span class=\"sf-dump-ellipsis sf-dump-ellipsis-note\">Illuminate\\Pipeline\\Pipeline-&gt;Illuminate\\Pipeline</span><span class=\"sf-dump-ellipsis sf-dump-ellipsis-note\">\\</span>{closure}</span> &#8230;
      &#8250; <code class=\"php\"><span class=sf-dump-default>try {</span></code>
      &#8250; <code class=\"php\"><span class=sf-dump-const title=\"in Illuminate\\Pipeline\\Pipeline-&gt;Illuminate\\Pipeline\\{closure}\">    return $destination($passable);</span></code>
      &#8250; <code class=\"php\"><span class=sf-dump-default>} catch (Throwable $e) {</span></code>
      <span class=sf-dump-meta>arguments</span>: { &#8230;1}
    </samp>}
    <span class=sf-dump-meta title=\"R:\\SoftwareFiles\\laragon\\www\\richminis\\vendor\\barryvdh\\laravel-debugbar\\src\\Middleware\\InjectDebugbar.php:59
Stack level 21.\"><span class=\"sf-dump-ellipsis sf-dump-ellipsis-path\">R:\\SoftwareFiles\\laragon\\www\\richminis\\vendor</span><span class=\"sf-dump-ellipsis sf-dump-ellipsis-path\">\\barryvdh\\laravel-debugbar\\</span>src\\Middleware\\InjectDebugbar.php:59</span> {<samp data-depth=3 class=sf-dump-compact>
      <span class=sf-dump-note title=\"Barryvdh\\Debugbar\\Middleware\\InjectDebugbar-&gt;handle($request, Closure $next)
\"><span class=\"sf-dump-ellipsis sf-dump-ellipsis-note\">Barryvdh\\Debugbar\\Middleware</span><span class=\"sf-dump-ellipsis sf-dump-ellipsis-note\">\\</span>InjectDebugbar-&gt;handle($request, Closure $next)</span> &#8230;
      &#8250; <code class=\"php\"><span class=sf-dump-default>if (!$this-&gt;debugbar-&gt;isEnabled() || $this-&gt;inExceptArray($request)) {</span></code>
      &#8250; <code class=\"php\"><span class=sf-dump-const title=\"in Barryvdh\\Debugbar\\Middleware\\InjectDebugbar-&gt;handle($request, Closure $next)\">    return $next($request);</span></code>
      &#8250; <code class=\"php\"><span class=sf-dump-default>}</span></code>
      <span class=sf-dump-meta>arguments</span>: { &#8230;1}
    </samp>}
    <span class=sf-dump-meta title=\"R:\\SoftwareFiles\\laragon\\www\\richminis\\vendor\\laravel\\framework\\src\\Illuminate\\Pipeline\\Pipeline.php:183
Stack level 20.\"><span class=\"sf-dump-ellipsis sf-dump-ellipsis-path\">R:\\SoftwareFiles\\laragon\\www\\richminis\\vendor</span><span class=\"sf-dump-ellipsis sf-dump-ellipsis-path\">\\laravel\\framework\\</span>src\\Illuminate\\Pipeline\\Pipeline.php:183</span> {<samp data-depth=3 class=sf-dump-compact>
      <span class=sf-dump-note title=\"Illuminate\\Pipeline\\Pipeline-&gt;Illuminate\\Pipeline\\{closure}
\"><span class=\"sf-dump-ellipsis sf-dump-ellipsis-note\">Illuminate\\Pipeline\\Pipeline-&gt;Illuminate\\Pipeline</span><span class=\"sf-dump-ellipsis sf-dump-ellipsis-note\">\\</span>{closure}</span> &#8230;
      &#8250; <code class=\"php\"><span class=sf-dump-default>$carry = method_exists($pipe, $this-&gt;method)</span></code>
      &#8250; <code class=\"php\"><span class=sf-dump-const title=\"in Illuminate\\Pipeline\\Pipeline-&gt;Illuminate\\Pipeline\\{closure}\">                ? $pipe-&gt;{$this-&gt;method}(...$parameters)</span></code>
      &#8250; <code class=\"php\"><span class=sf-dump-default>                : $pipe(...$parameters);</span></code>
      <span class=sf-dump-meta>arguments</span>: { &#8230;2}
    </samp>}
    <span class=sf-dump-meta title=\"R:\\SoftwareFiles\\laragon\\www\\richminis\\vendor\\laravel\\framework\\src\\Illuminate\\View\\Middleware\\ShareErrorsFromSession.php:49
Stack level 19.\"><span class=\"sf-dump-ellipsis sf-dump-ellipsis-path\">R:\\SoftwareFiles\\laragon\\www\\richminis\\vendor</span><span class=\"sf-dump-ellipsis sf-dump-ellipsis-path\">\\laravel\\framework\\</span>src\\Illuminate\\View\\Middleware\\ShareErrorsFromSession.php:49</span> {<samp data-depth=3 class=sf-dump-compact>
      <span class=sf-dump-note title=\"Illuminate\\View\\Middleware\\ShareErrorsFromSession-&gt;handle($request, Closure $next)
\"><span class=\"sf-dump-ellipsis sf-dump-ellipsis-note\">Illuminate\\View\\Middleware</span><span class=\"sf-dump-ellipsis sf-dump-ellipsis-note\">\\</span>ShareErrorsFromSession-&gt;handle($request, Closure $next)</span> &#8230;
      &#8250; 
      &#8250; <code class=\"php\"><span class=sf-dump-const title=\"in Illuminate\\View\\Middleware\\ShareErrorsFromSession-&gt;handle($request, Closure $next)\">    return $next($request);</span></code>
      &#8250; <code class=\"php\"><span class=sf-dump-default>}</span></code>
      <span class=sf-dump-meta>arguments</span>: { &#8230;1}
    </samp>}
    <span class=sf-dump-meta title=\"R:\\SoftwareFiles\\laragon\\www\\richminis\\vendor\\laravel\\framework\\src\\Illuminate\\Pipeline\\Pipeline.php:183
Stack level 18.\"><span class=\"sf-dump-ellipsis sf-dump-ellipsis-path\">R:\\SoftwareFiles\\laragon\\www\\richminis\\vendor</span><span class=\"sf-dump-ellipsis sf-dump-ellipsis-path\">\\laravel\\framework\\</span>src\\Illuminate\\Pipeline\\Pipeline.php:183</span> {<samp data-depth=3 class=sf-dump-compact>
      <span class=sf-dump-note title=\"Illuminate\\Pipeline\\Pipeline-&gt;Illuminate\\Pipeline\\{closure}
\"><span class=\"sf-dump-ellipsis sf-dump-ellipsis-note\">Illuminate\\Pipeline\\Pipeline-&gt;Illuminate\\Pipeline</span><span class=\"sf-dump-ellipsis sf-dump-ellipsis-note\">\\</span>{closure}</span> &#8230;
      &#8250; <code class=\"php\"><span class=sf-dump-default>$carry = method_exists($pipe, $this-&gt;method)</span></code>
      &#8250; <code class=\"php\"><span class=sf-dump-const title=\"in Illuminate\\Pipeline\\Pipeline-&gt;Illuminate\\Pipeline\\{closure}\">                ? $pipe-&gt;{$this-&gt;method}(...$parameters)</span></code>
      &#8250; <code class=\"php\"><span class=sf-dump-default>                : $pipe(...$parameters);</span></code>
      <span class=sf-dump-meta>arguments</span>: { &#8230;2}
    </samp>}
    <span class=sf-dump-meta title=\"R:\\SoftwareFiles\\laragon\\www\\richminis\\vendor\\laravel\\framework\\src\\Illuminate\\Session\\Middleware\\StartSession.php:121
Stack level 17.\"><span class=\"sf-dump-ellipsis sf-dump-ellipsis-path\">R:\\SoftwareFiles\\laragon\\www\\richminis\\vendor</span><span class=\"sf-dump-ellipsis sf-dump-ellipsis-path\">\\laravel\\framework\\</span>src\\Illuminate\\Session\\Middleware\\StartSession.php:121</span> {<samp data-depth=3 class=sf-dump-compact>
      <span class=sf-dump-note title=\"Illuminate\\Session\\Middleware\\StartSession-&gt;handleStatefulRequest(Request $request, $session, Closure $next)
\"><span class=\"sf-dump-ellipsis sf-dump-ellipsis-note\">Illuminate\\Session\\Middleware</span><span class=\"sf-dump-ellipsis sf-dump-ellipsis-note\">\\</span>StartSession-&gt;handleStatefulRequest(Request $request, $session, Closure $next)</span> &#8230;
      &#8250; 
      &#8250; <code class=\"php\"><span class=sf-dump-const title=\"in Illuminate\\Session\\Middleware\\StartSession-&gt;handleStatefulRequest(Request $request, $session, Closure $next)\">$response = $next($request);</span></code>
      &#8250; 
      <span class=sf-dump-meta>arguments</span>: { &#8230;1}
    </samp>}
    <span class=sf-dump-meta title=\"R:\\SoftwareFiles\\laragon\\www\\richminis\\vendor\\laravel\\framework\\src\\Illuminate\\Session\\Middleware\\StartSession.php:64
Stack level 16.\"><span class=\"sf-dump-ellipsis sf-dump-ellipsis-path\">R:\\SoftwareFiles\\laragon\\www\\richminis\\vendor</span><span class=\"sf-dump-ellipsis sf-dump-ellipsis-path\">\\laravel\\framework\\</span>src\\Illuminate\\Session\\Middleware\\StartSession.php:64</span> {<samp data-depth=3 class=sf-dump-compact>
      <span class=sf-dump-note title=\"Illuminate\\Session\\Middleware\\StartSession-&gt;handle($request, Closure $next)
\"><span class=\"sf-dump-ellipsis sf-dump-ellipsis-note\">Illuminate\\Session\\Middleware</span><span class=\"sf-dump-ellipsis sf-dump-ellipsis-note\">\\</span>StartSession-&gt;handle($request, Closure $next)</span> &#8230;
      &#8250; 
      &#8250; <code class=\"php\"><span class=sf-dump-const title=\"in Illuminate\\Session\\Middleware\\StartSession-&gt;handle($request, Closure $next)\">    return $this-&gt;handleStatefulRequest($request, $session, $next);</span></code>
      &#8250; <code class=\"php\"><span class=sf-dump-default>}</span></code>
      <span class=sf-dump-meta>arguments</span>: { &#8230;3}
    </samp>}
    <span class=sf-dump-meta title=\"R:\\SoftwareFiles\\laragon\\www\\richminis\\vendor\\laravel\\framework\\src\\Illuminate\\Pipeline\\Pipeline.php:183
Stack level 15.\"><span class=\"sf-dump-ellipsis sf-dump-ellipsis-path\">R:\\SoftwareFiles\\laragon\\www\\richminis\\vendor</span><span class=\"sf-dump-ellipsis sf-dump-ellipsis-path\">\\laravel\\framework\\</span>src\\Illuminate\\Pipeline\\Pipeline.php:183</span> {<samp data-depth=3 class=sf-dump-compact>
      <span class=sf-dump-note title=\"Illuminate\\Pipeline\\Pipeline-&gt;Illuminate\\Pipeline\\{closure}
\"><span class=\"sf-dump-ellipsis sf-dump-ellipsis-note\">Illuminate\\Pipeline\\Pipeline-&gt;Illuminate\\Pipeline</span><span class=\"sf-dump-ellipsis sf-dump-ellipsis-note\">\\</span>{closure}</span> &#8230;
      &#8250; <code class=\"php\"><span class=sf-dump-default>$carry = method_exists($pipe, $this-&gt;method)</span></code>
      &#8250; <code class=\"php\"><span class=sf-dump-const title=\"in Illuminate\\Pipeline\\Pipeline-&gt;Illuminate\\Pipeline\\{closure}\">                ? $pipe-&gt;{$this-&gt;method}(...$parameters)</span></code>
      &#8250; <code class=\"php\"><span class=sf-dump-default>                : $pipe(...$parameters);</span></code>
      <span class=sf-dump-meta>arguments</span>: { &#8230;2}
    </samp>}
    <span class=sf-dump-meta title=\"R:\\SoftwareFiles\\laragon\\www\\richminis\\vendor\\laravel\\framework\\src\\Illuminate\\Http\\Middleware\\TrustProxies.php:39
Stack level 14.\"><span class=\"sf-dump-ellipsis sf-dump-ellipsis-path\">R:\\SoftwareFiles\\laragon\\www\\richminis\\vendor</span><span class=\"sf-dump-ellipsis sf-dump-ellipsis-path\">\\laravel\\framework\\</span>src\\Illuminate\\Http\\Middleware\\TrustProxies.php:39</span> {<samp data-depth=3 class=sf-dump-compact>
      <span class=sf-dump-note title=\"Illuminate\\Http\\Middleware\\TrustProxies-&gt;handle(Request $request, Closure $next)
\"><span class=\"sf-dump-ellipsis sf-dump-ellipsis-note\">Illuminate\\Http\\Middleware</span><span class=\"sf-dump-ellipsis sf-dump-ellipsis-note\">\\</span>TrustProxies-&gt;handle(Request $request, Closure $next)</span> &#8230;
      &#8250; 
      &#8250; <code class=\"php\"><span class=sf-dump-const title=\"in Illuminate\\Http\\Middleware\\TrustProxies-&gt;handle(Request $request, Closure $next)\">    return $next($request);</span></code>
      &#8250; <code class=\"php\"><span class=sf-dump-default>}</span></code>
      <span class=sf-dump-meta>arguments</span>: { &#8230;1}
    </samp>}
    <span class=sf-dump-meta title=\"R:\\SoftwareFiles\\laragon\\www\\richminis\\vendor\\laravel\\framework\\src\\Illuminate\\Pipeline\\Pipeline.php:183
Stack level 13.\"><span class=\"sf-dump-ellipsis sf-dump-ellipsis-path\">R:\\SoftwareFiles\\laragon\\www\\richminis\\vendor</span><span class=\"sf-dump-ellipsis sf-dump-ellipsis-path\">\\laravel\\framework\\</span>src\\Illuminate\\Pipeline\\Pipeline.php:183</span> {<samp data-depth=3 class=sf-dump-compact>
      <span class=sf-dump-note title=\"Illuminate\\Pipeline\\Pipeline-&gt;Illuminate\\Pipeline\\{closure}
\"><span class=\"sf-dump-ellipsis sf-dump-ellipsis-note\">Illuminate\\Pipeline\\Pipeline-&gt;Illuminate\\Pipeline</span><span class=\"sf-dump-ellipsis sf-dump-ellipsis-note\">\\</span>{closure}</span> &#8230;
      &#8250; <code class=\"php\"><span class=sf-dump-default>$carry = method_exists($pipe, $this-&gt;method)</span></code>
      &#8250; <code class=\"php\"><span class=sf-dump-const title=\"in Illuminate\\Pipeline\\Pipeline-&gt;Illuminate\\Pipeline\\{closure}\">                ? $pipe-&gt;{$this-&gt;method}(...$parameters)</span></code>
      &#8250; <code class=\"php\"><span class=sf-dump-default>                : $pipe(...$parameters);</span></code>
      <span class=sf-dump-meta>arguments</span>: { &#8230;2}
    </samp>}
    <span class=sf-dump-meta title=\"R:\\SoftwareFiles\\laragon\\www\\richminis\\vendor\\laravel\\framework\\src\\Illuminate\\Foundation\\Http\\Middleware\\TransformsRequest.php:21
Stack level 12.\"><span class=\"sf-dump-ellipsis sf-dump-ellipsis-path\">R:\\SoftwareFiles\\laragon\\www\\richminis\\vendor</span><span class=\"sf-dump-ellipsis sf-dump-ellipsis-path\">\\laravel\\framework\\</span>src\\Illuminate\\Foundation\\Http\\Middleware\\TransformsRequest.php:21</span> {<samp data-depth=3 class=sf-dump-compact>
      <span class=sf-dump-note title=\"Illuminate\\Foundation\\Http\\Middleware\\TransformsRequest-&gt;handle($request, Closure $next)
\"><span class=\"sf-dump-ellipsis sf-dump-ellipsis-note\">Illuminate\\Foundation\\Http\\Middleware</span><span class=\"sf-dump-ellipsis sf-dump-ellipsis-note\">\\</span>TransformsRequest-&gt;handle($request, Closure $next)</span> &#8230;
      &#8250; 
      &#8250; <code class=\"php\"><span class=sf-dump-const title=\"in Illuminate\\Foundation\\Http\\Middleware\\TransformsRequest-&gt;handle($request, Closure $next)\">    return $next($request);</span></code>
      &#8250; <code class=\"php\"><span class=sf-dump-default>}</span></code>
      <span class=sf-dump-meta>arguments</span>: { &#8230;1}
    </samp>}
    <span class=sf-dump-meta title=\"R:\\SoftwareFiles\\laragon\\www\\richminis\\vendor\\laravel\\framework\\src\\Illuminate\\Foundation\\Http\\Middleware\\ConvertEmptyStringsToNull.php:31
Stack level 11.\"><span class=\"sf-dump-ellipsis sf-dump-ellipsis-path\">R:\\SoftwareFiles\\laragon\\www\\richminis\\vendor</span><span class=\"sf-dump-ellipsis sf-dump-ellipsis-path\">\\laravel\\framework\\</span>src\\Illuminate\\Foundation\\Http\\Middleware\\ConvertEmptyStringsToNull.php:31</span> {<samp data-depth=3 class=sf-dump-compact>
      <span class=sf-dump-note title=\"Illuminate\\Foundation\\Http\\Middleware\\ConvertEmptyStringsToNull-&gt;handle($request, Closure $next)
\"><span class=\"sf-dump-ellipsis sf-dump-ellipsis-note\">Illuminate\\Foundation\\Http\\Middleware</span><span class=\"sf-dump-ellipsis sf-dump-ellipsis-note\">\\</span>ConvertEmptyStringsToNull-&gt;handle($request, Closure $next)</span> &#8230;
      &#8250; 
      &#8250; <code class=\"php\"><span class=sf-dump-const title=\"in Illuminate\\Foundation\\Http\\Middleware\\ConvertEmptyStringsToNull-&gt;handle($request, Closure $next)\">    return parent::handle($request, $next);</span></code>
      &#8250; <code class=\"php\"><span class=sf-dump-default>}</span></code>
      <span class=sf-dump-meta>arguments</span>: { &#8230;2}
    </samp>}
    <span class=sf-dump-meta title=\"R:\\SoftwareFiles\\laragon\\www\\richminis\\vendor\\laravel\\framework\\src\\Illuminate\\Pipeline\\Pipeline.php:183
Stack level 10.\"><span class=\"sf-dump-ellipsis sf-dump-ellipsis-path\">R:\\SoftwareFiles\\laragon\\www\\richminis\\vendor</span><span class=\"sf-dump-ellipsis sf-dump-ellipsis-path\">\\laravel\\framework\\</span>src\\Illuminate\\Pipeline\\Pipeline.php:183</span> {<samp data-depth=3 class=sf-dump-compact>
      <span class=sf-dump-note title=\"Illuminate\\Pipeline\\Pipeline-&gt;Illuminate\\Pipeline\\{closure}
\"><span class=\"sf-dump-ellipsis sf-dump-ellipsis-note\">Illuminate\\Pipeline\\Pipeline-&gt;Illuminate\\Pipeline</span><span class=\"sf-dump-ellipsis sf-dump-ellipsis-note\">\\</span>{closure}</span> &#8230;
      &#8250; <code class=\"php\"><span class=sf-dump-default>$carry = method_exists($pipe, $this-&gt;method)</span></code>
      &#8250; <code class=\"php\"><span class=sf-dump-const title=\"in Illuminate\\Pipeline\\Pipeline-&gt;Illuminate\\Pipeline\\{closure}\">                ? $pipe-&gt;{$this-&gt;method}(...$parameters)</span></code>
      &#8250; <code class=\"php\"><span class=sf-dump-default>                : $pipe(...$parameters);</span></code>
      <span class=sf-dump-meta>arguments</span>: { &#8230;2}
    </samp>}
    <span class=sf-dump-meta title=\"R:\\SoftwareFiles\\laragon\\www\\richminis\\vendor\\laravel\\framework\\src\\Illuminate\\Foundation\\Http\\Middleware\\TransformsRequest.php:21
Stack level 9.\"><span class=\"sf-dump-ellipsis sf-dump-ellipsis-path\">R:\\SoftwareFiles\\laragon\\www\\richminis\\vendor</span><span class=\"sf-dump-ellipsis sf-dump-ellipsis-path\">\\laravel\\framework\\</span>src\\Illuminate\\Foundation\\Http\\Middleware\\TransformsRequest.php:21</span> {<samp data-depth=3 class=sf-dump-compact>
      <span class=sf-dump-note title=\"Illuminate\\Foundation\\Http\\Middleware\\TransformsRequest-&gt;handle($request, Closure $next)
\"><span class=\"sf-dump-ellipsis sf-dump-ellipsis-note\">Illuminate\\Foundation\\Http\\Middleware</span><span class=\"sf-dump-ellipsis sf-dump-ellipsis-note\">\\</span>TransformsRequest-&gt;handle($request, Closure $next)</span> &#8230;
      &#8250; 
      &#8250; <code class=\"php\"><span class=sf-dump-const title=\"in Illuminate\\Foundation\\Http\\Middleware\\TransformsRequest-&gt;handle($request, Closure $next)\">    return $next($request);</span></code>
      &#8250; <code class=\"php\"><span class=sf-dump-default>}</span></code>
      <span class=sf-dump-meta>arguments</span>: { &#8230;1}
    </samp>}
    <span class=sf-dump-meta title=\"R:\\SoftwareFiles\\laragon\\www\\richminis\\vendor\\laravel\\framework\\src\\Illuminate\\Foundation\\Http\\Middleware\\TrimStrings.php:40
Stack level 8.\"><span class=\"sf-dump-ellipsis sf-dump-ellipsis-path\">R:\\SoftwareFiles\\laragon\\www\\richminis\\vendor</span><span class=\"sf-dump-ellipsis sf-dump-ellipsis-path\">\\laravel\\framework\\</span>src\\Illuminate\\Foundation\\Http\\Middleware\\TrimStrings.php:40</span> {<samp data-depth=3 class=sf-dump-compact>
      <span class=sf-dump-note title=\"Illuminate\\Foundation\\Http\\Middleware\\TrimStrings-&gt;handle($request, Closure $next)
\"><span class=\"sf-dump-ellipsis sf-dump-ellipsis-note\">Illuminate\\Foundation\\Http\\Middleware</span><span class=\"sf-dump-ellipsis sf-dump-ellipsis-note\">\\</span>TrimStrings-&gt;handle($request, Closure $next)</span> &#8230;
      &#8250; 
      &#8250; <code class=\"php\"><span class=sf-dump-const title=\"in Illuminate\\Foundation\\Http\\Middleware\\TrimStrings-&gt;handle($request, Closure $next)\">    return parent::handle($request, $next);</span></code>
      &#8250; <code class=\"php\"><span class=sf-dump-default>}</span></code>
      <span class=sf-dump-meta>arguments</span>: { &#8230;2}
    </samp>}
    <span class=sf-dump-meta title=\"R:\\SoftwareFiles\\laragon\\www\\richminis\\vendor\\laravel\\framework\\src\\Illuminate\\Pipeline\\Pipeline.php:183
Stack level 7.\"><span class=\"sf-dump-ellipsis sf-dump-ellipsis-path\">R:\\SoftwareFiles\\laragon\\www\\richminis\\vendor</span><span class=\"sf-dump-ellipsis sf-dump-ellipsis-path\">\\laravel\\framework\\</span>src\\Illuminate\\Pipeline\\Pipeline.php:183</span> {<samp data-depth=3 class=sf-dump-compact>
      <span class=sf-dump-note title=\"Illuminate\\Pipeline\\Pipeline-&gt;Illuminate\\Pipeline\\{closure}
\"><span class=\"sf-dump-ellipsis sf-dump-ellipsis-note\">Illuminate\\Pipeline\\Pipeline-&gt;Illuminate\\Pipeline</span><span class=\"sf-dump-ellipsis sf-dump-ellipsis-note\">\\</span>{closure}</span> &#8230;
      &#8250; <code class=\"php\"><span class=sf-dump-default>$carry = method_exists($pipe, $this-&gt;method)</span></code>
      &#8250; <code class=\"php\"><span class=sf-dump-const title=\"in Illuminate\\Pipeline\\Pipeline-&gt;Illuminate\\Pipeline\\{closure}\">                ? $pipe-&gt;{$this-&gt;method}(...$parameters)</span></code>
      &#8250; <code class=\"php\"><span class=sf-dump-default>                : $pipe(...$parameters);</span></code>
      <span class=sf-dump-meta>arguments</span>: { &#8230;2}
    </samp>}
    <span class=sf-dump-meta title=\"R:\\SoftwareFiles\\laragon\\www\\richminis\\vendor\\laravel\\framework\\src\\Illuminate\\Foundation\\Http\\Middleware\\ValidatePostSize.php:27
Stack level 6.\"><span class=\"sf-dump-ellipsis sf-dump-ellipsis-path\">R:\\SoftwareFiles\\laragon\\www\\richminis\\vendor</span><span class=\"sf-dump-ellipsis sf-dump-ellipsis-path\">\\laravel\\framework\\</span>src\\Illuminate\\Foundation\\Http\\Middleware\\ValidatePostSize.php:27</span> {<samp data-depth=3 class=sf-dump-compact>
      <span class=sf-dump-note title=\"Illuminate\\Foundation\\Http\\Middleware\\ValidatePostSize-&gt;handle($request, Closure $next)
\"><span class=\"sf-dump-ellipsis sf-dump-ellipsis-note\">Illuminate\\Foundation\\Http\\Middleware</span><span class=\"sf-dump-ellipsis sf-dump-ellipsis-note\">\\</span>ValidatePostSize-&gt;handle($request, Closure $next)</span> &#8230;
      &#8250; 
      &#8250; <code class=\"php\"><span class=sf-dump-const title=\"in Illuminate\\Foundation\\Http\\Middleware\\ValidatePostSize-&gt;handle($request, Closure $next)\">    return $next($request);</span></code>
      &#8250; <code class=\"php\"><span class=sf-dump-default>}</span></code>
      <span class=sf-dump-meta>arguments</span>: { &#8230;1}
    </samp>}
    <span class=sf-dump-meta title=\"R:\\SoftwareFiles\\laragon\\www\\richminis\\vendor\\laravel\\framework\\src\\Illuminate\\Pipeline\\Pipeline.php:183
Stack level 5.\"><span class=\"sf-dump-ellipsis sf-dump-ellipsis-path\">R:\\SoftwareFiles\\laragon\\www\\richminis\\vendor</span><span class=\"sf-dump-ellipsis sf-dump-ellipsis-path\">\\laravel\\framework\\</span>src\\Illuminate\\Pipeline\\Pipeline.php:183</span> {<samp data-depth=3 class=sf-dump-compact>
      <span class=sf-dump-note title=\"Illuminate\\Pipeline\\Pipeline-&gt;Illuminate\\Pipeline\\{closure}
\"><span class=\"sf-dump-ellipsis sf-dump-ellipsis-note\">Illuminate\\Pipeline\\Pipeline-&gt;Illuminate\\Pipeline</span><span class=\"sf-dump-ellipsis sf-dump-ellipsis-note\">\\</span>{closure}</span> &#8230;
      &#8250; <code class=\"php\"><span class=sf-dump-default>$carry = method_exists($pipe, $this-&gt;method)</span></code>
      &#8250; <code class=\"php\"><span class=sf-dump-const title=\"in Illuminate\\Pipeline\\Pipeline-&gt;Illuminate\\Pipeline\\{closure}\">                ? $pipe-&gt;{$this-&gt;method}(...$parameters)</span></code>
      &#8250; <code class=\"php\"><span class=sf-dump-default>                : $pipe(...$parameters);</span></code>
      <span class=sf-dump-meta>arguments</span>: { &#8230;2}
    </samp>}
    <span class=sf-dump-meta title=\"R:\\SoftwareFiles\\laragon\\www\\richminis\\vendor\\laravel\\framework\\src\\Illuminate\\Pipeline\\Pipeline.php:119
Stack level 4.\"><span class=\"sf-dump-ellipsis sf-dump-ellipsis-path\">R:\\SoftwareFiles\\laragon\\www\\richminis\\vendor</span><span class=\"sf-dump-ellipsis sf-dump-ellipsis-path\">\\laravel\\framework\\</span>src\\Illuminate\\Pipeline\\Pipeline.php:119</span> {<samp data-depth=3 class=sf-dump-compact>
      <span class=sf-dump-note title=\"Illuminate\\Pipeline\\Pipeline-&gt;then(Closure $destination)
\"><span class=\"sf-dump-ellipsis sf-dump-ellipsis-note\">Illuminate\\Pipeline</span><span class=\"sf-dump-ellipsis sf-dump-ellipsis-note\">\\</span>Pipeline-&gt;then(Closure $destination)</span> &#8230;
      &#8250; 
      &#8250; <code class=\"php\"><span class=sf-dump-const title=\"in Illuminate\\Pipeline\\Pipeline-&gt;then(Closure $destination)\">    return $pipeline($this-&gt;passable);</span></code>
      &#8250; <code class=\"php\"><span class=sf-dump-default>}</span></code>
      <span class=sf-dump-meta>arguments</span>: { &#8230;1}
    </samp>}
    <span class=sf-dump-meta title=\"R:\\SoftwareFiles\\laragon\\www\\richminis\\vendor\\laravel\\framework\\src\\Illuminate\\Foundation\\Http\\Kernel.php:175
Stack level 3.\"><span class=\"sf-dump-ellipsis sf-dump-ellipsis-path\">R:\\SoftwareFiles\\laragon\\www\\richminis\\vendor</span><span class=\"sf-dump-ellipsis sf-dump-ellipsis-path\">\\laravel\\framework\\</span>src\\Illuminate\\Foundation\\Http\\Kernel.php:175</span> {<samp data-depth=3 class=sf-dump-compact>
      <span class=sf-dump-note title=\"Illuminate\\Foundation\\Http\\Kernel-&gt;sendRequestThroughRouter($request)
\"><span class=\"sf-dump-ellipsis sf-dump-ellipsis-note\">Illuminate\\Foundation\\Http</span><span class=\"sf-dump-ellipsis sf-dump-ellipsis-note\">\\</span>Kernel-&gt;sendRequestThroughRouter($request)</span> &#8230;
      &#8250; <code class=\"php\"><span class=sf-dump-default>                -&gt;through($this-&gt;app-&gt;shouldSkipMiddleware() ? [] : $this-&gt;middleware)</span></code>
      &#8250; <code class=\"php\"><span class=sf-dump-const title=\"in Illuminate\\Foundation\\Http\\Kernel-&gt;sendRequestThroughRouter($request)\">                -&gt;then($this-&gt;dispatchToRouter());</span></code>
      &#8250; <code class=\"php\"><span class=sf-dump-default>}</span></code>
      <span class=sf-dump-meta>arguments</span>: { &#8230;1}
    </samp>}
    <span class=sf-dump-meta title=\"R:\\SoftwareFiles\\laragon\\www\\richminis\\vendor\\laravel\\framework\\src\\Illuminate\\Foundation\\Http\\Kernel.php:144
Stack level 2.\"><span class=\"sf-dump-ellipsis sf-dump-ellipsis-path\">R:\\SoftwareFiles\\laragon\\www\\richminis\\vendor</span><span class=\"sf-dump-ellipsis sf-dump-ellipsis-path\">\\laravel\\framework\\</span>src\\Illuminate\\Foundation\\Http\\Kernel.php:144</span> {<samp data-depth=3 class=sf-dump-compact>
      <span class=sf-dump-note title=\"Illuminate\\Foundation\\Http\\Kernel-&gt;handle($request)
\"><span class=\"sf-dump-ellipsis sf-dump-ellipsis-note\">Illuminate\\Foundation\\Http</span><span class=\"sf-dump-ellipsis sf-dump-ellipsis-note\">\\</span>Kernel-&gt;handle($request)</span> &#8230;
      &#8250; 
      &#8250; <code class=\"php\"><span class=sf-dump-const title=\"in Illuminate\\Foundation\\Http\\Kernel-&gt;handle($request)\">    $response = $this-&gt;sendRequestThroughRouter($request);</span></code>
      &#8250; <code class=\"php\"><span class=sf-dump-default>} catch (Throwable $e) {</span></code>
      <span class=sf-dump-meta>arguments</span>: { &#8230;1}
    </samp>}
    <span class=sf-dump-meta title=\"R:\\SoftwareFiles\\laragon\\www\\richminis\\index.php:56
Stack level 1.\"><span class=\"sf-dump-ellipsis sf-dump-ellipsis-path\">R:\\SoftwareFiles\\laragon\\www\\richminis</span><span class=\"sf-dump-ellipsis sf-dump-ellipsis-path\">\\</span>index.php:56</span> {<samp data-depth=3 class=sf-dump-compact>
      &#8250; <code class=\"php\"><span class=sf-dump-default><span class=\"sf-dump-default sf-dump-ns\">\\r</span></span></code>
      &#8250; <code class=\"php\"><span class=sf-dump-const title=\"\">$response = $kernel-&gt;handle(<span class=\"sf-dump-default sf-dump-ns\">\\r</span></span></code>
      &#8250; <code class=\"php\"><span class=sf-dump-default>    $request = Illuminate\\Http\\Request::capture()<span class=\"sf-dump-default sf-dump-ns\">\\r</span></span></code>
      <span class=sf-dump-meta>arguments</span>: { &#8230;1}
    </samp>}
  </samp>}
</samp>}
</pre><script>Sfdump(\"sf-dump-2017574068\", {\"maxDepth\":3,\"maxStringLength\":160})</script>
","layout":"<pre class=sf-dump id=sf-dump-896301570 data-indent-pad=\"  \">\"<span class=sf-dump-str title=\"20 characters\">frontend.layouts.app</span>\"
</pre><script>Sfdump(\"sf-dump-896301570\", {\"maxDepth\":3,\"maxStringLength\":160})</script>
"}},"exception":"[object] (Spatie\\LaravelIgnition\\Exceptions\\ViewException(code: 0): SQLSTATE[HY000] [1049] Unknown database 'richhminis' (Connection: mysql, SQL: select * from `languages` where `code` = en limit 1) at R:\\SoftwareFiles\\laragon\\www\\richminis\\vendor\\laravel\\framework\\src\\Illuminate\\Database\\Connection.php:829)
[stacktrace]
#0 R:\\SoftwareFiles\\laragon\\www\\richminis\\vendor\\laravel\\framework\\src\\Illuminate\\Database\\Connection.php(783): Illuminate\\Database\\Connection->runQueryCallback('select * from `...', Array, Object(Closure))
#1 R:\\SoftwareFiles\\laragon\\www\\richminis\\vendor\\laravel\\framework\\src\\Illuminate\\Database\\Connection.php(414): Illuminate\\Database\\Connection->run('select * from `...', Array, Object(Closure))
#2 R:\\SoftwareFiles\\laragon\\www\\richminis\\vendor\\laravel\\framework\\src\\Illuminate\\Database\\Query\\Builder.php(2913): Illuminate\\Database\\Connection->select('select * from `...', Array, true)
#3 R:\\SoftwareFiles\\laragon\\www\\richminis\\vendor\\laravel\\framework\\src\\Illuminate\\Database\\Query\\Builder.php(2902): Illuminate\\Database\\Query\\Builder->runSelect()
#4 R:\\SoftwareFiles\\laragon\\www\\richminis\\vendor\\laravel\\framework\\src\\Illuminate\\Database\\Query\\Builder.php(3456): Illuminate\\Database\\Query\\Builder->Illuminate\\Database\\Query\\{closure}()
#5 R:\\SoftwareFiles\\laragon\\www\\richminis\\vendor\\laravel\\framework\\src\\Illuminate\\Database\\Query\\Builder.php(2901): Illuminate\\Database\\Query\\Builder->onceWithColumns(Array, Object(Closure))
#6 R:\\SoftwareFiles\\laragon\\www\\richminis\\vendor\\laravel\\framework\\src\\Illuminate\\Database\\Eloquent\\Builder.php(739): Illuminate\\Database\\Query\\Builder->get(Array)
#7 R:\\SoftwareFiles\\laragon\\www\\richminis\\vendor\\laravel\\framework\\src\\Illuminate\\Database\\Eloquent\\Builder.php(723): Illuminate\\Database\\Eloquent\\Builder->getModels(Array)
#8 R:\\SoftwareFiles\\laragon\\www\\richminis\\vendor\\laravel\\framework\\src\\Illuminate\\Database\\Concerns\\BuildsQueries.php(333): Illuminate\\Database\\Eloquent\\Builder->get(Array)
#9 R:\\SoftwareFiles\\laragon\\www\\richminis\\app\\Http\\Helpers.php(1910): Illuminate\\Database\\Eloquent\\Builder->first()
#10 R:\\SoftwareFiles\\laragon\\www\\richminis\\resources\\views\\frontend\\layouts\\app.blade.php(3): get_session_language()
#11 R:\\SoftwareFiles\\laragon\\www\\richminis\\vendor\\laravel\\framework\\src\\Illuminate\\Filesystem\\Filesystem.php(123): require('R:\\\\SoftwareFile...')
#12 R:\\SoftwareFiles\\laragon\\www\\richminis\\vendor\\laravel\\framework\\src\\Illuminate\\Filesystem\\Filesystem.php(124): Illuminate\\Filesystem\\Filesystem::Illuminate\\Filesystem\\{closure}()
#13 R:\\SoftwareFiles\\laragon\\www\\richminis\\vendor\\laravel\\framework\\src\\Illuminate\\View\\Engines\\PhpEngine.php(58): Illuminate\\Filesystem\\Filesystem->getRequire('R:\\\\SoftwareFile...', Array)
#14 R:\\SoftwareFiles\\laragon\\www\\richminis\\vendor\\laravel\\framework\\src\\Illuminate\\View\\Engines\\CompilerEngine.php(72): Illuminate\\View\\Engines\\PhpEngine->evaluatePath('R:\\\\SoftwareFile...', Array)
#15 R:\\SoftwareFiles\\laragon\\www\\richminis\\vendor\\laravel\\framework\\src\\Illuminate\\View\\View.php(207): Illuminate\\View\\Engines\\CompilerEngine->get('R:\\\\SoftwareFile...', Array)
#16 R:\\SoftwareFiles\\laragon\\www\\richminis\\vendor\\laravel\\framework\\src\\Illuminate\\View\\View.php(190): Illuminate\\View\\View->getContents()
#17 R:\\SoftwareFiles\\laragon\\www\\richminis\\vendor\\laravel\\framework\\src\\Illuminate\\View\\View.php(159): Illuminate\\View\\View->renderContents()
#18 R:\\SoftwareFiles\\laragon\\www\\richminis\\resources\\views\\errors\\500.blade.php(32): Illuminate\\View\\View->render()
#19 R:\\SoftwareFiles\\laragon\\www\\richminis\\vendor\\laravel\\framework\\src\\Illuminate\\Filesystem\\Filesystem.php(123): require('R:\\\\SoftwareFile...')
#20 R:\\SoftwareFiles\\laragon\\www\\richminis\\vendor\\laravel\\framework\\src\\Illuminate\\Filesystem\\Filesystem.php(124): Illuminate\\Filesystem\\Filesystem::Illuminate\\Filesystem\\{closure}()
#21 R:\\SoftwareFiles\\laragon\\www\\richminis\\vendor\\laravel\\framework\\src\\Illuminate\\View\\Engines\\PhpEngine.php(58): Illuminate\\Filesystem\\Filesystem->getRequire('R:\\\\SoftwareFile...', Array)
#22 R:\\SoftwareFiles\\laragon\\www\\richminis\\vendor\\laravel\\framework\\src\\Illuminate\\View\\Engines\\CompilerEngine.php(72): Illuminate\\View\\Engines\\PhpEngine->evaluatePath('R:\\\\SoftwareFile...', Array)
#23 R:\\SoftwareFiles\\laragon\\www\\richminis\\vendor\\laravel\\framework\\src\\Illuminate\\View\\View.php(207): Illuminate\\View\\Engines\\CompilerEngine->get('R:\\\\SoftwareFile...', Array)
#24 R:\\SoftwareFiles\\laragon\\www\\richminis\\vendor\\laravel\\framework\\src\\Illuminate\\View\\View.php(190): Illuminate\\View\\View->getContents()
#25 R:\\SoftwareFiles\\laragon\\www\\richminis\\vendor\\laravel\\framework\\src\\Illuminate\\View\\View.php(159): Illuminate\\View\\View->renderContents()
#26 R:\\SoftwareFiles\\laragon\\www\\richminis\\vendor\\laravel\\framework\\src\\Illuminate\\Http\\Response.php(69): Illuminate\\View\\View->render()
#27 R:\\SoftwareFiles\\laragon\\www\\richminis\\vendor\\laravel\\framework\\src\\Illuminate\\Http\\Response.php(35): Illuminate\\Http\\Response->setContent(Object(Illuminate\\View\\View))
#28 R:\\SoftwareFiles\\laragon\\www\\richminis\\vendor\\laravel\\framework\\src\\Illuminate\\Routing\\ResponseFactory.php(58): Illuminate\\Http\\Response->__construct(Object(Illuminate\\View\\View), 500, Array)
#29 R:\\SoftwareFiles\\laragon\\www\\richminis\\vendor\\laravel\\framework\\src\\Illuminate\\Routing\\ResponseFactory.php(88): Illuminate\\Routing\\ResponseFactory->make(Object(Illuminate\\View\\View), 500, Array)
#30 R:\\SoftwareFiles\\laragon\\www\\richminis\\vendor\\laravel\\framework\\src\\Illuminate\\Foundation\\Exceptions\\Handler.php(723): Illuminate\\Routing\\ResponseFactory->view('errors::500', Array, 500, Array)
#31 R:\\SoftwareFiles\\laragon\\www\\richminis\\vendor\\laravel\\framework\\src\\Illuminate\\Foundation\\Exceptions\\Handler.php(650): Illuminate\\Foundation\\Exceptions\\Handler->renderHttpException(Object(Symfony\\Component\\HttpKernel\\Exception\\HttpException))
#32 R:\\SoftwareFiles\\laragon\\www\\richminis\\vendor\\laravel\\framework\\src\\Illuminate\\Foundation\\Exceptions\\Handler.php(556): Illuminate\\Foundation\\Exceptions\\Handler->prepareResponse(Object(Illuminate\\Http\\Request), Object(Symfony\\Component\\HttpKernel\\Exception\\HttpException))
#33 R:\\SoftwareFiles\\laragon\\www\\richminis\\vendor\\laravel\\framework\\src\\Illuminate\\Foundation\\Exceptions\\Handler.php(473): Illuminate\\Foundation\\Exceptions\\Handler->renderExceptionResponse(Object(Illuminate\\Http\\Request), Object(Illuminate\\Database\\QueryException))
#34 R:\\SoftwareFiles\\laragon\\www\\richminis\\app\\Exceptions\\Handler.php(59): Illuminate\\Foundation\\Exceptions\\Handler->render(Object(Illuminate\\Http\\Request), Object(Illuminate\\Database\\QueryException))
#35 R:\\SoftwareFiles\\laragon\\www\\richminis\\vendor\\laravel\\framework\\src\\Illuminate\\Routing\\Pipeline.php(51): App\\Exceptions\\Handler->render(Object(Illuminate\\Http\\Request), Object(Illuminate\\Database\\QueryException))
#36 R:\\SoftwareFiles\\laragon\\www\\richminis\\vendor\\laravel\\framework\\src\\Illuminate\\Pipeline\\Pipeline.php(146): Illuminate\\Routing\\Pipeline->handleException(Object(Illuminate\\Http\\Request), Object(Illuminate\\Database\\QueryException))
#37 R:\\SoftwareFiles\\laragon\\www\\richminis\\app\\Http\\Middleware\\CheckForMaintenanceMode.php(64): Illuminate\\Pipeline\\Pipeline->Illuminate\\Pipeline\\{closure}(Object(Illuminate\\Http\\Request))
#38 R:\\SoftwareFiles\\laragon\\www\\richminis\\vendor\\laravel\\framework\\src\\Illuminate\\Pipeline\\Pipeline.php(183): App\\Http\\Middleware\\CheckForMaintenanceMode->handle(Object(Illuminate\\Http\\Request), Object(Closure))
#39 R:\\SoftwareFiles\\laragon\\www\\richminis\\app\\Http\\Middleware\\HttpsProtocol.php(20): Illuminate\\Pipeline\\Pipeline->Illuminate\\Pipeline\\{closure}(Object(Illuminate\\Http\\Request))
#40 R:\\SoftwareFiles\\laragon\\www\\richminis\\vendor\\laravel\\framework\\src\\Illuminate\\Pipeline\\Pipeline.php(183): App\\Http\\Middleware\\HttpsProtocol->handle(Object(Illuminate\\Http\\Request), Object(Closure))
#41 R:\\SoftwareFiles\\laragon\\www\\richminis\\app\\Http\\Middleware\\Language.php(35): Illuminate\\Pipeline\\Pipeline->Illuminate\\Pipeline\\{closure}(Object(Illuminate\\Http\\Request))
#42 R:\\SoftwareFiles\\laragon\\www\\richminis\\vendor\\laravel\\framework\\src\\Illuminate\\Pipeline\\Pipeline.php(183): App\\Http\\Middleware\\Language->handle(Object(Illuminate\\Http\\Request), Object(Closure))
#43 R:\\SoftwareFiles\\laragon\\www\\richminis\\vendor\\laravel\\framework\\src\\Illuminate\\Routing\\Middleware\\SubstituteBindings.php(50): Illuminate\\Pipeline\\Pipeline->Illuminate\\Pipeline\\{closure}(Object(Illuminate\\Http\\Request))
#44 R:\\SoftwareFiles\\laragon\\www\\richminis\\vendor\\laravel\\framework\\src\\Illuminate\\Pipeline\\Pipeline.php(183): Illuminate\\Routing\\Middleware\\SubstituteBindings->handle(Object(Illuminate\\Http\\Request), Object(Closure))
#45 R:\\SoftwareFiles\\laragon\\www\\richminis\\vendor\\laravel\\framework\\src\\Illuminate\\Foundation\\Http\\Middleware\\VerifyCsrfToken.php(78): Illuminate\\Pipeline\\Pipeline->Illuminate\\Pipeline\\{closure}(Object(Illuminate\\Http\\Request))
#46 R:\\SoftwareFiles\\laragon\\www\\richminis\\vendor\\laravel\\framework\\src\\Illuminate\\Pipeline\\Pipeline.php(183): Illuminate\\Foundation\\Http\\Middleware\\VerifyCsrfToken->handle(Object(Illuminate\\Http\\Request), Object(Closure))
#47 R:\\SoftwareFiles\\laragon\\www\\richminis\\vendor\\laravel\\framework\\src\\Illuminate\\Cookie\\Middleware\\AddQueuedCookiesToResponse.php(37): Illuminate\\Pipeline\\Pipeline->Illuminate\\Pipeline\\{closure}(Object(Illuminate\\Http\\Request))
#48 R:\\SoftwareFiles\\laragon\\www\\richminis\\vendor\\laravel\\framework\\src\\Illuminate\\Pipeline\\Pipeline.php(183): Illuminate\\Cookie\\Middleware\\AddQueuedCookiesToResponse->handle(Object(Illuminate\\Http\\Request), Object(Closure))
#49 R:\\SoftwareFiles\\laragon\\www\\richminis\\vendor\\laravel\\framework\\src\\Illuminate\\Pipeline\\Pipeline.php(119): Illuminate\\Pipeline\\Pipeline->Illuminate\\Pipeline\\{closure}(Object(Illuminate\\Http\\Request))
#50 R:\\SoftwareFiles\\laragon\\www\\richminis\\vendor\\laravel\\framework\\src\\Illuminate\\Routing\\Router.php(805): Illuminate\\Pipeline\\Pipeline->then(Object(Closure))
#51 R:\\SoftwareFiles\\laragon\\www\\richminis\\vendor\\laravel\\framework\\src\\Illuminate\\Routing\\Router.php(784): Illuminate\\Routing\\Router->runRouteWithinStack(Object(Illuminate\\Routing\\Route), Object(Illuminate\\Http\\Request))
#52 R:\\SoftwareFiles\\laragon\\www\\richminis\\vendor\\laravel\\framework\\src\\Illuminate\\Routing\\Router.php(748): Illuminate\\Routing\\Router->runRoute(Object(Illuminate\\Http\\Request), Object(Illuminate\\Routing\\Route))
#53 R:\\SoftwareFiles\\laragon\\www\\richminis\\vendor\\laravel\\framework\\src\\Illuminate\\Routing\\Router.php(737): Illuminate\\Routing\\Router->dispatchToRoute(Object(Illuminate\\Http\\Request))
#54 R:\\SoftwareFiles\\laragon\\www\\richminis\\vendor\\laravel\\framework\\src\\Illuminate\\Foundation\\Http\\Kernel.php(200): Illuminate\\Routing\\Router->dispatch(Object(Illuminate\\Http\\Request))
#55 R:\\SoftwareFiles\\laragon\\www\\richminis\\vendor\\laravel\\framework\\src\\Illuminate\\Pipeline\\Pipeline.php(144): Illuminate\\Foundation\\Http\\Kernel->Illuminate\\Foundation\\Http\\{closure}(Object(Illuminate\\Http\\Request))
#56 R:\\SoftwareFiles\\laragon\\www\\richminis\\vendor\\barryvdh\\laravel-debugbar\\src\\Middleware\\InjectDebugbar.php(59): Illuminate\\Pipeline\\Pipeline->Illuminate\\Pipeline\\{closure}(Object(Illuminate\\Http\\Request))
#57 R:\\SoftwareFiles\\laragon\\www\\richminis\\vendor\\laravel\\framework\\src\\Illuminate\\Pipeline\\Pipeline.php(183): Barryvdh\\Debugbar\\Middleware\\InjectDebugbar->handle(Object(Illuminate\\Http\\Request), Object(Closure))
#58 R:\\SoftwareFiles\\laragon\\www\\richminis\\vendor\\laravel\\framework\\src\\Illuminate\\View\\Middleware\\ShareErrorsFromSession.php(49): Illuminate\\Pipeline\\Pipeline->Illuminate\\Pipeline\\{closure}(Object(Illuminate\\Http\\Request))
#59 R:\\SoftwareFiles\\laragon\\www\\richminis\\vendor\\laravel\\framework\\src\\Illuminate\\Pipeline\\Pipeline.php(183): Illuminate\\View\\Middleware\\ShareErrorsFromSession->handle(Object(Illuminate\\Http\\Request), Object(Closure))
#60 R:\\SoftwareFiles\\laragon\\www\\richminis\\vendor\\laravel\\framework\\src\\Illuminate\\Session\\Middleware\\StartSession.php(121): Illuminate\\Pipeline\\Pipeline->Illuminate\\Pipeline\\{closure}(Object(Illuminate\\Http\\Request))
#61 R:\\SoftwareFiles\\laragon\\www\\richminis\\vendor\\laravel\\framework\\src\\Illuminate\\Session\\Middleware\\StartSession.php(64): Illuminate\\Session\\Middleware\\StartSession->handleStatefulRequest(Object(Illuminate\\Http\\Request), Object(Illuminate\\Session\\Store), Object(Closure))
#62 R:\\SoftwareFiles\\laragon\\www\\richminis\\vendor\\laravel\\framework\\src\\Illuminate\\Pipeline\\Pipeline.php(183): Illuminate\\Session\\Middleware\\StartSession->handle(Object(Illuminate\\Http\\Request), Object(Closure))
#63 R:\\SoftwareFiles\\laragon\\www\\richminis\\vendor\\laravel\\framework\\src\\Illuminate\\Http\\Middleware\\TrustProxies.php(39): Illuminate\\Pipeline\\Pipeline->Illuminate\\Pipeline\\{closure}(Object(Illuminate\\Http\\Request))
#64 R:\\SoftwareFiles\\laragon\\www\\richminis\\vendor\\laravel\\framework\\src\\Illuminate\\Pipeline\\Pipeline.php(183): Illuminate\\Http\\Middleware\\TrustProxies->handle(Object(Illuminate\\Http\\Request), Object(Closure))
#65 R:\\SoftwareFiles\\laragon\\www\\richminis\\vendor\\laravel\\framework\\src\\Illuminate\\Foundation\\Http\\Middleware\\TransformsRequest.php(21): Illuminate\\Pipeline\\Pipeline->Illuminate\\Pipeline\\{closure}(Object(Illuminate\\Http\\Request))
#66 R:\\SoftwareFiles\\laragon\\www\\richminis\\vendor\\laravel\\framework\\src\\Illuminate\\Foundation\\Http\\Middleware\\ConvertEmptyStringsToNull.php(31): Illuminate\\Foundation\\Http\\Middleware\\TransformsRequest->handle(Object(Illuminate\\Http\\Request), Object(Closure))
#67 R:\\SoftwareFiles\\laragon\\www\\richminis\\vendor\\laravel\\framework\\src\\Illuminate\\Pipeline\\Pipeline.php(183): Illuminate\\Foundation\\Http\\Middleware\\ConvertEmptyStringsToNull->handle(Object(Illuminate\\Http\\Request), Object(Closure))
#68 R:\\SoftwareFiles\\laragon\\www\\richminis\\vendor\\laravel\\framework\\src\\Illuminate\\Foundation\\Http\\Middleware\\TransformsRequest.php(21): Illuminate\\Pipeline\\Pipeline->Illuminate\\Pipeline\\{closure}(Object(Illuminate\\Http\\Request))
#69 R:\\SoftwareFiles\\laragon\\www\\richminis\\vendor\\laravel\\framework\\src\\Illuminate\\Foundation\\Http\\Middleware\\TrimStrings.php(40): Illuminate\\Foundation\\Http\\Middleware\\TransformsRequest->handle(Object(Illuminate\\Http\\Request), Object(Closure))
#70 R:\\SoftwareFiles\\laragon\\www\\richminis\\vendor\\laravel\\framework\\src\\Illuminate\\Pipeline\\Pipeline.php(183): Illuminate\\Foundation\\Http\\Middleware\\TrimStrings->handle(Object(Illuminate\\Http\\Request), Object(Closure))
#71 R:\\SoftwareFiles\\laragon\\www\\richminis\\vendor\\laravel\\framework\\src\\Illuminate\\Foundation\\Http\\Middleware\\ValidatePostSize.php(27): Illuminate\\Pipeline\\Pipeline->Illuminate\\Pipeline\\{closure}(Object(Illuminate\\Http\\Request))
#72 R:\\SoftwareFiles\\laragon\\www\\richminis\\vendor\\laravel\\framework\\src\\Illuminate\\Pipeline\\Pipeline.php(183): Illuminate\\Foundation\\Http\\Middleware\\ValidatePostSize->handle(Object(Illuminate\\Http\\Request), Object(Closure))
#73 R:\\SoftwareFiles\\laragon\\www\\richminis\\vendor\\laravel\\framework\\src\\Illuminate\\Pipeline\\Pipeline.php(119): Illuminate\\Pipeline\\Pipeline->Illuminate\\Pipeline\\{closure}(Object(Illuminate\\Http\\Request))
#74 R:\\SoftwareFiles\\laragon\\www\\richminis\\vendor\\laravel\\framework\\src\\Illuminate\\Foundation\\Http\\Kernel.php(175): Illuminate\\Pipeline\\Pipeline->then(Object(Closure))
#75 R:\\SoftwareFiles\\laragon\\www\\richminis\\vendor\\laravel\\framework\\src\\Illuminate\\Foundation\\Http\\Kernel.php(144): Illuminate\\Foundation\\Http\\Kernel->sendRequestThroughRouter(Object(Illuminate\\Http\\Request))
#76 R:\\SoftwareFiles\\laragon\\www\\richminis\\index.php(56): Illuminate\\Foundation\\Http\\Kernel->handle(Object(Illuminate\\Http\\Request))
#77 {main}

[previous exception] [object] (Illuminate\\Database\\QueryException(code: 1049): SQLSTATE[HY000] [1049] Unknown database 'richhminis' (Connection: mysql, SQL: select * from `languages` where `code` = en limit 1) at R:\\SoftwareFiles\\laragon\\www\\richminis\\vendor\\laravel\\framework\\src\\Illuminate\\Database\\Connection.php:829)
[stacktrace]
#0 R:\\SoftwareFiles\\laragon\\www\\richminis\\vendor\\laravel\\framework\\src\\Illuminate\\Database\\Connection.php(783): Illuminate\\Database\\Connection->runQueryCallback('select * from `...', Array, Object(Closure))
#1 R:\\SoftwareFiles\\laragon\\www\\richminis\\vendor\\laravel\\framework\\src\\Illuminate\\Database\\Connection.php(414): Illuminate\\Database\\Connection->run('select * from `...', Array, Object(Closure))
#2 R:\\SoftwareFiles\\laragon\\www\\richminis\\vendor\\laravel\\framework\\src\\Illuminate\\Database\\Query\\Builder.php(2913): Illuminate\\Database\\Connection->select('select * from `...', Array, true)
#3 R:\\SoftwareFiles\\laragon\\www\\richminis\\vendor\\laravel\\framework\\src\\Illuminate\\Database\\Query\\Builder.php(2902): Illuminate\\Database\\Query\\Builder->runSelect()
#4 R:\\SoftwareFiles\\laragon\\www\\richminis\\vendor\\laravel\\framework\\src\\Illuminate\\Database\\Query\\Builder.php(3456): Illuminate\\Database\\Query\\Builder->Illuminate\\Database\\Query\\{closure}()
#5 R:\\SoftwareFiles\\laragon\\www\\richminis\\vendor\\laravel\\framework\\src\\Illuminate\\Database\\Query\\Builder.php(2901): Illuminate\\Database\\Query\\Builder->onceWithColumns(Array, Object(Closure))
#6 R:\\SoftwareFiles\\laragon\\www\\richminis\\vendor\\laravel\\framework\\src\\Illuminate\\Database\\Eloquent\\Builder.php(739): Illuminate\\Database\\Query\\Builder->get(Array)
#7 R:\\SoftwareFiles\\laragon\\www\\richminis\\vendor\\laravel\\framework\\src\\Illuminate\\Database\\Eloquent\\Builder.php(723): Illuminate\\Database\\Eloquent\\Builder->getModels(Array)
#8 R:\\SoftwareFiles\\laragon\\www\\richminis\\vendor\\laravel\\framework\\src\\Illuminate\\Database\\Concerns\\BuildsQueries.php(333): Illuminate\\Database\\Eloquent\\Builder->get(Array)
#9 R:\\SoftwareFiles\\laragon\\www\\richminis\\app\\Http\\Helpers.php(1910): Illuminate\\Database\\Eloquent\\Builder->first()
#10 R:\\SoftwareFiles\\laragon\\www\\richminis\\storage\\framework\\views\\01bb5cc1e16cb980c446b7fd8dc941ab.php(4): get_session_language()
#11 R:\\SoftwareFiles\\laragon\\www\\richminis\\vendor\\laravel\\framework\\src\\Illuminate\\Filesystem\\Filesystem.php(123): require('R:\\\\SoftwareFile...')
#12 R:\\SoftwareFiles\\laragon\\www\\richminis\\vendor\\laravel\\framework\\src\\Illuminate\\Filesystem\\Filesystem.php(124): Illuminate\\Filesystem\\Filesystem::Illuminate\\Filesystem\\{closure}()
#13 R:\\SoftwareFiles\\laragon\\www\\richminis\\vendor\\laravel\\framework\\src\\Illuminate\\View\\Engines\\PhpEngine.php(58): Illuminate\\Filesystem\\Filesystem->getRequire('R:\\\\SoftwareFile...', Array)
#14 R:\\SoftwareFiles\\laragon\\www\\richminis\\vendor\\laravel\\framework\\src\\Illuminate\\View\\Engines\\CompilerEngine.php(72): Illuminate\\View\\Engines\\PhpEngine->evaluatePath('R:\\\\SoftwareFile...', Array)
#15 R:\\SoftwareFiles\\laragon\\www\\richminis\\vendor\\laravel\\framework\\src\\Illuminate\\View\\View.php(207): Illuminate\\View\\Engines\\CompilerEngine->get('R:\\\\SoftwareFile...', Array)
#16 R:\\SoftwareFiles\\laragon\\www\\richminis\\vendor\\laravel\\framework\\src\\Illuminate\\View\\View.php(190): Illuminate\\View\\View->getContents()
#17 R:\\SoftwareFiles\\laragon\\www\\richminis\\vendor\\laravel\\framework\\src\\Illuminate\\View\\View.php(159): Illuminate\\View\\View->renderContents()
#18 R:\\SoftwareFiles\\laragon\\www\\richminis\\storage\\framework\\views\\fdd99c090a03634a98480b55657bbf97.php(34): Illuminate\\View\\View->render()
#19 R:\\SoftwareFiles\\laragon\\www\\richminis\\vendor\\laravel\\framework\\src\\Illuminate\\Filesystem\\Filesystem.php(123): require('R:\\\\SoftwareFile...')
#20 R:\\SoftwareFiles\\laragon\\www\\richminis\\vendor\\laravel\\framework\\src\\Illuminate\\Filesystem\\Filesystem.php(124): Illuminate\\Filesystem\\Filesystem::Illuminate\\Filesystem\\{closure}()
#21 R:\\SoftwareFiles\\laragon\\www\\richminis\\vendor\\laravel\\framework\\src\\Illuminate\\View\\Engines\\PhpEngine.php(58): Illuminate\\Filesystem\\Filesystem->getRequire('R:\\\\SoftwareFile...', Array)
#22 R:\\SoftwareFiles\\laragon\\www\\richminis\\vendor\\laravel\\framework\\src\\Illuminate\\View\\Engines\\CompilerEngine.php(72): Illuminate\\View\\Engines\\PhpEngine->evaluatePath('R:\\\\SoftwareFile...', Array)
#23 R:\\SoftwareFiles\\laragon\\www\\richminis\\vendor\\laravel\\framework\\src\\Illuminate\\View\\View.php(207): Illuminate\\View\\Engines\\CompilerEngine->get('R:\\\\SoftwareFile...', Array)
#24 R:\\SoftwareFiles\\laragon\\www\\richminis\\vendor\\laravel\\framework\\src\\Illuminate\\View\\View.php(190): Illuminate\\View\\View->getContents()
#25 R:\\SoftwareFiles\\laragon\\www\\richminis\\vendor\\laravel\\framework\\src\\Illuminate\\View\\View.php(159): Illuminate\\View\\View->renderContents()
#26 R:\\SoftwareFiles\\laragon\\www\\richminis\\vendor\\laravel\\framework\\src\\Illuminate\\Http\\Response.php(69): Illuminate\\View\\View->render()
#27 R:\\SoftwareFiles\\laragon\\www\\richminis\\vendor\\laravel\\framework\\src\\Illuminate\\Http\\Response.php(35): Illuminate\\Http\\Response->setContent(Object(Illuminate\\View\\View))
#28 R:\\SoftwareFiles\\laragon\\www\\richminis\\vendor\\laravel\\framework\\src\\Illuminate\\Routing\\ResponseFactory.php(58): Illuminate\\Http\\Response->__construct(Object(Illuminate\\View\\View), 500, Array)
#29 R:\\SoftwareFiles\\laragon\\www\\richminis\\vendor\\laravel\\framework\\src\\Illuminate\\Routing\\ResponseFactory.php(88): Illuminate\\Routing\\ResponseFactory->make(Object(Illuminate\\View\\View), 500, Array)
#30 R:\\SoftwareFiles\\laragon\\www\\richminis\\vendor\\laravel\\framework\\src\\Illuminate\\Foundation\\Exceptions\\Handler.php(723): Illuminate\\Routing\\ResponseFactory->view('errors::500', Array, 500, Array)
#31 R:\\SoftwareFiles\\laragon\\www\\richminis\\vendor\\laravel\\framework\\src\\Illuminate\\Foundation\\Exceptions\\Handler.php(650): Illuminate\\Foundation\\Exceptions\\Handler->renderHttpException(Object(Symfony\\Component\\HttpKernel\\Exception\\HttpException))
#32 R:\\SoftwareFiles\\laragon\\www\\richminis\\vendor\\laravel\\framework\\src\\Illuminate\\Foundation\\Exceptions\\Handler.php(556): Illuminate\\Foundation\\Exceptions\\Handler->prepareResponse(Object(Illuminate\\Http\\Request), Object(Symfony\\Component\\HttpKernel\\Exception\\HttpException))
#33 R:\\SoftwareFiles\\laragon\\www\\richminis\\vendor\\laravel\\framework\\src\\Illuminate\\Foundation\\Exceptions\\Handler.php(473): Illuminate\\Foundation\\Exceptions\\Handler->renderExceptionResponse(Object(Illuminate\\Http\\Request), Object(Illuminate\\Database\\QueryException))
#34 R:\\SoftwareFiles\\laragon\\www\\richminis\\app\\Exceptions\\Handler.php(59): Illuminate\\Foundation\\Exceptions\\Handler->render(Object(Illuminate\\Http\\Request), Object(Illuminate\\Database\\QueryException))
#35 R:\\SoftwareFiles\\laragon\\www\\richminis\\vendor\\laravel\\framework\\src\\Illuminate\\Routing\\Pipeline.php(51): App\\Exceptions\\Handler->render(Object(Illuminate\\Http\\Request), Object(Illuminate\\Database\\QueryException))
#36 R:\\SoftwareFiles\\laragon\\www\\richminis\\vendor\\laravel\\framework\\src\\Illuminate\\Pipeline\\Pipeline.php(146): Illuminate\\Routing\\Pipeline->handleException(Object(Illuminate\\Http\\Request), Object(Illuminate\\Database\\QueryException))
#37 R:\\SoftwareFiles\\laragon\\www\\richminis\\app\\Http\\Middleware\\CheckForMaintenanceMode.php(64): Illuminate\\Pipeline\\Pipeline->Illuminate\\Pipeline\\{closure}(Object(Illuminate\\Http\\Request))
#38 R:\\SoftwareFiles\\laragon\\www\\richminis\\vendor\\laravel\\framework\\src\\Illuminate\\Pipeline\\Pipeline.php(183): App\\Http\\Middleware\\CheckForMaintenanceMode->handle(Object(Illuminate\\Http\\Request), Object(Closure))
#39 R:\\SoftwareFiles\\laragon\\www\\richminis\\app\\Http\\Middleware\\HttpsProtocol.php(20): Illuminate\\Pipeline\\Pipeline->Illuminate\\Pipeline\\{closure}(Object(Illuminate\\Http\\Request))
#40 R:\\SoftwareFiles\\laragon\\www\\richminis\\vendor\\laravel\\framework\\src\\Illuminate\\Pipeline\\Pipeline.php(183): App\\Http\\Middleware\\HttpsProtocol->handle(Object(Illuminate\\Http\\Request), Object(Closure))
#41 R:\\SoftwareFiles\\laragon\\www\\richminis\\app\\Http\\Middleware\\Language.php(35): Illuminate\\Pipeline\\Pipeline->Illuminate\\Pipeline\\{closure}(Object(Illuminate\\Http\\Request))
#42 R:\\SoftwareFiles\\laragon\\www\\richminis\\vendor\\laravel\\framework\\src\\Illuminate\\Pipeline\\Pipeline.php(183): App\\Http\\Middleware\\Language->handle(Object(Illuminate\\Http\\Request), Object(Closure))
#43 R:\\SoftwareFiles\\laragon\\www\\richminis\\vendor\\laravel\\framework\\src\\Illuminate\\Routing\\Middleware\\SubstituteBindings.php(50): Illuminate\\Pipeline\\Pipeline->Illuminate\\Pipeline\\{closure}(Object(Illuminate\\Http\\Request))
#44 R:\\SoftwareFiles\\laragon\\www\\richminis\\vendor\\laravel\\framework\\src\\Illuminate\\Pipeline\\Pipeline.php(183): Illuminate\\Routing\\Middleware\\SubstituteBindings->handle(Object(Illuminate\\Http\\Request), Object(Closure))
#45 R:\\SoftwareFiles\\laragon\\www\\richminis\\vendor\\laravel\\framework\\src\\Illuminate\\Foundation\\Http\\Middleware\\VerifyCsrfToken.php(78): Illuminate\\Pipeline\\Pipeline->Illuminate\\Pipeline\\{closure}(Object(Illuminate\\Http\\Request))
#46 R:\\SoftwareFiles\\laragon\\www\\richminis\\vendor\\laravel\\framework\\src\\Illuminate\\Pipeline\\Pipeline.php(183): Illuminate\\Foundation\\Http\\Middleware\\VerifyCsrfToken->handle(Object(Illuminate\\Http\\Request), Object(Closure))
#47 R:\\SoftwareFiles\\laragon\\www\\richminis\\vendor\\laravel\\framework\\src\\Illuminate\\Cookie\\Middleware\\AddQueuedCookiesToResponse.php(37): Illuminate\\Pipeline\\Pipeline->Illuminate\\Pipeline\\{closure}(Object(Illuminate\\Http\\Request))
#48 R:\\SoftwareFiles\\laragon\\www\\richminis\\vendor\\laravel\\framework\\src\\Illuminate\\Pipeline\\Pipeline.php(183): Illuminate\\Cookie\\Middleware\\AddQueuedCookiesToResponse->handle(Object(Illuminate\\Http\\Request), Object(Closure))
#49 R:\\SoftwareFiles\\laragon\\www\\richminis\\vendor\\laravel\\framework\\src\\Illuminate\\Pipeline\\Pipeline.php(119): Illuminate\\Pipeline\\Pipeline->Illuminate\\Pipeline\\{closure}(Object(Illuminate\\Http\\Request))
#50 R:\\SoftwareFiles\\laragon\\www\\richminis\\vendor\\laravel\\framework\\src\\Illuminate\\Routing\\Router.php(805): Illuminate\\Pipeline\\Pipeline->then(Object(Closure))
#51 R:\\SoftwareFiles\\laragon\\www\\richminis\\vendor\\laravel\\framework\\src\\Illuminate\\Routing\\Router.php(784): Illuminate\\Routing\\Router->runRouteWithinStack(Object(Illuminate\\Routing\\Route), Object(Illuminate\\Http\\Request))
#52 R:\\SoftwareFiles\\laragon\\www\\richminis\\vendor\\laravel\\framework\\src\\Illuminate\\Routing\\Router.php(748): Illuminate\\Routing\\Router->runRoute(Object(Illuminate\\Http\\Request), Object(Illuminate\\Routing\\Route))
#53 R:\\SoftwareFiles\\laragon\\www\\richminis\\vendor\\laravel\\framework\\src\\Illuminate\\Routing\\Router.php(737): Illuminate\\Routing\\Router->dispatchToRoute(Object(Illuminate\\Http\\Request))
#54 R:\\SoftwareFiles\\laragon\\www\\richminis\\vendor\\laravel\\framework\\src\\Illuminate\\Foundation\\Http\\Kernel.php(200): Illuminate\\Routing\\Router->dispatch(Object(Illuminate\\Http\\Request))
#55 R:\\SoftwareFiles\\laragon\\www\\richminis\\vendor\\laravel\\framework\\src\\Illuminate\\Pipeline\\Pipeline.php(144): Illuminate\\Foundation\\Http\\Kernel->Illuminate\\Foundation\\Http\\{closure}(Object(Illuminate\\Http\\Request))
#56 R:\\SoftwareFiles\\laragon\\www\\richminis\\vendor\\barryvdh\\laravel-debugbar\\src\\Middleware\\InjectDebugbar.php(59): Illuminate\\Pipeline\\Pipeline->Illuminate\\Pipeline\\{closure}(Object(Illuminate\\Http\\Request))
#57 R:\\SoftwareFiles\\laragon\\www\\richminis\\vendor\\laravel\\framework\\src\\Illuminate\\Pipeline\\Pipeline.php(183): Barryvdh\\Debugbar\\Middleware\\InjectDebugbar->handle(Object(Illuminate\\Http\\Request), Object(Closure))
#58 R:\\SoftwareFiles\\laragon\\www\\richminis\\vendor\\laravel\\framework\\src\\Illuminate\\View\\Middleware\\ShareErrorsFromSession.php(49): Illuminate\\Pipeline\\Pipeline->Illuminate\\Pipeline\\{closure}(Object(Illuminate\\Http\\Request))
#59 R:\\SoftwareFiles\\laragon\\www\\richminis\\vendor\\laravel\\framework\\src\\Illuminate\\Pipeline\\Pipeline.php(183): Illuminate\\View\\Middleware\\ShareErrorsFromSession->handle(Object(Illuminate\\Http\\Request), Object(Closure))
#60 R:\\SoftwareFiles\\laragon\\www\\richminis\\vendor\\laravel\\framework\\src\\Illuminate\\Session\\Middleware\\StartSession.php(121): Illuminate\\Pipeline\\Pipeline->Illuminate\\Pipeline\\{closure}(Object(Illuminate\\Http\\Request))
#61 R:\\SoftwareFiles\\laragon\\www\\richminis\\vendor\\laravel\\framework\\src\\Illuminate\\Session\\Middleware\\StartSession.php(64): Illuminate\\Session\\Middleware\\StartSession->handleStatefulRequest(Object(Illuminate\\Http\\Request), Object(Illuminate\\Session\\Store), Object(Closure))
#62 R:\\SoftwareFiles\\laragon\\www\\richminis\\vendor\\laravel\\framework\\src\\Illuminate\\Pipeline\\Pipeline.php(183): Illuminate\\Session\\Middleware\\StartSession->handle(Object(Illuminate\\Http\\Request), Object(Closure))
#63 R:\\SoftwareFiles\\laragon\\www\\richminis\\vendor\\laravel\\framework\\src\\Illuminate\\Http\\Middleware\\TrustProxies.php(39): Illuminate\\Pipeline\\Pipeline->Illuminate\\Pipeline\\{closure}(Object(Illuminate\\Http\\Request))
#64 R:\\SoftwareFiles\\laragon\\www\\richminis\\vendor\\laravel\\framework\\src\\Illuminate\\Pipeline\\Pipeline.php(183): Illuminate\\Http\\Middleware\\TrustProxies->handle(Object(Illuminate\\Http\\Request), Object(Closure))
#65 R:\\SoftwareFiles\\laragon\\www\\richminis\\vendor\\laravel\\framework\\src\\Illuminate\\Foundation\\Http\\Middleware\\TransformsRequest.php(21): Illuminate\\Pipeline\\Pipeline->Illuminate\\Pipeline\\{closure}(Object(Illuminate\\Http\\Request))
#66 R:\\SoftwareFiles\\laragon\\www\\richminis\\vendor\\laravel\\framework\\src\\Illuminate\\Foundation\\Http\\Middleware\\ConvertEmptyStringsToNull.php(31): Illuminate\\Foundation\\Http\\Middleware\\TransformsRequest->handle(Object(Illuminate\\Http\\Request), Object(Closure))
#67 R:\\SoftwareFiles\\laragon\\www\\richminis\\vendor\\laravel\\framework\\src\\Illuminate\\Pipeline\\Pipeline.php(183): Illuminate\\Foundation\\Http\\Middleware\\ConvertEmptyStringsToNull->handle(Object(Illuminate\\Http\\Request), Object(Closure))
#68 R:\\SoftwareFiles\\laragon\\www\\richminis\\vendor\\laravel\\framework\\src\\Illuminate\\Foundation\\Http\\Middleware\\TransformsRequest.php(21): Illuminate\\Pipeline\\Pipeline->Illuminate\\Pipeline\\{closure}(Object(Illuminate\\Http\\Request))
#69 R:\\SoftwareFiles\\laragon\\www\\richminis\\vendor\\laravel\\framework\\src\\Illuminate\\Foundation\\Http\\Middleware\\TrimStrings.php(40): Illuminate\\Foundation\\Http\\Middleware\\TransformsRequest->handle(Object(Illuminate\\Http\\Request), Object(Closure))
#70 R:\\SoftwareFiles\\laragon\\www\\richminis\\vendor\\laravel\\framework\\src\\Illuminate\\Pipeline\\Pipeline.php(183): Illuminate\\Foundation\\Http\\Middleware\\TrimStrings->handle(Object(Illuminate\\Http\\Request), Object(Closure))
#71 R:\\SoftwareFiles\\laragon\\www\\richminis\\vendor\\laravel\\framework\\src\\Illuminate\\Foundation\\Http\\Middleware\\ValidatePostSize.php(27): Illuminate\\Pipeline\\Pipeline->Illuminate\\Pipeline\\{closure}(Object(Illuminate\\Http\\Request))
#72 R:\\SoftwareFiles\\laragon\\www\\richminis\\vendor\\laravel\\framework\\src\\Illuminate\\Pipeline\\Pipeline.php(183): Illuminate\\Foundation\\Http\\Middleware\\ValidatePostSize->handle(Object(Illuminate\\Http\\Request), Object(Closure))
#73 R:\\SoftwareFiles\\laragon\\www\\richminis\\vendor\\laravel\\framework\\src\\Illuminate\\Pipeline\\Pipeline.php(119): Illuminate\\Pipeline\\Pipeline->Illuminate\\Pipeline\\{closure}(Object(Illuminate\\Http\\Request))
#74 R:\\SoftwareFiles\\laragon\\www\\richminis\\vendor\\laravel\\framework\\src\\Illuminate\\Foundation\\Http\\Kernel.php(175): Illuminate\\Pipeline\\Pipeline->then(Object(Closure))
#75 R:\\SoftwareFiles\\laragon\\www\\richminis\\vendor\\laravel\\framework\\src\\Illuminate\\Foundation\\Http\\Kernel.php(144): Illuminate\\Foundation\\Http\\Kernel->sendRequestThroughRouter(Object(Illuminate\\Http\\Request))
#76 R:\\SoftwareFiles\\laragon\\www\\richminis\\index.php(56): Illuminate\\Foundation\\Http\\Kernel->handle(Object(Illuminate\\Http\\Request))
#77 {main}

[previous exception] [object] (PDOException(code: 1049): SQLSTATE[HY000] [1049] Unknown database 'richhminis' at R:\\SoftwareFiles\\laragon\\www\\richminis\\vendor\\laravel\\framework\\src\\Illuminate\\Database\\Connectors\\Connector.php:65)
[stacktrace]
#0 R:\\SoftwareFiles\\laragon\\www\\richminis\\vendor\\laravel\\framework\\src\\Illuminate\\Database\\Connectors\\Connector.php(65): PDO->__construct('mysql:host=loca...', 'test', Object(SensitiveParameterValue), Array)
#1 R:\\SoftwareFiles\\laragon\\www\\richminis\\vendor\\laravel\\framework\\src\\Illuminate\\Database\\Connectors\\Connector.php(44): Illuminate\\Database\\Connectors\\Connector->createPdoConnection('mysql:host=loca...', 'test', 'CEle8OWO', Array)
#2 R:\\SoftwareFiles\\laragon\\www\\richminis\\vendor\\laravel\\framework\\src\\Illuminate\\Database\\Connectors\\MySqlConnector.php(24): Illuminate\\Database\\Connectors\\Connector->createConnection('mysql:host=loca...', Array, Array)
#3 R:\\SoftwareFiles\\laragon\\www\\richminis\\vendor\\laravel\\framework\\src\\Illuminate\\Database\\Connectors\\ConnectionFactory.php(184): Illuminate\\Database\\Connectors\\MySqlConnector->connect(Array)
#4 [internal function]: Illuminate\\Database\\Connectors\\ConnectionFactory->Illuminate\\Database\\Connectors\\{closure}()
#5 R:\\SoftwareFiles\\laragon\\www\\richminis\\vendor\\laravel\\framework\\src\\Illuminate\\Database\\Connection.php(1339): call_user_func(Object(Closure))
#6 R:\\SoftwareFiles\\laragon\\www\\richminis\\vendor\\laravel\\framework\\src\\Illuminate\\Database\\Connection.php(1375): Illuminate\\Database\\Connection->getPdo()
#7 R:\\SoftwareFiles\\laragon\\www\\richminis\\vendor\\laravel\\framework\\src\\Illuminate\\Database\\Connection.php(528): Illuminate\\Database\\Connection->getReadPdo()
#8 R:\\SoftwareFiles\\laragon\\www\\richminis\\vendor\\laravel\\framework\\src\\Illuminate\\Database\\Connection.php(423): Illuminate\\Database\\Connection->getPdoForSelect(true)
#9 R:\\SoftwareFiles\\laragon\\www\\richminis\\vendor\\laravel\\framework\\src\\Illuminate\\Database\\Connection.php(816): Illuminate\\Database\\Connection->Illuminate\\Database\\{closure}('select * from `...', Array)
#10 R:\\SoftwareFiles\\laragon\\www\\richminis\\vendor\\laravel\\framework\\src\\Illuminate\\Database\\Connection.php(783): Illuminate\\Database\\Connection->runQueryCallback('select * from `...', Array, Object(Closure))
#11 R:\\SoftwareFiles\\laragon\\www\\richminis\\vendor\\laravel\\framework\\src\\Illuminate\\Database\\Connection.php(414): Illuminate\\Database\\Connection->run('select * from `...', Array, Object(Closure))
#12 R:\\SoftwareFiles\\laragon\\www\\richminis\\vendor\\laravel\\framework\\src\\Illuminate\\Database\\Query\\Builder.php(2913): Illuminate\\Database\\Connection->select('select * from `...', Array, true)
#13 R:\\SoftwareFiles\\laragon\\www\\richminis\\vendor\\laravel\\framework\\src\\Illuminate\\Database\\Query\\Builder.php(2902): Illuminate\\Database\\Query\\Builder->runSelect()
#14 R:\\SoftwareFiles\\laragon\\www\\richminis\\vendor\\laravel\\framework\\src\\Illuminate\\Database\\Query\\Builder.php(3456): Illuminate\\Database\\Query\\Builder->Illuminate\\Database\\Query\\{closure}()
#15 R:\\SoftwareFiles\\laragon\\www\\richminis\\vendor\\laravel\\framework\\src\\Illuminate\\Database\\Query\\Builder.php(2901): Illuminate\\Database\\Query\\Builder->onceWithColumns(Array, Object(Closure))
#16 R:\\SoftwareFiles\\laragon\\www\\richminis\\vendor\\laravel\\framework\\src\\Illuminate\\Database\\Eloquent\\Builder.php(739): Illuminate\\Database\\Query\\Builder->get(Array)
#17 R:\\SoftwareFiles\\laragon\\www\\richminis\\vendor\\laravel\\framework\\src\\Illuminate\\Database\\Eloquent\\Builder.php(723): Illuminate\\Database\\Eloquent\\Builder->getModels(Array)
#18 R:\\SoftwareFiles\\laragon\\www\\richminis\\vendor\\laravel\\framework\\src\\Illuminate\\Database\\Concerns\\BuildsQueries.php(333): Illuminate\\Database\\Eloquent\\Builder->get(Array)
#19 R:\\SoftwareFiles\\laragon\\www\\richminis\\app\\Http\\Helpers.php(1910): Illuminate\\Database\\Eloquent\\Builder->first()
#20 R:\\SoftwareFiles\\laragon\\www\\richminis\\storage\\framework\\views\\01bb5cc1e16cb980c446b7fd8dc941ab.php(4): get_session_language()
#21 R:\\SoftwareFiles\\laragon\\www\\richminis\\vendor\\laravel\\framework\\src\\Illuminate\\Filesystem\\Filesystem.php(123): require('R:\\\\SoftwareFile...')
#22 R:\\SoftwareFiles\\laragon\\www\\richminis\\vendor\\laravel\\framework\\src\\Illuminate\\Filesystem\\Filesystem.php(124): Illuminate\\Filesystem\\Filesystem::Illuminate\\Filesystem\\{closure}()
#23 R:\\SoftwareFiles\\laragon\\www\\richminis\\vendor\\laravel\\framework\\src\\Illuminate\\View\\Engines\\PhpEngine.php(58): Illuminate\\Filesystem\\Filesystem->getRequire('R:\\\\SoftwareFile...', Array)
#24 R:\\SoftwareFiles\\laragon\\www\\richminis\\vendor\\laravel\\framework\\src\\Illuminate\\View\\Engines\\CompilerEngine.php(72): Illuminate\\View\\Engines\\PhpEngine->evaluatePath('R:\\\\SoftwareFile...', Array)
#25 R:\\SoftwareFiles\\laragon\\www\\richminis\\vendor\\laravel\\framework\\src\\Illuminate\\View\\View.php(207): Illuminate\\View\\Engines\\CompilerEngine->get('R:\\\\SoftwareFile...', Array)
#26 R:\\SoftwareFiles\\laragon\\www\\richminis\\vendor\\laravel\\framework\\src\\Illuminate\\View\\View.php(190): Illuminate\\View\\View->getContents()
#27 R:\\SoftwareFiles\\laragon\\www\\richminis\\vendor\\laravel\\framework\\src\\Illuminate\\View\\View.php(159): Illuminate\\View\\View->renderContents()
#28 R:\\SoftwareFiles\\laragon\\www\\richminis\\storage\\framework\\views\\fdd99c090a03634a98480b55657bbf97.php(34): Illuminate\\View\\View->render()
#29 R:\\SoftwareFiles\\laragon\\www\\richminis\\vendor\\laravel\\framework\\src\\Illuminate\\Filesystem\\Filesystem.php(123): require('R:\\\\SoftwareFile...')
#30 R:\\SoftwareFiles\\laragon\\www\\richminis\\vendor\\laravel\\framework\\src\\Illuminate\\Filesystem\\Filesystem.php(124): Illuminate\\Filesystem\\Filesystem::Illuminate\\Filesystem\\{closure}()
#31 R:\\SoftwareFiles\\laragon\\www\\richminis\\vendor\\laravel\\framework\\src\\Illuminate\\View\\Engines\\PhpEngine.php(58): Illuminate\\Filesystem\\Filesystem->getRequire('R:\\\\SoftwareFile...', Array)
#32 R:\\SoftwareFiles\\laragon\\www\\richminis\\vendor\\laravel\\framework\\src\\Illuminate\\View\\Engines\\CompilerEngine.php(72): Illuminate\\View\\Engines\\PhpEngine->evaluatePath('R:\\\\SoftwareFile...', Array)
#33 R:\\SoftwareFiles\\laragon\\www\\richminis\\vendor\\laravel\\framework\\src\\Illuminate\\View\\View.php(207): Illuminate\\View\\Engines\\CompilerEngine->get('R:\\\\SoftwareFile...', Array)
#34 R:\\SoftwareFiles\\laragon\\www\\richminis\\vendor\\laravel\\framework\\src\\Illuminate\\View\\View.php(190): Illuminate\\View\\View->getContents()
#35 R:\\SoftwareFiles\\laragon\\www\\richminis\\vendor\\laravel\\framework\\src\\Illuminate\\View\\View.php(159): Illuminate\\View\\View->renderContents()
#36 R:\\SoftwareFiles\\laragon\\www\\richminis\\vendor\\laravel\\framework\\src\\Illuminate\\Http\\Response.php(69): Illuminate\\View\\View->render()
#37 R:\\SoftwareFiles\\laragon\\www\\richminis\\vendor\\laravel\\framework\\src\\Illuminate\\Http\\Response.php(35): Illuminate\\Http\\Response->setContent(Object(Illuminate\\View\\View))
#38 R:\\SoftwareFiles\\laragon\\www\\richminis\\vendor\\laravel\\framework\\src\\Illuminate\\Routing\\ResponseFactory.php(58): Illuminate\\Http\\Response->__construct(Object(Illuminate\\View\\View), 500, Array)
#39 R:\\SoftwareFiles\\laragon\\www\\richminis\\vendor\\laravel\\framework\\src\\Illuminate\\Routing\\ResponseFactory.php(88): Illuminate\\Routing\\ResponseFactory->make(Object(Illuminate\\View\\View), 500, Array)
#40 R:\\SoftwareFiles\\laragon\\www\\richminis\\vendor\\laravel\\framework\\src\\Illuminate\\Foundation\\Exceptions\\Handler.php(723): Illuminate\\Routing\\ResponseFactory->view('errors::500', Array, 500, Array)
#41 R:\\SoftwareFiles\\laragon\\www\\richminis\\vendor\\laravel\\framework\\src\\Illuminate\\Foundation\\Exceptions\\Handler.php(650): Illuminate\\Foundation\\Exceptions\\Handler->renderHttpException(Object(Symfony\\Component\\HttpKernel\\Exception\\HttpException))
#42 R:\\SoftwareFiles\\laragon\\www\\richminis\\vendor\\laravel\\framework\\src\\Illuminate\\Foundation\\Exceptions\\Handler.php(556): Illuminate\\Foundation\\Exceptions\\Handler->prepareResponse(Object(Illuminate\\Http\\Request), Object(Symfony\\Component\\HttpKernel\\Exception\\HttpException))
#43 R:\\SoftwareFiles\\laragon\\www\\richminis\\vendor\\laravel\\framework\\src\\Illuminate\\Foundation\\Exceptions\\Handler.php(473): Illuminate\\Foundation\\Exceptions\\Handler->renderExceptionResponse(Object(Illuminate\\Http\\Request), Object(Illuminate\\Database\\QueryException))
#44 R:\\SoftwareFiles\\laragon\\www\\richminis\\app\\Exceptions\\Handler.php(59): Illuminate\\Foundation\\Exceptions\\Handler->render(Object(Illuminate\\Http\\Request), Object(Illuminate\\Database\\QueryException))
#45 R:\\SoftwareFiles\\laragon\\www\\richminis\\vendor\\laravel\\framework\\src\\Illuminate\\Routing\\Pipeline.php(51): App\\Exceptions\\Handler->render(Object(Illuminate\\Http\\Request), Object(Illuminate\\Database\\QueryException))
#46 R:\\SoftwareFiles\\laragon\\www\\richminis\\vendor\\laravel\\framework\\src\\Illuminate\\Pipeline\\Pipeline.php(146): Illuminate\\Routing\\Pipeline->handleException(Object(Illuminate\\Http\\Request), Object(Illuminate\\Database\\QueryException))
#47 R:\\SoftwareFiles\\laragon\\www\\richminis\\app\\Http\\Middleware\\CheckForMaintenanceMode.php(64): Illuminate\\Pipeline\\Pipeline->Illuminate\\Pipeline\\{closure}(Object(Illuminate\\Http\\Request))
#48 R:\\SoftwareFiles\\laragon\\www\\richminis\\vendor\\laravel\\framework\\src\\Illuminate\\Pipeline\\Pipeline.php(183): App\\Http\\Middleware\\CheckForMaintenanceMode->handle(Object(Illuminate\\Http\\Request), Object(Closure))
#49 R:\\SoftwareFiles\\laragon\\www\\richminis\\app\\Http\\Middleware\\HttpsProtocol.php(20): Illuminate\\Pipeline\\Pipeline->Illuminate\\Pipeline\\{closure}(Object(Illuminate\\Http\\Request))
#50 R:\\SoftwareFiles\\laragon\\www\\richminis\\vendor\\laravel\\framework\\src\\Illuminate\\Pipeline\\Pipeline.php(183): App\\Http\\Middleware\\HttpsProtocol->handle(Object(Illuminate\\Http\\Request), Object(Closure))
#51 R:\\SoftwareFiles\\laragon\\www\\richminis\\app\\Http\\Middleware\\Language.php(35): Illuminate\\Pipeline\\Pipeline->Illuminate\\Pipeline\\{closure}(Object(Illuminate\\Http\\Request))
#52 R:\\SoftwareFiles\\laragon\\www\\richminis\\vendor\\laravel\\framework\\src\\Illuminate\\Pipeline\\Pipeline.php(183): App\\Http\\Middleware\\Language->handle(Object(Illuminate\\Http\\Request), Object(Closure))
#53 R:\\SoftwareFiles\\laragon\\www\\richminis\\vendor\\laravel\\framework\\src\\Illuminate\\Routing\\Middleware\\SubstituteBindings.php(50): Illuminate\\Pipeline\\Pipeline->Illuminate\\Pipeline\\{closure}(Object(Illuminate\\Http\\Request))
#54 R:\\SoftwareFiles\\laragon\\www\\richminis\\vendor\\laravel\\framework\\src\\Illuminate\\Pipeline\\Pipeline.php(183): Illuminate\\Routing\\Middleware\\SubstituteBindings->handle(Object(Illuminate\\Http\\Request), Object(Closure))
#55 R:\\SoftwareFiles\\laragon\\www\\richminis\\vendor\\laravel\\framework\\src\\Illuminate\\Foundation\\Http\\Middleware\\VerifyCsrfToken.php(78): Illuminate\\Pipeline\\Pipeline->Illuminate\\Pipeline\\{closure}(Object(Illuminate\\Http\\Request))
#56 R:\\SoftwareFiles\\laragon\\www\\richminis\\vendor\\laravel\\framework\\src\\Illuminate\\Pipeline\\Pipeline.php(183): Illuminate\\Foundation\\Http\\Middleware\\VerifyCsrfToken->handle(Object(Illuminate\\Http\\Request), Object(Closure))
#57 R:\\SoftwareFiles\\laragon\\www\\richminis\\vendor\\laravel\\framework\\src\\Illuminate\\Cookie\\Middleware\\AddQueuedCookiesToResponse.php(37): Illuminate\\Pipeline\\Pipeline->Illuminate\\Pipeline\\{closure}(Object(Illuminate\\Http\\Request))
#58 R:\\SoftwareFiles\\laragon\\www\\richminis\\vendor\\laravel\\framework\\src\\Illuminate\\Pipeline\\Pipeline.php(183): Illuminate\\Cookie\\Middleware\\AddQueuedCookiesToResponse->handle(Object(Illuminate\\Http\\Request), Object(Closure))
#59 R:\\SoftwareFiles\\laragon\\www\\richminis\\vendor\\laravel\\framework\\src\\Illuminate\\Pipeline\\Pipeline.php(119): Illuminate\\Pipeline\\Pipeline->Illuminate\\Pipeline\\{closure}(Object(Illuminate\\Http\\Request))
#60 R:\\SoftwareFiles\\laragon\\www\\richminis\\vendor\\laravel\\framework\\src\\Illuminate\\Routing\\Router.php(805): Illuminate\\Pipeline\\Pipeline->then(Object(Closure))
#61 R:\\SoftwareFiles\\laragon\\www\\richminis\\vendor\\laravel\\framework\\src\\Illuminate\\Routing\\Router.php(784): Illuminate\\Routing\\Router->runRouteWithinStack(Object(Illuminate\\Routing\\Route), Object(Illuminate\\Http\\Request))
#62 R:\\SoftwareFiles\\laragon\\www\\richminis\\vendor\\laravel\\framework\\src\\Illuminate\\Routing\\Router.php(748): Illuminate\\Routing\\Router->runRoute(Object(Illuminate\\Http\\Request), Object(Illuminate\\Routing\\Route))
#63 R:\\SoftwareFiles\\laragon\\www\\richminis\\vendor\\laravel\\framework\\src\\Illuminate\\Routing\\Router.php(737): Illuminate\\Routing\\Router->dispatchToRoute(Object(Illuminate\\Http\\Request))
#64 R:\\SoftwareFiles\\laragon\\www\\richminis\\vendor\\laravel\\framework\\src\\Illuminate\\Foundation\\Http\\Kernel.php(200): Illuminate\\Routing\\Router->dispatch(Object(Illuminate\\Http\\Request))
#65 R:\\SoftwareFiles\\laragon\\www\\richminis\\vendor\\laravel\\framework\\src\\Illuminate\\Pipeline\\Pipeline.php(144): Illuminate\\Foundation\\Http\\Kernel->Illuminate\\Foundation\\Http\\{closure}(Object(Illuminate\\Http\\Request))
#66 R:\\SoftwareFiles\\laragon\\www\\richminis\\vendor\\barryvdh\\laravel-debugbar\\src\\Middleware\\InjectDebugbar.php(59): Illuminate\\Pipeline\\Pipeline->Illuminate\\Pipeline\\{closure}(Object(Illuminate\\Http\\Request))
#67 R:\\SoftwareFiles\\laragon\\www\\richminis\\vendor\\laravel\\framework\\src\\Illuminate\\Pipeline\\Pipeline.php(183): Barryvdh\\Debugbar\\Middleware\\InjectDebugbar->handle(Object(Illuminate\\Http\\Request), Object(Closure))
#68 R:\\SoftwareFiles\\laragon\\www\\richminis\\vendor\\laravel\\framework\\src\\Illuminate\\View\\Middleware\\ShareErrorsFromSession.php(49): Illuminate\\Pipeline\\Pipeline->Illuminate\\Pipeline\\{closure}(Object(Illuminate\\Http\\Request))
#69 R:\\SoftwareFiles\\laragon\\www\\richminis\\vendor\\laravel\\framework\\src\\Illuminate\\Pipeline\\Pipeline.php(183): Illuminate\\View\\Middleware\\ShareErrorsFromSession->handle(Object(Illuminate\\Http\\Request), Object(Closure))
#70 R:\\SoftwareFiles\\laragon\\www\\richminis\\vendor\\laravel\\framework\\src\\Illuminate\\Session\\Middleware\\StartSession.php(121): Illuminate\\Pipeline\\Pipeline->Illuminate\\Pipeline\\{closure}(Object(Illuminate\\Http\\Request))
#71 R:\\SoftwareFiles\\laragon\\www\\richminis\\vendor\\laravel\\framework\\src\\Illuminate\\Session\\Middleware\\StartSession.php(64): Illuminate\\Session\\Middleware\\StartSession->handleStatefulRequest(Object(Illuminate\\Http\\Request), Object(Illuminate\\Session\\Store), Object(Closure))
#72 R:\\SoftwareFiles\\laragon\\www\\richminis\\vendor\\laravel\\framework\\src\\Illuminate\\Pipeline\\Pipeline.php(183): Illuminate\\Session\\Middleware\\StartSession->handle(Object(Illuminate\\Http\\Request), Object(Closure))
#73 R:\\SoftwareFiles\\laragon\\www\\richminis\\vendor\\laravel\\framework\\src\\Illuminate\\Http\\Middleware\\TrustProxies.php(39): Illuminate\\Pipeline\\Pipeline->Illuminate\\Pipeline\\{closure}(Object(Illuminate\\Http\\Request))
#74 R:\\SoftwareFiles\\laragon\\www\\richminis\\vendor\\laravel\\framework\\src\\Illuminate\\Pipeline\\Pipeline.php(183): Illuminate\\Http\\Middleware\\TrustProxies->handle(Object(Illuminate\\Http\\Request), Object(Closure))
#75 R:\\SoftwareFiles\\laragon\\www\\richminis\\vendor\\laravel\\framework\\src\\Illuminate\\Foundation\\Http\\Middleware\\TransformsRequest.php(21): Illuminate\\Pipeline\\Pipeline->Illuminate\\Pipeline\\{closure}(Object(Illuminate\\Http\\Request))
#76 R:\\SoftwareFiles\\laragon\\www\\richminis\\vendor\\laravel\\framework\\src\\Illuminate\\Foundation\\Http\\Middleware\\ConvertEmptyStringsToNull.php(31): Illuminate\\Foundation\\Http\\Middleware\\TransformsRequest->handle(Object(Illuminate\\Http\\Request), Object(Closure))
#77 R:\\SoftwareFiles\\laragon\\www\\richminis\\vendor\\laravel\\framework\\src\\Illuminate\\Pipeline\\Pipeline.php(183): Illuminate\\Foundation\\Http\\Middleware\\ConvertEmptyStringsToNull->handle(Object(Illuminate\\Http\\Request), Object(Closure))
#78 R:\\SoftwareFiles\\laragon\\www\\richminis\\vendor\\laravel\\framework\\src\\Illuminate\\Foundation\\Http\\Middleware\\TransformsRequest.php(21): Illuminate\\Pipeline\\Pipeline->Illuminate\\Pipeline\\{closure}(Object(Illuminate\\Http\\Request))
#79 R:\\SoftwareFiles\\laragon\\www\\richminis\\vendor\\laravel\\framework\\src\\Illuminate\\Foundation\\Http\\Middleware\\TrimStrings.php(40): Illuminate\\Foundation\\Http\\Middleware\\TransformsRequest->handle(Object(Illuminate\\Http\\Request), Object(Closure))
#80 R:\\SoftwareFiles\\laragon\\www\\richminis\\vendor\\laravel\\framework\\src\\Illuminate\\Pipeline\\Pipeline.php(183): Illuminate\\Foundation\\Http\\Middleware\\TrimStrings->handle(Object(Illuminate\\Http\\Request), Object(Closure))
#81 R:\\SoftwareFiles\\laragon\\www\\richminis\\vendor\\laravel\\framework\\src\\Illuminate\\Foundation\\Http\\Middleware\\ValidatePostSize.php(27): Illuminate\\Pipeline\\Pipeline->Illuminate\\Pipeline\\{closure}(Object(Illuminate\\Http\\Request))
#82 R:\\SoftwareFiles\\laragon\\www\\richminis\\vendor\\laravel\\framework\\src\\Illuminate\\Pipeline\\Pipeline.php(183): Illuminate\\Foundation\\Http\\Middleware\\ValidatePostSize->handle(Object(Illuminate\\Http\\Request), Object(Closure))
#83 R:\\SoftwareFiles\\laragon\\www\\richminis\\vendor\\laravel\\framework\\src\\Illuminate\\Pipeline\\Pipeline.php(119): Illuminate\\Pipeline\\Pipeline->Illuminate\\Pipeline\\{closure}(Object(Illuminate\\Http\\Request))
#84 R:\\SoftwareFiles\\laragon\\www\\richminis\\vendor\\laravel\\framework\\src\\Illuminate\\Foundation\\Http\\Kernel.php(175): Illuminate\\Pipeline\\Pipeline->then(Object(Closure))
#85 R:\\SoftwareFiles\\laragon\\www\\richminis\\vendor\\laravel\\framework\\src\\Illuminate\\Foundation\\Http\\Kernel.php(144): Illuminate\\Foundation\\Http\\Kernel->sendRequestThroughRouter(Object(Illuminate\\Http\\Request))
#86 R:\\SoftwareFiles\\laragon\\www\\richminis\\index.php(56): Illuminate\\Foundation\\Http\\Kernel->handle(Object(Illuminate\\Http\\Request))
#87 {main}
"} 
